Layer Name,Lambda Classification,Lambda Alignment,Accuracy Before,Accuracy After,Precision Before,Precision After,Recall Before,Recall After,F1 Before,F1 After,Legacy Accuracy Before,Legacy Accuracy After,Class count  Before,Class count After,TCAV Before (deer),TCAV After (deer),Avg Conf deer Before,Avg Conf deer After,TCAV Before (horse),TCAV After (horse),Avg Conf horse Before,Avg Conf horse After,TCAV Before (zebra),TCAV After (zebra),Avg Conf zebra Before,Avg Conf zebra After
features.5,1.0,0.0,0.996,0.995,0.996,0.996,0.995,0.993,0.996,0.994,0.996,0.995,409,409,0.901,0.888,0.942,0.996,0.964,0.967,0.959,0.997,0.248,0.408,0.991,0.999
features.5,0.9,0.1,0.996,0.995,0.996,0.996,0.995,0.994,0.996,0.995,0.996,0.995,409,409,0.901,0.908,0.942,0.978,0.964,0.982,0.959,0.975,0.248,0.585,0.991,0.995
features.5,0.8,0.2,0.996,0.993,0.996,0.992,0.995,0.991,0.996,0.992,0.996,0.993,409,409,0.901,0.885,0.942,0.966,0.964,0.975,0.959,0.981,0.248,0.544,0.991,0.993
features.5,0.7,0.3,0.996,0.994,0.996,0.994,0.995,0.992,0.996,0.993,0.996,0.994,409,409,0.901,0.849,0.942,0.954,0.964,0.981,0.959,0.97,0.248,0.549,0.991,0.991
features.5,0.6,0.4,0.996,0.988,0.996,0.984,0.995,0.986,0.996,0.985,0.996,0.988,409,409,0.901,0.818,0.942,0.942,0.964,0.97,0.959,0.967,0.248,0.525,0.991,0.99
features.5,0.5,0.5,0.996,0.989,0.996,0.986,0.995,0.987,0.996,0.987,0.996,0.989,409,409,0.901,0.803,0.942,0.94,0.964,0.964,0.959,0.939,0.248,0.743,0.991,0.985
features.5,0.4,0.6,0.996,0.989,0.996,0.986,0.995,0.987,0.996,0.987,0.996,0.989,409,409,0.901,0.768,0.942,0.924,0.964,0.936,0.959,0.934,0.248,0.452,0.991,0.984
features.5,0.3,0.7,0.996,0.983,0.996,0.981,0.995,0.977,0.996,0.979,0.996,0.983,409,409,0.901,0.777,0.942,0.895,0.964,0.933,0.959,0.909,0.248,0.655,0.991,0.977
features.5,0.2,0.8,0.996,0.976,0.996,0.968,0.995,0.973,0.996,0.97,0.996,0.976,409,409,0.901,0.808,0.942,0.84,0.964,0.937,0.959,0.861,0.248,0.738,0.991,0.969
features.5,0.1,0.9,0.996,0.953,0.996,0.945,0.995,0.943,0.996,0.944,0.996,0.953,409,409,0.901,0.834,0.942,0.673,0.964,0.921,0.959,0.719,0.248,0.862,0.991,0.913
features.5,0.0,1.0,0.996,0.444,0.996,0.262,0.995,0.342,0.996,0.284,0.996,0.444,409,409,0.901,0.605,0.942,0.397,0.964,0.312,0.959,0.0,0.248,0.051,0.991,0.42
features.7,1.0,0.0,0.996,0.996,0.996,0.995,0.995,0.996,0.996,0.995,0.996,0.996,409,409,0.95,0.776,0.942,0.994,0.846,0.745,0.959,0.998,0.348,0.228,0.991,0.999
features.7,0.9,0.1,0.996,0.993,0.996,0.992,0.995,0.991,0.996,0.992,0.996,0.993,409,409,0.95,0.969,0.942,0.979,0.846,0.982,0.959,0.993,0.348,0.781,0.991,0.995
features.7,0.8,0.2,0.996,0.992,0.996,0.99,0.995,0.99,0.996,0.99,0.996,0.992,409,409,0.95,0.955,0.942,0.979,0.846,0.973,0.959,0.988,0.348,0.71,0.991,0.995
features.7,0.7,0.3,0.996,0.987,0.996,0.986,0.995,0.982,0.996,0.984,0.996,0.987,409,409,0.95,0.966,0.942,0.972,0.846,0.97,0.959,0.988,0.348,0.741,0.991,0.993
features.7,0.6,0.4,0.996,0.99,0.996,0.989,0.995,0.988,0.996,0.989,0.996,0.99,409,409,0.95,0.881,0.942,0.948,0.846,0.985,0.959,0.985,0.348,0.751,0.991,0.993
features.7,0.5,0.5,0.996,0.987,0.996,0.985,0.995,0.984,0.996,0.984,0.996,0.987,409,409,0.95,0.911,0.942,0.946,0.846,0.991,0.959,0.982,0.348,0.827,0.991,0.992
features.7,0.4,0.6,0.996,0.976,0.996,0.978,0.995,0.965,0.996,0.971,0.996,0.976,409,409,0.95,0.956,0.942,0.91,0.846,0.992,0.959,0.97,0.348,0.853,0.991,0.988
features.7,0.3,0.7,0.996,0.98,0.996,0.973,0.995,0.98,0.996,0.976,0.996,0.98,409,409,0.95,0.95,0.942,0.925,0.846,0.983,0.959,0.936,0.348,0.841,0.991,0.984
features.7,0.2,0.8,0.996,0.978,0.996,0.97,0.995,0.978,0.996,0.974,0.996,0.978,409,409,0.95,0.851,0.942,0.866,0.846,0.972,0.959,0.944,0.348,0.694,0.991,0.976
features.7,0.1,0.9,0.996,0.954,0.996,0.944,0.995,0.953,0.996,0.948,0.996,0.954,409,409,0.95,0.899,0.942,0.786,0.846,0.913,0.959,0.858,0.348,0.719,0.991,0.948
features.7,0.0,1.0,0.996,0.492,0.996,0.164,0.995,0.333,0.996,0.22,0.996,0.492,409,409,0.95,0.888,0.942,0.0,0.846,0.187,0.959,0.0,0.348,0.167,0.991,0.603
features.10,1.0,0.0,0.996,0.998,0.996,0.997,0.995,0.997,0.996,0.997,0.996,0.998,409,409,0.905,0.791,0.942,0.994,0.713,0.749,0.959,1.0,0.198,0.132,0.991,0.998
features.10,0.9,0.1,0.996,0.992,0.996,0.987,0.995,0.994,0.996,0.991,0.996,0.992,409,409,0.905,0.68,0.942,0.982,0.713,0.826,0.959,0.993,0.198,0.553,0.991,0.996
features.10,0.8,0.2,0.996,0.994,0.996,0.993,0.995,0.994,0.996,0.993,0.996,0.994,409,409,0.905,0.754,0.942,0.983,0.713,0.8,0.959,0.991,0.198,0.456,0.991,0.992
features.10,0.7,0.3,0.996,0.99,0.996,0.988,0.995,0.989,0.996,0.988,0.996,0.99,409,409,0.905,0.686,0.942,0.973,0.713,0.872,0.959,0.989,0.198,0.364,0.991,0.993
features.10,0.6,0.4,0.996,0.988,0.996,0.984,0.995,0.988,0.996,0.986,0.996,0.988,409,409,0.905,0.472,0.942,0.975,0.713,0.763,0.959,0.989,0.198,0.314,0.991,0.993
features.10,0.5,0.5,0.996,0.989,0.996,0.988,0.995,0.986,0.996,0.987,0.996,0.989,409,409,0.905,0.812,0.942,0.956,0.713,0.83,0.959,0.988,0.198,0.464,0.991,0.992
features.10,0.4,0.6,0.996,0.98,0.996,0.972,0.995,0.982,0.996,0.976,0.996,0.98,409,409,0.905,0.77,0.942,0.957,0.713,0.761,0.959,0.972,0.198,0.599,0.991,0.99
features.10,0.3,0.7,0.996,0.978,0.996,0.974,0.995,0.974,0.996,0.974,0.996,0.978,409,409,0.905,0.953,0.942,0.917,0.713,0.713,0.959,0.957,0.198,0.649,0.991,0.989
features.10,0.2,0.8,0.996,0.981,0.996,0.977,0.995,0.977,0.996,0.977,0.996,0.981,409,409,0.905,0.852,0.942,0.908,0.713,0.873,0.959,0.955,0.198,0.911,0.991,0.982
features.10,0.1,0.9,0.996,0.966,0.996,0.96,0.995,0.958,0.996,0.959,0.996,0.966,409,409,0.905,0.621,0.942,0.898,0.713,0.721,0.959,0.95,0.198,0.971,0.991,0.981
features.10,0.0,1.0,0.996,0.492,0.996,0.164,0.995,0.333,0.996,0.22,0.996,0.492,409,409,0.905,0.496,0.942,0.0,0.713,0.788,0.959,0.0,0.198,0.13,0.991,0.774
features.12,1.0,0.0,0.996,0.998,0.996,0.997,0.995,0.997,0.996,0.997,0.996,0.998,409,409,0.892,0.703,0.942,0.99,0.56,0.77,0.959,0.991,0.262,0.323,0.991,0.996
features.12,0.9,0.1,0.996,0.995,0.996,0.993,0.995,0.996,0.996,0.994,0.996,0.995,409,409,0.892,0.94,0.942,0.989,0.56,0.803,0.959,0.993,0.262,0.234,0.991,0.998
features.12,0.8,0.2,0.996,0.984,0.996,0.978,0.995,0.988,0.996,0.982,0.996,0.984,409,409,0.892,0.935,0.942,0.984,0.56,0.816,0.959,0.991,0.262,0.383,0.991,0.993
features.12,0.7,0.3,0.996,0.99,0.996,0.986,0.995,0.991,0.996,0.988,0.996,0.99,409,409,0.892,0.946,0.942,0.985,0.56,0.83,0.959,0.991,0.262,0.429,0.991,0.993
features.12,0.6,0.4,0.996,0.989,0.996,0.985,0.995,0.991,0.996,0.987,0.996,0.989,409,409,0.892,0.938,0.942,0.976,0.56,0.753,0.959,0.985,0.262,0.381,0.991,0.996
features.12,0.5,0.5,0.996,0.981,0.996,0.973,0.995,0.984,0.996,0.978,0.996,0.981,409,409,0.892,0.945,0.942,0.952,0.56,0.706,0.959,0.989,0.262,0.303,0.991,0.98
features.12,0.4,0.6,0.996,0.984,0.996,0.98,0.995,0.983,0.996,0.981,0.996,0.984,409,409,0.892,0.841,0.942,0.966,0.56,0.717,0.959,0.979,0.262,0.449,0.991,0.99
features.12,0.3,0.7,0.996,0.988,0.996,0.984,0.995,0.988,0.996,0.986,0.996,0.988,409,409,0.892,0.919,0.942,0.962,0.56,0.754,0.959,0.972,0.262,0.509,0.991,0.987
features.12,0.2,0.8,0.996,0.97,0.996,0.971,0.995,0.953,0.996,0.96,0.996,0.97,409,409,0.892,0.838,0.942,0.902,0.56,0.879,0.959,0.964,0.262,0.292,0.991,0.985
features.12,0.1,0.9,0.996,0.976,0.996,0.968,0.995,0.975,0.996,0.971,0.996,0.976,409,409,0.892,0.54,0.942,0.919,0.56,0.675,0.959,0.964,0.262,0.248,0.991,0.982
features.12,0.0,1.0,0.996,0.474,0.996,0.265,0.995,0.377,0.996,0.311,0.996,0.474,409,409,0.892,0.368,0.942,0.492,0.56,0.697,0.959,0.0,0.262,0.464,0.991,0.512
features.14,1.0,0.0,0.996,0.998,0.996,0.996,0.995,0.997,0.996,0.997,0.996,0.998,409,409,0.893,0.791,0.942,0.992,0.869,0.886,0.959,0.999,0.194,0.2,0.991,0.999
features.14,0.9,0.1,0.996,0.996,0.996,0.995,0.995,0.996,0.996,0.996,0.996,0.996,409,409,0.893,0.915,0.942,0.989,0.869,0.849,0.959,0.994,0.194,0.076,0.991,0.998
features.14,0.8,0.2,0.996,0.982,0.996,0.975,0.995,0.983,0.996,0.978,0.996,0.982,409,409,0.893,0.605,0.942,0.986,0.869,0.993,0.959,0.984,0.194,0.203,0.991,0.992
features.14,0.7,0.3,0.996,0.995,0.996,0.995,0.995,0.994,0.996,0.995,0.996,0.995,409,409,0.893,0.935,0.942,0.984,0.869,0.89,0.959,0.994,0.194,0.792,0.991,0.996
features.14,0.6,0.4,0.996,0.99,0.996,0.991,0.995,0.985,0.996,0.988,0.996,0.99,409,409,0.893,0.803,0.942,0.982,0.869,0.767,0.959,0.996,0.194,0.318,0.991,0.997
features.14,0.5,0.5,0.996,0.983,0.996,0.987,0.995,0.975,0.996,0.981,0.996,0.983,409,409,0.893,0.922,0.942,0.988,0.869,0.717,0.959,0.99,0.194,0.442,0.991,0.992
features.14,0.4,0.6,0.996,0.977,0.996,0.979,0.995,0.97,0.996,0.974,0.996,0.977,409,409,0.893,0.963,0.942,0.96,0.869,0.488,0.959,0.967,0.194,0.299,0.991,0.992
features.14,0.3,0.7,0.996,0.986,0.996,0.979,0.995,0.985,0.996,0.982,0.996,0.986,409,409,0.893,0.626,0.942,0.975,0.869,0.142,0.959,0.973,0.194,0.448,0.991,0.994
features.14,0.2,0.8,0.996,0.982,0.996,0.979,0.995,0.974,0.996,0.977,0.996,0.982,409,409,0.893,0.805,0.942,0.944,0.869,0.701,0.959,0.974,0.194,0.358,0.991,0.992
features.14,0.1,0.9,0.996,0.976,0.996,0.966,0.995,0.978,0.996,0.971,0.996,0.976,409,409,0.893,0.805,0.942,0.948,0.869,0.369,0.959,0.972,0.194,0.393,0.991,0.991
features.14,0.0,1.0,0.996,0.492,0.996,0.164,0.995,0.333,0.996,0.22,0.996,0.492,409,409,0.893,0.969,0.942,0.0,0.869,0.522,0.959,0.0,0.194,0.006,0.991,0.929
features.17,1.0,0.0,0.996,0.996,0.996,0.995,0.995,0.995,0.996,0.995,0.996,0.996,409,409,0.866,0.865,0.942,0.995,0.814,0.946,0.959,0.995,0.342,0.328,0.991,1.0
features.17,0.9,0.1,0.996,0.993,0.996,0.989,0.995,0.993,0.996,0.991,0.996,0.993,409,409,0.866,0.969,0.942,0.986,0.814,0.855,0.959,0.992,0.342,0.923,0.991,0.999
features.17,0.8,0.2,0.996,0.988,0.996,0.983,0.995,0.989,0.996,0.986,0.996,0.988,409,409,0.866,0.839,0.942,0.98,0.814,0.798,0.959,0.989,0.342,0.166,0.991,0.998
features.17,0.7,0.3,0.996,0.998,0.996,0.997,0.995,0.997,0.996,0.997,0.996,0.998,409,409,0.866,0.915,0.942,0.974,0.814,0.734,0.959,0.993,0.342,0.803,0.991,0.997
features.17,0.6,0.4,0.996,0.992,0.996,0.989,0.995,0.991,0.996,0.99,0.996,0.992,409,409,0.866,0.928,0.942,0.982,0.814,0.782,0.959,0.997,0.342,0.816,0.991,0.996
features.17,0.5,0.5,0.996,0.988,0.996,0.982,0.995,0.989,0.996,0.985,0.996,0.988,409,409,0.866,0.891,0.942,0.987,0.814,0.363,0.959,0.991,0.342,0.836,0.991,0.995
features.17,0.4,0.6,0.996,0.964,0.996,0.952,0.995,0.971,0.996,0.959,0.996,0.964,409,409,0.866,0.169,0.942,0.946,0.814,0.52,0.959,0.949,0.342,0.688,0.991,0.99
features.17,0.3,0.7,0.996,0.989,0.996,0.987,0.995,0.988,0.996,0.988,0.996,0.989,409,409,0.866,0.886,0.942,0.956,0.814,0.425,0.959,0.982,0.342,0.691,0.991,0.994
features.17,0.2,0.8,0.996,0.984,0.996,0.978,0.995,0.985,0.996,0.982,0.996,0.984,409,409,0.866,0.926,0.942,0.949,0.814,0.627,0.959,0.989,0.342,0.369,0.991,0.987
features.17,0.1,0.9,0.996,0.987,0.996,0.98,0.995,0.988,0.996,0.984,0.996,0.987,409,409,0.866,0.459,0.942,0.956,0.814,0.299,0.959,0.977,0.342,0.326,0.991,0.983
features.17,0.0,1.0,0.996,0.492,0.996,0.164,0.995,0.333,0.996,0.22,0.996,0.492,409,409,0.866,0.807,0.942,0.0,0.814,0.642,0.959,0.0,0.342,0.414,0.991,0.741
features.19,1.0,0.0,0.996,0.998,0.996,0.996,0.995,0.998,0.996,0.997,0.996,0.998,409,409,0.99,0.987,0.942,0.994,0.937,0.963,0.959,1.0,0.947,0.966,0.991,0.999
features.19,0.9,0.1,0.996,0.993,0.996,0.992,0.995,0.991,0.996,0.992,0.996,0.993,409,409,0.99,0.99,0.942,0.983,0.937,0.999,0.959,0.992,0.947,0.973,0.991,0.996
features.19,0.8,0.2,0.996,0.993,0.996,0.99,0.995,0.991,0.996,0.991,0.996,0.993,409,409,0.99,0.963,0.942,0.991,0.937,0.976,0.959,0.995,0.947,0.797,0.991,0.998
features.19,0.7,0.3,0.996,0.994,0.996,0.991,0.995,0.995,0.996,0.993,0.996,0.994,409,409,0.99,0.881,0.942,0.981,0.937,1.0,0.959,0.994,0.947,0.397,0.991,0.996
features.19,0.6,0.4,0.996,0.995,0.996,0.995,0.995,0.995,0.996,0.995,0.996,0.995,409,409,0.99,0.811,0.942,0.978,0.937,0.988,0.959,0.99,0.947,0.776,0.991,0.995
features.19,0.5,0.5,0.996,0.995,0.996,0.995,0.995,0.995,0.996,0.995,0.996,0.995,409,409,0.99,0.835,0.942,0.983,0.937,0.997,0.959,0.983,0.947,0.663,0.991,0.99
features.19,0.4,0.6,0.996,0.994,0.996,0.994,0.995,0.993,0.996,0.993,0.996,0.994,409,409,0.99,0.722,0.942,0.977,0.937,0.877,0.959,0.975,0.947,0.524,0.991,0.99
features.19,0.3,0.7,0.996,0.994,0.996,0.991,0.995,0.994,0.996,0.992,0.996,0.994,409,409,0.99,0.631,0.942,0.967,0.937,0.895,0.959,0.98,0.947,0.778,0.991,0.993
features.19,0.2,0.8,0.996,0.994,0.996,0.991,0.995,0.994,0.996,0.992,0.996,0.994,409,409,0.99,0.287,0.942,0.954,0.937,0.87,0.959,0.98,0.947,0.71,0.991,0.982
features.19,0.1,0.9,0.996,0.987,0.996,0.98,0.995,0.986,0.996,0.983,0.996,0.987,409,409,0.99,0.246,0.942,0.922,0.937,0.965,0.959,0.936,0.947,0.655,0.991,0.985
features.19,0.0,1.0,0.996,0.34,0.996,0.466,0.995,0.401,0.996,0.299,0.996,0.34,409,409,0.99,0.232,0.942,0.464,0.937,0.998,0.959,0.42,0.947,0.262,0.991,0.444
features.21,1.0,0.0,0.996,1.0,0.996,1.0,0.995,1.0,0.996,1.0,0.996,1.0,409,409,0.837,0.97,0.942,0.996,0.46,0.852,0.959,0.998,0.418,0.929,0.991,0.998
features.21,0.9,0.1,0.996,0.988,0.996,0.991,0.995,0.982,0.996,0.986,0.996,0.988,409,409,0.837,0.858,0.942,0.975,0.46,0.865,0.959,0.993,0.418,0.718,0.991,0.994
features.21,0.8,0.2,0.996,0.99,0.996,0.986,0.995,0.993,0.996,0.989,0.996,0.99,409,409,0.837,0.32,0.942,0.988,0.46,0.897,0.959,0.997,0.418,0.618,0.991,0.999
features.21,0.7,0.3,0.996,0.995,0.996,0.994,0.995,0.995,0.996,0.994,0.996,0.995,409,409,0.837,0.953,0.942,0.987,0.46,0.945,0.959,0.997,0.418,0.752,0.991,0.997
features.21,0.6,0.4,0.996,0.992,0.996,0.99,0.995,0.991,0.996,0.99,0.996,0.992,409,409,0.837,0.908,0.942,0.981,0.46,0.832,0.959,0.995,0.418,0.638,0.991,0.996
features.21,0.5,0.5,0.996,0.993,0.996,0.993,0.995,0.991,0.996,0.992,0.996,0.993,409,409,0.837,0.771,0.942,0.977,0.46,0.856,0.959,0.993,0.418,0.399,0.991,0.995
features.21,0.4,0.6,0.996,0.989,0.996,0.986,0.995,0.988,0.996,0.987,0.996,0.989,409,409,0.837,0.824,0.942,0.976,0.46,0.872,0.959,0.993,0.418,0.482,0.991,0.992
features.21,0.3,0.7,0.996,0.988,0.996,0.983,0.995,0.988,0.996,0.985,0.996,0.988,409,409,0.837,0.609,0.942,0.978,0.46,0.821,0.959,0.988,0.418,0.43,0.991,0.992
features.21,0.2,0.8,0.996,0.987,0.996,0.982,0.995,0.986,0.996,0.984,0.996,0.987,409,409,0.837,0.575,0.942,0.963,0.46,0.805,0.959,0.985,0.418,0.405,0.991,0.989
features.21,0.1,0.9,0.996,0.972,0.996,0.962,0.995,0.977,0.996,0.968,0.996,0.972,409,409,0.837,0.503,0.942,0.957,0.46,0.576,0.959,0.974,0.418,0.406,0.991,0.97
features.21,0.0,1.0,0.996,0.468,0.996,0.297,0.995,0.416,0.996,0.34,0.996,0.468,409,409,0.837,0.805,0.942,0.566,0.46,0.92,0.959,0.0,0.418,0.277,0.991,0.634
features.24,1.0,0.0,0.996,0.999,0.996,0.999,0.995,0.998,0.996,0.998,0.996,0.999,409,409,0.99,0.984,0.942,1.0,0.962,0.836,0.959,0.998,0.999,1.0,0.991,0.998
features.24,0.9,0.1,0.996,0.998,0.996,0.996,0.995,0.998,0.996,0.997,0.996,0.998,409,409,0.99,1.0,0.942,0.991,0.962,0.972,0.959,0.998,0.999,0.96,0.991,0.997
features.24,0.8,0.2,0.996,0.994,0.996,0.994,0.995,0.993,0.996,0.993,0.996,0.994,409,409,0.99,1.0,0.942,0.991,0.962,0.966,0.959,0.996,0.999,0.878,0.991,0.996
features.24,0.7,0.3,0.996,0.999,0.996,0.999,0.995,0.999,0.996,0.999,0.996,0.999,409,409,0.99,1.0,0.942,0.987,0.962,0.967,0.959,0.994,0.999,0.874,0.991,0.997
features.24,0.6,0.4,0.996,0.998,0.996,0.997,0.995,0.998,0.996,0.998,0.996,0.998,409,409,0.99,0.999,0.942,0.986,0.962,0.964,0.959,0.996,0.999,0.911,0.991,0.996
features.24,0.5,0.5,0.996,0.993,0.996,0.995,0.995,0.99,0.996,0.993,0.996,0.993,409,409,0.99,1.0,0.942,0.952,0.962,0.989,0.959,0.995,0.999,0.695,0.991,0.993
features.24,0.4,0.6,0.996,0.995,0.996,0.995,0.995,0.995,0.996,0.995,0.996,0.995,409,409,0.99,1.0,0.942,0.971,0.962,0.968,0.959,0.994,0.999,0.523,0.991,0.994
features.24,0.3,0.7,0.996,0.992,0.996,0.992,0.995,0.988,0.996,0.99,0.996,0.992,409,409,0.99,0.996,0.942,0.945,0.962,0.988,0.959,0.989,0.999,0.432,0.991,0.985
features.24,0.2,0.8,0.996,0.994,0.996,0.993,0.995,0.995,0.996,0.994,0.996,0.994,409,409,0.99,0.967,0.942,0.948,0.962,0.907,0.959,0.993,0.999,0.468,0.991,0.98
features.24,0.1,0.9,0.996,0.998,0.996,0.998,0.995,0.998,0.996,0.998,0.996,0.998,409,409,0.99,0.949,0.942,0.931,0.962,0.968,0.959,0.98,0.999,0.426,0.991,0.982
features.24,0.0,1.0,0.996,0.492,0.996,0.164,0.995,0.333,0.996,0.22,0.996,0.492,409,409,0.99,0.93,0.942,0.0,0.962,0.073,0.959,0.0,0.999,0.416,0.991,0.745
features.26,1.0,0.0,0.996,1.0,0.996,1.0,0.995,1.0,0.996,1.0,0.996,1.0,409,409,0.999,1.0,0.942,1.0,0.956,0.996,0.959,0.998,1.0,0.999,0.991,0.999
features.26,0.9,0.1,0.996,0.999,0.996,0.998,0.995,0.999,0.996,0.998,0.996,0.999,409,409,0.999,0.974,0.942,0.993,0.956,0.09,0.959,0.996,1.0,0.495,0.991,0.998
features.26,0.8,0.2,0.996,0.998,0.996,0.996,0.995,0.997,0.996,0.997,0.996,0.998,409,409,0.999,0.729,0.942,0.99,0.956,0.089,0.959,0.996,1.0,0.336,0.991,0.999
features.26,0.7,0.3,0.996,0.999,0.996,0.998,0.995,0.999,0.996,0.998,0.996,0.999,409,409,0.999,0.526,0.942,0.992,0.956,0.01,0.959,0.995,1.0,0.554,0.991,0.998
features.26,0.6,0.4,0.996,0.996,0.996,0.994,0.995,0.996,0.996,0.995,0.996,0.996,409,409,0.999,0.257,0.942,0.991,0.956,0.17,0.959,0.994,1.0,0.145,0.991,0.997
features.26,0.5,0.5,0.996,0.995,0.996,0.995,0.995,0.994,0.996,0.994,0.996,0.995,409,409,0.999,0.487,0.942,0.972,0.956,0.025,0.959,0.993,1.0,0.072,0.991,0.994
features.26,0.4,0.6,0.996,0.998,0.996,0.996,0.995,0.997,0.996,0.997,0.996,0.998,409,409,0.999,0.18,0.942,0.983,0.956,0.074,0.959,0.988,1.0,0.043,0.991,0.991
features.26,0.3,0.7,0.996,0.996,0.996,0.994,0.995,0.996,0.996,0.995,0.996,0.996,409,409,0.999,0.459,0.942,0.976,0.956,0.019,0.959,0.989,1.0,0.124,0.991,0.988
features.26,0.2,0.8,0.996,0.999,0.996,0.998,0.995,0.999,0.996,0.998,0.996,0.999,409,409,0.999,0.325,0.942,0.974,0.956,0.035,0.959,0.977,1.0,0.127,0.991,0.986
features.26,0.1,0.9,0.996,0.995,0.996,0.995,0.995,0.994,0.996,0.994,0.996,0.995,409,409,0.999,0.206,0.942,0.892,0.956,0.005,0.959,0.967,1.0,0.122,0.991,0.973
features.26,0.0,1.0,0.996,0.642,0.996,0.506,0.995,0.562,0.996,0.507,0.996,0.642,409,409,0.999,0.997,0.942,0.382,0.956,0.267,0.959,0.463,1.0,0.028,0.991,0.391
features.28,1.0,0.0,0.996,1.0,0.996,1.0,0.995,1.0,0.996,1.0,0.996,1.0,409,409,0.997,1.0,0.942,0.999,1.0,1.0,0.959,0.998,1.0,1.0,0.991,1.0
features.28,0.9,0.1,0.996,1.0,0.996,1.0,0.995,1.0,0.996,1.0,0.996,1.0,409,409,0.997,1.0,0.942,0.995,1.0,0.985,0.959,0.995,1.0,0.99,0.991,0.998
features.28,0.8,0.2,0.996,0.999,0.996,0.998,0.995,0.999,0.996,0.998,0.996,0.999,409,409,0.997,1.0,0.942,0.992,1.0,0.911,0.959,0.994,1.0,0.991,0.991,0.996
features.28,0.7,0.3,0.996,0.984,0.996,0.989,0.995,0.98,0.996,0.984,0.996,0.984,409,409,0.997,0.135,0.942,0.98,1.0,0.027,0.959,0.988,1.0,0.062,0.991,0.991
features.28,0.6,0.4,0.996,0.998,0.996,0.996,0.995,0.998,0.996,0.997,0.996,0.998,409,409,0.997,1.0,0.942,0.984,1.0,0.852,0.959,0.992,1.0,0.942,0.991,0.995
features.28,0.5,0.5,0.996,0.998,0.996,0.996,0.995,0.998,0.996,0.997,0.996,0.998,409,409,0.997,1.0,0.942,0.985,1.0,0.74,0.959,0.983,1.0,0.957,0.991,0.996
features.28,0.4,0.6,0.996,0.996,0.996,0.994,0.995,0.996,0.996,0.995,0.996,0.996,409,409,0.997,0.999,0.942,0.985,1.0,0.624,0.959,0.97,1.0,0.946,0.991,0.992
features.28,0.3,0.7,0.996,0.996,0.996,0.996,0.995,0.995,0.996,0.996,0.996,0.996,409,409,0.997,0.999,0.942,0.98,1.0,0.73,0.959,0.975,1.0,0.923,0.991,0.993
features.28,0.2,0.8,0.996,0.998,0.996,0.998,0.995,0.996,0.996,0.997,0.996,0.998,409,409,0.997,0.997,0.942,0.926,1.0,0.478,0.959,0.977,1.0,0.915,0.991,0.994
features.28,0.1,0.9,0.996,0.996,0.996,0.995,0.995,0.996,0.996,0.996,0.996,0.996,409,409,0.997,0.984,0.942,0.946,1.0,0.471,0.959,0.947,1.0,0.873,0.991,0.985
features.28,0.0,1.0,0.996,0.749,0.996,0.81,0.995,0.716,0.996,0.637,0.996,0.749,409,409,0.997,0.767,0.942,0.545,1.0,0.487,0.959,0.446,1.0,0.776,0.991,0.847
features.1.block.0.0,0.5,0.5,0.88,0.85,0.855,0.836,0.855,0.808,0.855,0.818,0.88,0.85,409,409,0.523,0.53,0.637,0.569,0.489,0.541,0.633,0.678,0.471,0.445,0.768,0.808
features.1.block.0.0,0.4,0.6,0.88,0.846,0.855,0.83,0.855,0.801,0.855,0.81,0.88,0.846,409,409,0.523,0.548,0.637,0.541,0.489,0.486,0.633,0.681,0.471,0.446,0.768,0.809
features.1.block.0.0,0.3,0.7,0.88,0.849,0.855,0.832,0.855,0.797,0.855,0.805,0.88,0.849,409,409,0.523,0.56,0.637,0.513,0.489,0.505,0.633,0.687,0.471,0.475,0.768,0.8
features.1.block.0.0,0.2,0.8,0.88,0.845,0.855,0.828,0.855,0.791,0.855,0.8,0.88,0.845,409,409,0.523,0.511,0.637,0.506,0.489,0.498,0.633,0.67,0.471,0.481,0.768,0.796
features.5.block.0.0,0.5,0.5,0.88,0.954,0.855,0.941,0.855,0.95,0.855,0.945,0.88,0.954,409,409,0.536,0.697,0.637,0.771,0.301,0.628,0.633,0.866,0.209,0.497,0.768,0.937
features.5.block.0.0,0.4,0.6,0.88,0.947,0.855,0.932,0.855,0.94,0.855,0.936,0.88,0.947,409,409,0.536,0.636,0.637,0.74,0.301,0.7,0.633,0.823,0.209,0.421,0.768,0.921
features.5.block.0.0,0.3,0.7,0.88,0.936,0.855,0.92,0.855,0.928,0.855,0.924,0.88,0.936,409,409,0.536,0.624,0.637,0.696,0.301,0.743,0.633,0.799,0.209,0.399,0.768,0.9
features.5.block.0.0,0.2,0.8,0.88,0.918,0.855,0.901,0.855,0.902,0.855,0.901,0.88,0.918,409,409,0.536,0.599,0.637,0.662,0.301,0.764,0.633,0.75,0.209,0.408,0.768,0.864
features.5.block.3.0,0.5,0.5,0.88,0.95,0.855,0.938,0.855,0.938,0.855,0.938,0.88,0.95,409,409,0.79,0.874,0.637,0.722,0.391,0.795,0.633,0.844,0.445,0.584,0.768,0.92
features.5.block.3.0,0.4,0.6,0.88,0.941,0.855,0.931,0.855,0.925,0.855,0.928,0.88,0.941,409,409,0.79,0.889,0.637,0.667,0.391,0.879,0.633,0.826,0.445,0.633,0.768,0.897
features.5.block.3.0,0.3,0.7,0.88,0.928,0.855,0.917,0.855,0.902,0.855,0.909,0.88,0.928,409,409,0.79,0.874,0.637,0.638,0.391,0.88,0.633,0.755,0.445,0.67,0.768,0.874
features.5.block.3.0,0.2,0.8,0.88,0.91,0.855,0.901,0.855,0.876,0.855,0.885,0.88,0.91,409,409,0.79,0.848,0.637,0.572,0.391,0.889,0.633,0.688,0.445,0.633,0.768,0.827
features.6.block.3.0,0.5,0.5,0.88,0.962,0.855,0.952,0.855,0.952,0.855,0.952,0.88,0.962,409,409,0.553,0.736,0.637,0.79,0.461,0.827,0.633,0.872,0.301,0.48,0.768,0.948
features.6.block.3.0,0.4,0.6,0.88,0.953,0.855,0.943,0.855,0.942,0.855,0.943,0.88,0.953,409,409,0.553,0.777,0.637,0.76,0.461,0.699,0.633,0.843,0.301,0.553,0.768,0.934
features.6.block.3.0,0.3,0.7,0.88,0.954,0.855,0.944,0.855,0.948,0.855,0.946,0.88,0.954,409,409,0.553,0.636,0.637,0.724,0.461,0.628,0.633,0.786,0.301,0.446,0.768,0.923
features.6.block.3.0,0.2,0.8,0.88,0.939,0.855,0.929,0.855,0.923,0.855,0.926,0.88,0.939,409,409,0.553,0.673,0.637,0.629,0.461,0.587,0.633,0.728,0.301,0.398,0.768,0.9
features.7.block.3.0,0.5,0.5,0.88,0.956,0.855,0.946,0.855,0.949,0.855,0.947,0.88,0.956,409,409,0.756,0.939,0.637,0.796,0.325,0.662,0.633,0.905,0.476,0.815,0.768,0.937
features.7.block.3.0,0.4,0.6,0.88,0.951,0.855,0.94,0.855,0.943,0.855,0.942,0.88,0.951,409,409,0.756,0.864,0.637,0.767,0.325,0.39,0.633,0.884,0.476,0.462,0.768,0.927
features.7.block.3.0,0.3,0.7,0.88,0.935,0.855,0.92,0.855,0.929,0.855,0.924,0.88,0.935,409,409,0.756,0.753,0.637,0.75,0.325,0.439,0.633,0.85,0.476,0.919,0.768,0.919
features.7.block.3.0,0.2,0.8,0.88,0.921,0.855,0.923,0.855,0.885,0.855,0.898,0.88,0.921,409,409,0.756,0.788,0.637,0.611,0.325,0.529,0.633,0.847,0.476,0.726,0.768,0.887
features.8.block.0.0,0.5,0.5,0.88,0.96,0.855,0.95,0.855,0.954,0.855,0.952,0.88,0.96,409,409,0.533,0.418,0.637,0.803,0.543,0.775,0.633,0.89,0.339,0.566,0.768,0.931
features.8.block.0.0,0.4,0.6,0.88,0.962,0.855,0.952,0.855,0.952,0.855,0.952,0.88,0.962,409,409,0.533,0.368,0.637,0.774,0.543,0.761,0.633,0.858,0.339,0.436,0.768,0.914
features.8.block.0.0,0.3,0.7,0.88,0.948,0.855,0.936,0.855,0.934,0.855,0.935,0.88,0.948,409,409,0.533,0.399,0.637,0.72,0.543,0.722,0.633,0.836,0.339,0.367,0.768,0.892
features.8.block.0.0,0.2,0.8,0.88,0.935,0.855,0.922,0.855,0.919,0.855,0.92,0.88,0.935,409,409,0.533,0.443,0.637,0.691,0.543,0.669,0.633,0.763,0.339,0.424,0.768,0.856
features.8.block.2.fc2,0.5,0.5,0.88,0.892,0.855,0.891,0.855,0.857,0.855,0.871,0.88,0.892,409,409,0.467,0.643,0.637,0.62,0.608,0.609,0.633,0.666,0.36,0.506,0.768,0.828
features.8.block.2.fc2,0.4,0.6,0.88,0.862,0.855,0.871,0.855,0.816,0.855,0.836,0.88,0.862,409,409,0.467,0.594,0.637,0.587,0.608,0.548,0.633,0.634,0.36,0.525,0.768,0.798
features.8.block.2.fc2,0.3,0.7,0.88,0.829,0.855,0.851,0.855,0.771,0.855,0.797,0.88,0.829,409,409,0.467,0.533,0.637,0.57,0.608,0.557,0.633,0.618,0.36,0.53,0.768,0.771
features.8.block.2.fc2,0.2,0.8,0.88,0.804,0.855,0.836,0.855,0.739,0.855,0.766,0.88,0.804,409,409,0.467,0.514,0.637,0.552,0.608,0.556,0.633,0.603,0.36,0.513,0.768,0.758
features.8.block.3.0,0.5,0.5,0.88,0.946,0.855,0.932,0.855,0.937,0.855,0.934,0.88,0.946,409,409,0.581,0.76,0.637,0.742,0.511,0.627,0.633,0.822,0.325,0.86,0.768,0.925
features.8.block.3.0,0.4,0.6,0.88,0.939,0.855,0.925,0.855,0.923,0.855,0.924,0.88,0.939,409,409,0.581,0.659,0.637,0.709,0.511,0.544,0.633,0.798,0.325,0.84,0.768,0.917
features.8.block.3.0,0.3,0.7,0.88,0.931,0.855,0.914,0.855,0.918,0.855,0.916,0.88,0.931,409,409,0.581,0.651,0.637,0.664,0.511,0.637,0.633,0.739,0.325,0.881,0.768,0.895
features.8.block.3.0,0.2,0.8,0.88,0.901,0.855,0.885,0.855,0.871,0.855,0.876,0.88,0.901,409,409,0.581,0.659,0.637,0.592,0.511,0.475,0.633,0.695,0.325,0.884,0.768,0.853
features.9.block.1.0,0.5,0.5,0.88,0.945,0.855,0.929,0.855,0.942,0.855,0.935,0.88,0.945,409,409,0.756,0.636,0.637,0.823,0.407,0.495,0.633,0.871,0.699,0.516,0.768,0.935
features.9.block.1.0,0.4,0.6,0.88,0.933,0.855,0.916,0.855,0.931,0.855,0.923,0.88,0.933,409,409,0.756,0.604,0.637,0.804,0.407,0.709,0.633,0.867,0.699,0.454,0.768,0.91
features.9.block.1.0,0.3,0.7,0.88,0.931,0.855,0.916,0.855,0.923,0.855,0.918,0.88,0.931,409,409,0.756,0.626,0.637,0.793,0.407,0.717,0.633,0.835,0.699,0.395,0.768,0.912
features.9.block.1.0,0.2,0.8,0.88,0.907,0.855,0.892,0.855,0.899,0.855,0.892,0.88,0.907,409,409,0.756,0.878,0.637,0.761,0.407,0.777,0.633,0.787,0.699,0.099,0.768,0.879
features.9.block.2.fc1,0.5,0.5,0.88,0.918,0.855,0.904,0.855,0.905,0.855,0.903,0.88,0.918,409,409,0.433,0.746,0.637,0.653,0.287,0.638,0.633,0.658,0.568,0.595,0.768,0.822
features.9.block.2.fc1,0.4,0.6,0.88,0.907,0.855,0.892,0.855,0.891,0.855,0.889,0.88,0.907,409,409,0.433,0.726,0.637,0.635,0.287,0.605,0.633,0.64,0.568,0.564,0.768,0.804
features.9.block.2.fc1,0.3,0.7,0.88,0.895,0.855,0.879,0.855,0.878,0.855,0.874,0.88,0.895,409,409,0.433,0.695,0.637,0.625,0.287,0.561,0.633,0.621,0.568,0.574,0.768,0.79
features.9.block.2.fc1,0.2,0.8,0.88,0.885,0.855,0.867,0.855,0.864,0.855,0.861,0.88,0.885,409,409,0.433,0.7,0.637,0.619,0.287,0.554,0.633,0.605,0.568,0.546,0.768,0.777
features.9.block.3.0,0.5,0.5,0.88,0.966,0.855,0.962,0.855,0.959,0.855,0.96,0.88,0.966,409,409,0.696,0.928,0.637,0.947,0.362,0.833,0.633,0.979,0.581,0.254,0.768,0.976
features.9.block.3.0,0.4,0.6,0.88,0.966,0.855,0.962,0.855,0.958,0.855,0.96,0.88,0.966,409,409,0.696,0.811,0.637,0.933,0.362,0.911,0.633,0.979,0.581,0.194,0.768,0.979
features.9.block.3.0,0.3,0.7,0.88,0.964,0.855,0.952,0.855,0.963,0.855,0.957,0.88,0.964,409,409,0.696,0.842,0.637,0.908,0.362,0.875,0.633,0.955,0.581,0.245,0.768,0.967
features.9.block.3.0,0.2,0.8,0.88,0.978,0.855,0.973,0.855,0.972,0.855,0.973,0.88,0.978,409,409,0.696,0.45,0.637,0.898,0.362,0.712,0.633,0.94,0.581,0.161,0.768,0.973
features.10.block.3.0,0.5,0.5,0.88,0.963,0.855,0.952,0.855,0.961,0.855,0.956,0.88,0.963,409,409,0.497,0.716,0.637,0.934,0.591,0.966,0.633,0.952,0.975,0.143,0.768,0.984
features.10.block.3.0,0.4,0.6,0.88,0.956,0.855,0.943,0.855,0.955,0.855,0.948,0.88,0.956,409,409,0.497,0.699,0.637,0.902,0.591,0.807,0.633,0.945,0.975,0.187,0.768,0.986
features.10.block.3.0,0.3,0.7,0.88,0.959,0.855,0.948,0.855,0.957,0.855,0.951,0.88,0.959,409,409,0.497,0.688,0.637,0.897,0.591,0.821,0.633,0.932,0.975,0.19,0.768,0.979
features.10.block.3.0,0.2,0.8,0.88,0.959,0.855,0.949,0.855,0.956,0.855,0.951,0.88,0.959,409,409,0.497,0.604,0.637,0.864,0.591,0.811,0.633,0.897,0.975,0.178,0.768,0.972
features.11.block.3.0,0.5,0.5,0.88,0.976,0.855,0.971,0.855,0.972,0.855,0.971,0.88,0.976,409,409,0.759,0.979,0.637,0.926,0.999,1.0,0.633,0.954,0.999,0.969,0.768,0.963
features.11.block.3.0,0.4,0.6,0.88,0.975,0.855,0.969,0.855,0.971,0.855,0.97,0.88,0.975,409,409,0.759,0.976,0.637,0.908,0.999,1.0,0.633,0.942,0.999,0.957,0.768,0.955
features.11.block.3.0,0.3,0.7,0.88,0.974,0.855,0.967,0.855,0.97,0.855,0.969,0.88,0.974,409,409,0.759,0.979,0.637,0.885,0.999,1.0,0.633,0.923,0.999,0.914,0.768,0.945
features.11.block.3.0,0.2,0.8,0.88,0.969,0.855,0.961,0.855,0.967,0.855,0.964,0.88,0.969,409,409,0.759,0.967,0.637,0.853,0.999,1.0,0.633,0.886,0.999,0.835,0.768,0.918
