Full filepath,Full Class Index,sensitivityscore_before_features.11.block.2.fc1,sensitivityscore_After_features.11.block.2.fc1_0.5,sensitivityscore_After_features.11.block.2.fc1_0.6,sensitivityscore_before_features.11.block.2.fc2,sensitivityscore_After_features.11.block.2.fc2_0.5,sensitivityscore_After_features.11.block.2.fc2_0.6,sensitivityscore_before_features.12.block.2.fc1,sensitivityscore_After_features.12.block.2.fc1_0.5,sensitivityscore_After_features.12.block.2.fc1_0.6,sensitivityscore_before_features.12.block.2.fc2,sensitivityscore_After_features.12.block.2.fc2_0.5,sensitivityscore_After_features.12.block.2.fc2_0.6,sensitivityscore_before_features.13.block.2.fc1,sensitivityscore_After_features.13.block.2.fc1_0.5,sensitivityscore_After_features.13.block.2.fc1_0.6,sensitivityscore_before_features.13.block.2.fc2,sensitivityscore_After_features.13.block.2.fc2_0.5,sensitivityscore_After_features.13.block.2.fc2_0.6,sensitivityscore_before_features.14.block.2.fc1,sensitivityscore_After_features.14.block.2.fc1_0.5,sensitivityscore_After_features.14.block.2.fc1_0.6,sensitivityscore_before_features.14.block.2.fc2,sensitivityscore_After_features.14.block.2.fc2_0.5,sensitivityscore_After_features.14.block.2.fc2_0.6,sensitivityscore_before_features.15.block.2.fc1,sensitivityscore_After_features.15.block.2.fc1_0.5,sensitivityscore_After_features.15.block.2.fc1_0.6,sensitivityscore_before_features.15.block.2.fc2,sensitivityscore_After_features.15.block.2.fc2_0.5,sensitivityscore_After_features.15.block.2.fc2_0.6,sensitivityscore_before_features.16.0,sensitivityscore_After_features.16.0_0.5,sensitivityscore_After_features.16.0_0.6
/mnt/sdd/caltech_training/three_classes/train/001.Black_footed_Albatross/Black_Footed_Albatross_0064_796101.jpg,0,0.011362404,0.17047259,0.05423362,-0.076720476,0.048895538,-0.16765642,-0.1906955,0.14572567,0.05643344,-0.06377609,0.024015639,0.11123502,0.052922565,0.09322123,0.08041321,0.0188479,0.036536273,0.04197944,0.21382648,0.0603019,0.028305475,0.08373198,0.062138103,-0.0006988961,0.04277073,0.041066144,0.030431584,-0.017323252,0.06446096,0.073477186,0.018960109,0.048537627,0.04255145
/mnt/sdd/caltech_training/three_classes/train/001.Black_footed_Albatross/Black_Footed_Albatross_0010_796097.jpg,0,0.042738736,0.14783646,-0.053352885,-0.094227284,-0.027345564,0.13314241,0.13252941,0.13577473,0.030879205,0.008282559,-0.023822304,0.012735867,0.007309042,0.23918146,0.17327064,0.0029224567,0.066829674,0.112766266,0.06968984,-0.103948094,0.006960176,-0.026457949,0.08357805,0.02765268,-0.021833131,0.08767608,-0.0027556699,0.031645693,0.049086377,0.04947692,0.024961298,0.06103172,0.055050313
/mnt/sdd/caltech_training/three_classes/train/001.Black_footed_Albatross/Black_Footed_Albatross_0006_796065.jpg,0,-0.061960854,0.21028249,0.08776325,-0.03977016,0.116464645,0.1573992,0.015496839,-0.02062309,-0.08360019,0.030999707,0.05294566,-0.0013649948,0.051919855,0.044165395,-0.05039062,0.029485933,0.1368187,0.13676956,-0.074584275,-0.06424706,0.12634642,-0.037343107,0.101255745,0.15211236,0.018158995,-0.058326498,0.07471366,-0.0055818125,0.07835776,0.05202837,0.020742875,0.029082114,0.03439356
/mnt/sdd/caltech_training/three_classes/train/001.Black_footed_Albatross/Black_Footed_Albatross_0051_796103.jpg,0,0.04941509,0.008263882,0.09262298,-0.06897837,0.038063206,0.016766414,-0.06894007,0.052467853,0.07216782,0.007700499,0.045221906,-0.0028149495,-0.03885014,0.16370393,0.104157135,0.018483859,0.0644687,-0.03352776,-0.14978501,0.062653325,0.17466053,-0.044766955,0.065879464,0.08262112,-0.08202124,0.1520724,-0.03513563,-0.04354573,0.017208334,0.020204408,0.0036194716,0.049671635,0.03608447
/mnt/sdd/caltech_training/three_classes/train/001.Black_footed_Albatross/Black_Footed_Albatross_0076_417.jpg,0,0.06126395,0.04534792,0.020024601,-0.004305439,0.009429194,0.005128138,-0.042815734,0.2363359,0.20143795,-0.07066998,0.13395853,0.083071336,0.12643245,0.05731891,0.09479363,0.060131907,0.042542584,0.06509969,-0.123690575,-0.07672463,0.09155473,-0.03855238,0.084496856,0.12647,-0.10381931,0.20147598,-0.034219168,-0.0081952065,0.02917331,0.051484883,0.012548724,0.05386492,0.051678583
/mnt/sdd/caltech_training/three_classes/train/001.Black_footed_Albatross/Black_Footed_Albatross_0082_796121.jpg,0,-0.1393482,-0.04479101,-0.042937122,-0.101973124,0.061328884,0.043512166,-0.09769697,-0.11353037,-0.1974493,-0.03779825,0.032933436,0.0021631364,-0.031251274,0.049824618,0.14332123,0.03981506,0.11768482,0.15993685,0.09883937,0.007988166,0.054951057,-0.0188536,0.06505384,0.05443611,0.19870013,0.12781549,-0.048956346,0.025286242,0.023853984,0.022998838,0.010518215,0.035075806,0.03938453
/mnt/sdd/caltech_training/three_classes/train/001.Black_footed_Albatross/Black_Footed_Albatross_0046_18.jpg,0,0.20828997,0.18791726,0.2587443,0.083609074,-0.05348964,0.12056655,-0.083505005,0.06687557,0.12512073,-0.04532758,0.079419404,0.12550038,0.06376601,0.052602544,-0.08200364,-0.017767237,-0.01064498,0.049654517,0.08815869,0.13596247,0.16088545,-0.014181604,0.08663196,-0.061233558,-0.026867073,0.08127825,-0.009947579,0.018178487,0.0154237505,0.035120867,0.012321614,0.045922875,0.054268256
/mnt/sdd/caltech_training/three_classes/train/001.Black_footed_Albatross/Black_Footed_Albatross_0001_796111.jpg,0,-0.050894104,0.013884079,-0.093574956,-0.006476419,0.2298104,0.19753575,0.16557735,0.10338877,0.095333934,0.024782281,0.059415907,0.10041836,-0.0015528305,-0.016577756,-0.026549725,0.05925951,0.05665765,0.031146895,0.114834905,0.03009241,0.15891217,0.048273794,0.13016428,0.16789463,0.026689045,-0.08907987,-0.021468133,-0.016178787,-0.015815156,-0.030212063,0.018052407,0.052281365,0.053799465
/mnt/sdd/caltech_training/three_classes/train/001.Black_footed_Albatross/Black_Footed_Albatross_0014_89.jpg,0,0.012177806,0.2439416,0.12918463,-0.04272224,0.079960756,0.031740323,0.095053665,-0.12197334,-0.17311685,0.06068668,0.04171779,0.1049168,0.15322027,0.085060105,0.0015556328,0.017898727,0.13297594,0.09566578,0.16943008,0.11261277,0.12637699,0.11313026,0.0021121837,0.06640753,-0.08053227,0.1473235,-0.002074575,-0.015383828,-0.042270523,-0.019448144,0.02066636,0.019282592,0.040029034
/mnt/sdd/caltech_training/three_classes/train/001.Black_footed_Albatross/Black_Footed_Albatross_0057_796106.jpg,0,-0.18324107,-0.013579689,0.10560036,-0.15197912,0.13260394,0.18806756,-0.16857083,0.12666538,0.16861951,-0.09244983,0.062145844,0.09972073,0.1091556,0.04255338,0.08951078,0.011474516,0.17694832,0.24509853,-0.03555847,0.05497238,0.07939516,-0.023714645,0.038524076,0.10145739,-0.040911287,0.21561998,-0.06599863,-0.05570421,-0.023425173,0.008493744,0.01967641,0.05155704,0.05552621
/mnt/sdd/caltech_training/three_classes/train/001.Black_footed_Albatross/Black_Footed_Albatross_0065_796068.jpg,0,0.075844966,0.26992437,0.2434749,-0.0061488133,0.18847956,0.106625065,0.0047774613,-0.019113827,0.089416385,-0.07260276,0.008928632,-0.02304577,-0.0914536,0.15486147,0.0971127,-0.045053132,0.11650579,0.10585317,0.117871985,-0.07520849,0.036376074,0.04128899,0.06435415,0.17959146,-0.021133574,0.010727469,-0.11426808,-0.053231195,0.0023046508,-0.0011769645,0.02215556,0.042686217,0.04738686
/mnt/sdd/caltech_training/three_classes/train/001.Black_footed_Albatross/Black_Footed_Albatross_0071_796113.jpg,0,0.032461233,0.16706204,-0.021460384,-0.0726526,0.14722744,0.16466123,0.11461868,0.074611306,0.041169547,0.058874037,-0.005472854,-0.043230698,-0.0052955206,0.079476625,0.0014713518,0.038643632,0.13316363,0.10753399,-0.022872642,0.11717114,0.087694466,-0.04026795,0.16027418,0.10962007,0.008723155,0.022947682,0.00214836,-0.016184455,0.014680915,0.02798722,0.010125091,0.044430584,0.05344928
/mnt/sdd/caltech_training/three_classes/train/001.Black_footed_Albatross/Black_Footed_Albatross_0045_796129.jpg,0,0.0084921755,-0.10362989,-0.041505434,-0.07709996,0.10659005,0.020782843,-0.0348289,0.078969084,0.035338767,0.05564346,0.0249294,0.024126846,0.03709406,-0.02966914,0.102647565,0.0660477,0.016490456,0.09738481,0.11759893,-0.054498956,-0.07435085,-0.0034812288,0.07332969,0.07165563,0.034224465,0.12862858,0.008314049,0.03135064,-0.11612369,-0.1370231,0.010261993,0.032748513,0.02087051
/mnt/sdd/caltech_training/three_classes/train/001.Black_footed_Albatross/Black_Footed_Albatross_0047_796064.jpg,0,0.00050988793,0.045588333,-0.0380159,-0.07514792,0.03745923,0.05592889,0.12440391,0.06833881,0.054739907,-0.029387534,0.035723783,0.066238716,0.0752821,0.098795116,-0.08864167,0.030033825,-0.056055054,-0.046104442,0.05851656,0.11533438,0.19889699,0.02452845,0.08203743,0.08980197,0.014746234,0.08501519,0.085776486,0.020276843,0.03798514,0.061686464,0.016546119,0.023770953,0.037366565
/mnt/sdd/caltech_training/three_classes/train/001.Black_footed_Albatross/Black_Footed_Albatross_0039_796132.jpg,0,0.0356007,0.13534923,0.102069564,0.06166265,0.1517965,0.050162036,0.08639674,0.13423918,0.13017459,-0.019259727,0.1128955,0.09384528,-0.14393824,0.12110175,0.036182754,-0.06745832,0.109702006,0.09189433,0.056590367,0.100697935,0.017806873,0.034614176,0.11303659,0.13070339,-0.07804549,0.25167918,0.071952485,0.007511791,0.015734907,0.016683528,0.018070411,0.05407773,0.05040839
/mnt/sdd/caltech_training/three_classes/train/001.Black_footed_Albatross/Black_Footed_Albatross_0085_92.jpg,0,0.11489584,-0.055414855,-0.023984741,-0.03410208,0.06475562,-0.1064174,-0.17845444,0.1057605,0.043605633,-0.027184626,0.06212741,0.10322672,-0.040474504,-0.045441967,0.009684417,0.017501786,-0.077999435,-0.032398034,0.036267433,0.16262937,0.11198805,0.0051243547,0.08592977,0.07774493,-0.07476413,0.1859349,0.018293323,-0.009184065,-0.02435049,-0.026810188,0.02887663,0.049401358,0.048876673
/mnt/sdd/caltech_training/three_classes/train/001.Black_footed_Albatross/Black_Footed_Albatross_0068_796135.jpg,0,-0.12861478,0.25612962,0.24332352,-0.15688315,0.11134174,0.21382152,0.00057654455,-0.100055136,-0.11606963,0.0025527766,0.10767557,0.097938105,0.13172218,0.17058001,0.20433447,0.05603883,0.12865894,0.09324528,0.04254874,0.15329012,0.031078188,-0.013663116,0.08014126,0.18691643,0.01694617,0.22550777,0.023174629,-0.008045044,-0.04587125,-0.040442802,0.01941547,0.06484772,0.051534183
/mnt/sdd/caltech_training/three_classes/train/001.Black_footed_Albatross/Black_Footed_Albatross_0016_796067.jpg,0,0.112156026,0.12030821,0.107418306,-0.08433862,0.119231775,0.104162924,-0.045339637,0.03731338,0.0029045716,0.022948006,0.045027696,0.10442829,0.13222231,0.19488637,0.22018144,0.019712504,0.24053931,0.15259263,0.1781548,-0.046414457,0.06989121,0.077884205,0.14778472,0.14729507,0.06969558,0.06872548,-0.03552144,0.0142648,0.06395225,0.0123488195,0.02449574,0.021830793,0.04169276
/mnt/sdd/caltech_training/three_classes/train/001.Black_footed_Albatross/Black_Footed_Albatross_0090_796077.jpg,0,0.094445094,0.23580974,0.16724072,-0.054342568,-0.059024915,0.1200925,0.0496955,0.110323764,0.089124314,-0.04139905,0.11484926,0.16193026,0.19968808,0.120042495,0.062071923,0.08730656,0.03692227,0.054177087,-0.15016133,0.01693379,0.08562404,-0.024728619,0.07980782,0.07039689,-0.1004919,0.20287877,0.00026331097,0.047044825,0.0024997154,0.01609977,0.023197304,0.062283378,0.04615015
/mnt/sdd/caltech_training/three_classes/train/001.Black_footed_Albatross/Black_Footed_Albatross_0089_796069.jpg,0,0.16814493,0.15697783,-0.045836985,-0.057023775,0.06440686,0.07071265,-0.14828122,0.024106849,0.0022291206,-0.025348946,0.113346055,0.080470234,0.07628755,-0.043983206,0.011473345,0.029168336,0.052745722,0.002521569,-0.06564849,-0.092058316,-0.0072971117,-0.038515143,-0.002290357,0.08997318,0.06432018,0.06838325,0.00435351,-0.0051308926,0.02856802,0.016378595,0.028741654,0.032370597,0.04690975
/mnt/sdd/caltech_training/three_classes/train/001.Black_footed_Albatross/Black_Footed_Albatross_0005_796090.jpg,0,-0.032374635,0.093345255,0.021633513,-0.08437905,0.07297504,0.10660213,0.01077994,-0.15998764,-0.13581571,-0.025476199,-0.076990694,0.063134715,0.060916968,0.036101572,0.00012216158,-0.010511886,0.07633526,0.094257936,-0.0017047096,0.2003263,0.20367163,-0.0056554116,0.07853748,0.19576612,-0.06066982,0.16378185,-0.069376156,-0.048209116,-0.015270364,-0.020528035,0.010072818,0.050288185,0.04469455
/mnt/sdd/caltech_training/three_classes/train/001.Black_footed_Albatross/Black_Footed_Albatross_0007_796138.jpg,0,0.11286686,-0.07715702,-0.015150841,-0.017511282,0.05406566,0.07378566,-0.040452406,0.09477127,0.13567108,-0.0018627569,0.09727661,0.08802518,0.0052893944,0.023291875,0.057965092,0.02133008,0.13754494,0.10606159,0.06780157,-0.03053514,0.22672662,-0.00823441,0.15019482,0.11416028,-0.12737909,0.11492994,-0.06909377,-0.068606764,-0.037579335,-0.045656443,0.018875178,0.060070172,0.047336154
/mnt/sdd/caltech_training/three_classes/train/001.Black_footed_Albatross/Black_Footed_Albatross_0069_796139.jpg,0,-0.06470067,-0.11425636,-0.05715306,-0.11160598,0.09414235,0.04285162,-0.010465501,0.25720227,0.24754466,-0.035847403,0.10312854,0.16389622,-0.09023186,0.19623706,0.08183511,0.01973055,0.118809946,0.14589372,-0.051710524,0.06770931,0.1366879,-0.035554405,0.13379613,0.1917243,-0.1354826,0.18395455,-0.05627006,0.016703356,0.017836437,0.044317596,0.022699986,0.06379226,0.052890375
/mnt/sdd/caltech_training/three_classes/train/001.Black_footed_Albatross/Black_Footed_Albatross_0040_796066.jpg,0,-0.027005289,-0.02076257,-0.074676365,-0.17292413,0.09689116,0.06411085,0.04762576,-0.011530077,-0.06647413,0.04915376,0.06633359,0.0022096708,-0.055943638,-0.00022878498,-0.02707062,0.034733344,0.021483293,0.053458437,0.10818766,0.15771872,0.21558075,-0.022636076,0.0721385,0.07257713,0.09125193,0.08146998,0.032617223,0.017274626,0.018097576,0.024309132,0.02864536,0.04700942,0.04828229
/mnt/sdd/caltech_training/three_classes/train/001.Black_footed_Albatross/Black_Footed_Albatross_0041_796108.jpg,0,0.07428196,0.25960827,0.15260276,-0.09026253,-0.004581213,0.16078344,-0.0017771386,0.10597281,0.124095745,-0.052739814,0.08187488,0.14357956,-0.11191492,0.15330753,0.12526524,-0.025711553,-0.010293558,0.1098806,-0.08667149,0.26643908,0.1387565,0.007339772,0.04198976,0.098035134,-0.1394044,0.27213344,0.0005793199,-0.011553416,0.056008272,0.031347785,0.019659057,0.08411944,0.065594584
/mnt/sdd/caltech_training/three_classes/train/001.Black_footed_Albatross/Black_Footed_Albatross_0074_59.jpg,0,-0.06551515,0.0070390347,0.018425882,-0.06565601,0.07410435,0.15051737,0.07363657,0.07342234,-0.08042462,-0.011799042,0.07995333,0.10554029,0.07188242,-0.021558397,-0.024055842,-0.009188393,0.03575022,0.105196044,0.14449628,0.033322625,-0.05191015,0.014898397,0.03842783,0.0481335,0.035430558,0.02436531,-0.022816718,-0.005933687,0.085222274,0.069623575,0.004021091,0.047020122,0.05256188
/mnt/sdd/caltech_training/three_classes/train/001.Black_footed_Albatross/Black_Footed_Albatross_0050_796125.jpg,0,0.07939479,0.3052658,0.17642885,-0.028373446,0.19024345,0.14281353,-0.15961415,0.108304575,0.036287818,-0.12621629,0.1479423,0.16819723,-0.04757238,0.11157422,0.0139632,-0.0518974,0.07272096,0.023186322,0.015755713,0.14981633,0.102923766,-0.020748556,0.08228883,0.1237884,-0.007404715,-0.045997836,-0.04117787,-0.015772913,-0.035305023,-0.023314059,0.019137874,0.031299356,0.03885538
/mnt/sdd/caltech_training/three_classes/train/001.Black_footed_Albatross/Black_Footed_Albatross_0058_796074.jpg,0,0.007749168,0.05298135,0.041302703,-0.003108034,0.022808475,0.033798978,-0.06304903,-0.02663279,-0.059108414,-0.04137856,0.015979653,0.018529084,0.009155456,0.14642194,0.046612106,0.046796437,0.062408816,0.05653356,0.055411015,0.116430975,0.1278951,-0.01997636,0.06457443,0.07196796,0.015066311,-0.0490341,0.017845146,-0.015017057,-0.01696274,-0.030619752,0.021788958,0.053939667,0.059406005
/mnt/sdd/caltech_training/three_classes/train/001.Black_footed_Albatross/Black_Footed_Albatross_0038_212.jpg,0,-0.17029205,-0.09248295,-0.001623869,-0.029560223,-0.017900676,0.037548304,0.10315903,0.16508706,0.16057546,0.0080771595,-0.05939576,0.03922908,-0.04725462,-0.0401834,-0.12342838,0.005592348,0.07196559,0.11333923,0.14822847,-0.07199548,0.05087018,0.02258855,-0.029629482,-0.033242837,-0.029263418,0.060570687,0.00464952,0.0010212082,-0.005679908,0.012740199,0.018624289,0.03161346,0.02803165
/mnt/sdd/caltech_training/three_classes/train/001.Black_footed_Albatross/Black_Footed_Albatross_0077_796114.jpg,0,-0.0568469,0.19539523,-0.004483983,-0.038078584,0.13409778,0.09827559,-0.06995696,-0.032589573,-0.062117472,-0.029012848,-0.0046514776,-0.0068054404,0.2083062,0.004966531,-0.009944944,0.063338414,0.11710464,0.18899734,0.12944104,0.014868882,0.16322294,0.020503238,0.07750915,0.063648045,0.027287904,-0.003258042,-0.0625395,-0.00881381,-0.00403719,-0.015456289,0.016191656,0.049843207,0.045208633
/mnt/sdd/caltech_training/three_classes/train/001.Black_footed_Albatross/Black_Footed_Albatross_0079_796122.jpg,0,-0.012858796,0.28470293,0.20379585,-0.037961543,-0.014874494,-0.041792467,0.083617054,0.06559741,0.08171692,-0.026445558,0.012270449,0.04283546,0.088772096,0.22210725,0.20433041,0.07478021,0.041707374,0.1321935,-0.15317374,0.05157607,0.01889215,-0.107804246,0.038241155,0.028864795,-0.10504803,0.06243459,0.018692866,-0.039387755,0.00034409203,0.018410996,-0.0036720093,0.048231132,0.047433607
/mnt/sdd/caltech_training/three_classes/train/001.Black_footed_Albatross/Black_Footed_Albatross_0088_796133.jpg,0,-0.019648146,0.12161242,-0.009001721,-0.07002109,0.06367846,-0.120722234,0.054765765,-0.05036754,-0.15173633,0.03729577,-0.07246829,-0.029149467,0.17583708,0.0148133505,-0.030281406,0.021950314,0.0711156,0.1286118,0.1911637,0.021433832,0.13609526,0.048459407,0.043054733,0.03874231,-0.006195843,0.026764296,-0.0067399107,0.017471405,0.029348515,0.026896624,0.005889945,0.02288353,0.06802824
/mnt/sdd/caltech_training/three_classes/train/001.Black_footed_Albatross/Black_Footed_Albatross_0024_796089.jpg,0,0.08308043,-0.038118556,0.099261455,0.04383464,0.115953594,0.048688978,0.13494459,0.0054701464,-0.049243715,0.024853054,0.06256908,0.01820158,0.16361517,-0.03491951,-0.08947058,0.06551482,0.037868045,0.014105155,0.0008682902,0.16489227,0.0870395,0.014910652,0.08260919,0.11379041,-0.05552769,0.2713021,-0.060865838,0.012369359,-0.034712356,-0.040274322,0.010921891,0.040877238,0.049043365
/mnt/sdd/caltech_training/three_classes/train/001.Black_footed_Albatross/Black_Footed_Albatross_0037_796120.jpg,0,0.052839085,-0.21839815,-0.09546537,0.021241665,0.11128631,0.13412368,-0.08364985,0.13273478,0.12412977,0.0070818383,0.07723844,0.061750766,0.15370789,0.014056984,0.13782151,-0.023644093,0.15327066,-0.0046993177,0.1351508,0.16583596,0.16132143,0.04984457,0.052699376,0.0025694855,0.16933636,0.15467137,-0.043172978,0.049446546,0.089383006,0.07383402,0.0275117,0.041277446,0.04450558
/mnt/sdd/caltech_training/three_classes/train/001.Black_footed_Albatross/Black_Footed_Albatross_0060_796076.jpg,0,-0.085122116,0.15925536,0.1739239,0.06063029,-0.036233965,-0.041472092,-0.08745012,0.075972766,0.11494471,-0.0734175,0.009296486,0.16148542,-0.048273932,0.050197773,-0.029928006,-0.020864172,0.09768325,-0.013937132,0.054688938,-0.007221997,0.09948651,-0.029379627,0.036274537,0.07414956,-0.09330916,0.10598459,-0.1610498,-0.01174236,0.049891844,0.06354832,0.011039555,0.06271052,0.045062155
/mnt/sdd/caltech_training/three_classes/train/001.Black_footed_Albatross/Black_Footed_Albatross_0049_796063.jpg,0,-0.107099526,0.13131082,-0.028443605,-0.008444965,0.011145882,-0.019364528,0.059564352,-0.021991402,-0.018140597,0.05777456,0.041885264,0.04207015,0.014655834,0.1958518,0.034354977,0.07119408,0.10999722,-0.011347567,-0.045637563,0.0851542,0.032018766,0.016459405,0.1227446,0.098908395,-0.08384192,0.10892831,0.0083808275,-0.06392576,-0.07582414,-0.053083364,0.021478705,0.044578873,0.06032399
/mnt/sdd/caltech_training/three_classes/train/001.Black_footed_Albatross/Black_Footed_Albatross_0026_796095.jpg,0,0.07642975,-0.12971702,-0.09847785,-0.024589632,0.112993985,0.042876862,0.07727821,0.19031075,0.15403165,-0.0025173184,0.15094048,0.17445555,0.03902527,0.03587276,0.07322495,0.04247109,-0.0055154185,-0.0078058126,0.07724573,-0.0010093274,0.04528893,0.0015858328,0.10288951,0.114409395,0.07518841,0.098314054,0.044142015,0.032868616,-0.06423378,-0.048706293,0.009934144,0.055397253,0.06644352
/mnt/sdd/caltech_training/three_classes/train/001.Black_footed_Albatross/Black_Footed_Albatross_0032_796115.jpg,0,0.07461947,-0.13446318,-0.108009994,-0.08989155,-0.011757003,-0.03167047,0.023612691,-0.039883222,0.04562589,0.020533014,0.18438634,0.18566532,-0.031513035,0.19248828,0.12537728,0.02304278,0.10626236,0.12955825,0.021881998,0.08628132,0.1809742,-0.059641168,0.09000178,0.19133669,-0.025346592,0.09662264,0.07648286,-0.054422513,0.0074006366,0.045108225,0.007892254,0.04762076,0.050641164
/mnt/sdd/caltech_training/three_classes/train/001.Black_footed_Albatross/Black_Footed_Albatross_0053_796109.jpg,0,0.11241023,0.014700752,0.23332508,0.00433759,0.051028393,0.1082671,-0.025147349,-0.043849677,-0.100855686,-0.04157654,0.12528858,0.12434073,0.058680564,0.1331454,0.07294706,0.046843816,0.04988058,0.116497025,-0.04044457,0.2750618,0.19072881,-0.029502323,0.12097634,0.100007236,-0.11932995,0.0009329701,-0.09852883,-0.012070231,0.0657508,0.06931603,0.005390241,0.03778092,0.034684833
/mnt/sdd/caltech_training/three_classes/train/001.Black_footed_Albatross/Black_Footed_Albatross_0035_796140.jpg,0,0.057805594,-0.06668116,-0.12763347,-0.05010445,0.12948309,0.21008715,0.2354242,0.04928211,-0.02183231,0.13965085,0.022914942,0.07850346,-0.02167204,0.08649794,0.08634134,0.006344507,0.1960885,0.15883729,0.029917583,0.14318661,0.06307371,-0.023696175,0.1196115,0.1112403,0.047629014,0.110523164,0.055023834,0.019442324,-0.009325911,0.008373275,0.02653369,0.032600265,0.035355516
/mnt/sdd/caltech_training/three_classes/train/001.Black_footed_Albatross/Black_Footed_Albatross_0061_796082.jpg,0,-0.105196685,0.24091838,0.2656261,-0.10238541,-0.033014037,-0.13482922,0.087393135,-0.12629867,0.11415761,0.015464175,0.041026264,0.1166192,-0.01727435,0.13840947,0.10551709,0.031038094,0.07465148,0.10548355,-0.109927826,0.15176056,0.16903389,-0.05008969,0.07212776,0.07200024,-0.12263203,0.12545891,-0.04714758,0.015169854,0.042597078,0.072386466,0.027398553,0.057186037,0.056624476
/mnt/sdd/caltech_training/three_classes/train/001.Black_footed_Albatross/Black_Footed_Albatross_0023_796059.jpg,0,-0.034210745,-0.26878384,-0.08774255,0.024827415,-0.010946069,0.07183817,-0.16049305,0.07258484,-0.036973823,-0.07684639,-0.02671326,0.10541315,0.061519872,-0.14097533,-0.05292896,-0.0043996065,-0.0820497,-0.08371839,-0.060017835,0.09483432,0.04077913,0.0034978706,0.054623425,0.091632105,0.17347348,-0.012770314,-0.02700623,0.060455248,0.0034979116,0.021874923,0.004423571,0.037579186,0.042402536
/mnt/sdd/caltech_training/three_classes/train/001.Black_footed_Albatross/Black_Footed_Albatross_0033_796086.jpg,0,-0.007118307,-0.012176078,0.09159884,-0.018285051,-0.02849681,-0.0582038,-0.25443733,0.15756997,0.10348636,-0.09901228,0.14010747,0.13398199,0.06722587,0.08098316,0.014591292,0.048292927,0.10773069,0.06757661,-0.025181413,0.03612215,-0.02852272,-0.012251783,0.0700403,0.099137925,-0.04398225,0.03015516,-0.070600465,-0.014036131,-0.0050889375,0.0049587507,0.019889884,0.053723462,0.041734368
/mnt/sdd/caltech_training/three_classes/train/001.Black_footed_Albatross/Black_Footed_Albatross_0042_796071.jpg,0,0.038331594,0.14690855,0.16229235,-0.055521067,-0.008163723,-0.13358209,0.081758186,0.21118352,0.055632614,-0.032785065,0.01790898,0.03168334,0.09469569,0.07560966,-0.0077211224,-0.011990406,0.09600347,0.09914584,-0.09300497,0.08883937,0.13968088,-0.05596558,0.005756069,0.009103501,-0.2175979,0.27388728,-0.04726611,0.01683498,0.019965313,0.027887428,0.011150458,0.062345292,0.04147428
/mnt/sdd/caltech_training/three_classes/train/001.Black_footed_Albatross/Black_Footed_Albatross_0036_796127.jpg,0,0.11683235,0.13062823,0.13011266,-0.013641007,0.016064499,0.11067879,0.038357437,-0.021052003,-0.118204884,-0.019675273,-0.033997715,0.024132196,0.04840283,0.17025745,0.1232245,0.080260485,0.06795437,0.060394198,0.057942588,0.13981958,0.1031536,0.040619858,0.08967461,0.032846134,0.053047158,0.009569557,0.036435597,0.009315021,-0.010737227,-0.004191882,0.021825062,0.031138532,0.04206169
/mnt/sdd/caltech_training/three_classes/train/001.Black_footed_Albatross/Black_Footed_Albatross_0078_796126.jpg,0,-0.13512038,-0.100672066,0.011957299,-0.064032376,0.09456988,0.06034218,-0.02445633,-0.054247607,0.054587398,-0.0071063377,0.124386735,0.09546355,0.026605416,-0.07338001,-0.00737012,0.0063720825,0.07357288,0.09235516,-0.028000865,-0.15174606,0.17839748,-0.04084205,0.075077906,0.09648467,-0.024188116,0.046024233,-0.03107065,0.014011926,0.052820846,0.0501473,0.024128592,0.044126704,0.04283409
/mnt/sdd/caltech_training/three_classes/train/001.Black_footed_Albatross/Black_Footed_Albatross_0003_796136.jpg,0,0.106549315,-0.038720824,-0.05481358,0.032282736,-0.027434727,0.0040087663,0.09367486,0.019394837,0.08265804,0.00047518685,0.053955715,0.027629007,0.08230746,0.14250007,0.14773795,0.042042132,0.13294938,0.018618237,0.07332139,0.18545553,0.12744081,-0.002689045,0.10158238,0.069460824,0.12995502,-0.043434173,-0.03701274,0.011211418,-0.0036535445,0.00020826794,0.011816645,0.063907504,0.050371032
/mnt/sdd/caltech_training/three_classes/train/001.Black_footed_Albatross/Black_Footed_Albatross_0063_796141.jpg,0,0.054808795,-0.112856194,-0.06389406,-0.041496534,0.0211077,0.077320196,-0.21919614,0.10398641,0.015848491,-0.058186937,0.070513815,-0.0063615367,0.06137584,0.10997559,0.007118658,-0.009308336,0.13353138,0.12967631,-0.045869682,-0.12377373,-0.068545856,-0.02535703,0.06675942,0.013595749,-0.15273067,0.19479059,-0.1650443,-0.020414557,-0.02217608,-0.011347677,0.021494297,0.07541151,0.055630624
/mnt/sdd/caltech_training/three_classes/train/002.Laysan_Albatross/Laysan_Albatross_0091_602.jpg,1,-0.034390494,-0.015654234,-0.093456596,-0.03516184,0.016661705,-0.027149688,-0.008501295,0.2255198,0.26767302,-0.015994571,0.07047837,0.009231244,-0.14023617,0.20796709,0.19603135,-0.066280566,0.16329011,0.15068382,0.15665184,0.15818503,0.14060691,0.037514135,0.04483288,0.06774399,0.032748103,0.101480484,-0.09304799,0.04824765,-0.02047639,-0.0117497705,-0.010329562,0.028253987,0.066507116
/mnt/sdd/caltech_training/three_classes/train/002.Laysan_Albatross/Laysan_Albatross_0017_614.jpg,1,0.18412499,0.11978139,0.10820451,0.049849015,0.17152166,0.2009485,0.10200089,0.21170342,0.106073305,0.0635957,0.1136522,0.047472738,0.14518908,0.21033889,0.16874166,0.045337178,0.08134154,-0.021462196,0.063346356,0.32552528,0.17039135,0.036485933,-0.035025038,0.021483742,-0.030657005,0.06206785,0.08361866,-0.019474057,-0.018176975,0.0056170085,-0.011171903,0.02049229,0.031295955
/mnt/sdd/caltech_training/three_classes/train/002.Laysan_Albatross/Laysan_Albatross_0059_488.jpg,1,-0.07885279,0.03288086,0.08086635,-0.07094922,0.0024317866,0.13297075,0.0067627896,0.04655323,-0.030958142,-0.02670926,0.022027323,0.06957558,0.07830454,0.013473492,0.031562146,-0.0046191625,-0.028490096,0.023506757,0.051724643,0.12601893,0.012370454,0.015533522,0.085698724,0.05247426,-0.015632838,0.2202898,0.033540536,-0.017592575,-0.009247953,-0.038068462,-0.015277965,0.0208356,0.041948088
/mnt/sdd/caltech_training/three_classes/train/002.Laysan_Albatross/Laysan_Albatross_0085_564.jpg,1,0.01595717,0.13644306,0.09301819,-0.029322565,-0.13070768,0.054369576,0.042245336,0.16785762,0.053449947,-0.016367707,0.1214407,0.13715939,-0.008391621,0.06340526,0.19480884,0.015992,0.015090659,0.021919772,-0.0023779199,-0.030912992,-0.02307143,-0.009533657,-0.048922643,0.08200024,-0.044929095,0.045019735,0.045528166,0.0579907,-0.015149623,-0.0046729716,-0.015144417,-8.515362e-05,0.043963436
/mnt/sdd/caltech_training/three_classes/train/002.Laysan_Albatross/Laysan_Albatross_0076_671.jpg,1,0.12833504,0.0831432,0.0017593782,0.08082844,0.00875438,0.008498911,0.099556945,0.01723471,-0.063722655,0.046987057,0.21489123,0.18809119,-0.025672097,0.08019392,0.11709487,0.003823705,0.045641124,0.054751657,0.025139686,-0.04551869,0.18428493,0.092466205,0.044485852,0.1304014,0.008896142,0.1641685,0.09453163,0.024025004,0.008570451,0.011389634,-0.023561545,0.008453056,0.046227127
/mnt/sdd/caltech_training/three_classes/train/002.Laysan_Albatross/Laysan_Albatross_0040_472.jpg,1,-0.12518667,0.27673882,-0.0052760784,-0.082327746,0.08890418,0.072281085,-0.081477985,0.1993937,0.24882996,-0.08432689,0.09855397,0.06518634,-0.051252715,-0.008299629,0.031089053,-0.013900479,0.15289357,0.18201981,-0.15396638,-0.000411978,0.058363732,-0.0943308,0.030122189,0.028354276,0.13981609,0.06195918,-0.02217174,0.03481734,0.023096528,0.022277689,-0.0067444476,0.01660563,0.04148909
/mnt/sdd/caltech_training/three_classes/train/002.Laysan_Albatross/Laysan_Albatross_0083_756.jpg,1,0.13855521,-0.29081336,-0.21598433,0.039484605,0.13064507,0.11449699,0.019210327,0.16192502,0.10556884,0.030565385,0.12926084,0.16990425,-0.077196665,-0.028101634,0.06451583,-0.057670094,0.061947383,0.026344704,-0.06331207,-0.030166311,0.10999569,0.001829341,0.02804821,-0.077173956,-0.028661523,0.046139423,0.051987268,0.021084577,-0.031775378,-0.010350317,-0.0037099076,0.021642137,0.03050134
/mnt/sdd/caltech_training/three_classes/train/002.Laysan_Albatross/Laysan_Albatross_0080_821.jpg,1,0.21890736,-0.070301004,-0.1784077,-0.001976002,0.120816305,0.08477166,-0.07616119,-0.053524405,-0.08047995,-0.021002967,0.0007778751,0.00064558676,-0.15311265,0.03177537,0.03363427,0.0019203667,0.07460209,0.019233797,-0.0664072,-0.09328489,-0.18643151,-0.014817038,-0.00103941,0.055615395,-0.04794449,0.15262026,0.09413479,-0.052041885,0.046341404,0.0054351483,-0.005383796,0.014438084,0.035554785
/mnt/sdd/caltech_training/three_classes/train/002.Laysan_Albatross/Laysan_Albatross_0065_809.jpg,1,0.112280995,-0.21322808,-0.18864045,0.063404575,-0.043742858,0.03595548,-0.061027374,0.16702168,0.16465169,0.019577295,0.112941444,0.1314388,0.13365996,0.12191746,0.18738806,-0.042533793,0.093079746,0.022572774,-0.020446058,0.09828079,0.041107904,0.047958687,0.05783069,0.079744115,0.028556336,0.21585867,0.11341933,0.060292285,-0.009644268,-0.006499745,-0.0063265446,0.023967694,0.053783506
/mnt/sdd/caltech_training/three_classes/train/002.Laysan_Albatross/Laysan_Albatross_0042_801.jpg,1,-0.017400783,-0.0015581697,0.092429526,-0.039977595,0.21920112,0.10937056,0.12261297,0.24241543,0.24077049,0.059784986,0.041267842,0.09633977,0.085915655,0.081773035,0.16510122,0.04319357,0.007751054,-0.011670854,0.041090883,0.10565288,0.12260236,0.015118081,0.03691798,-0.058753744,-0.093775645,0.057447713,-0.017008403,-0.07194791,0.0073895343,0.012377755,-0.01361998,0.008298205,0.052041635
/mnt/sdd/caltech_training/three_classes/train/002.Laysan_Albatross/Laysan_Albatross_0033_658.jpg,1,-0.18268308,0.066438526,0.06732322,-0.06277191,-0.027318453,0.23168883,0.10894159,-0.030098755,0.015829932,0.06435548,-0.025383383,0.10663563,-0.15607807,0.11802509,0.16585691,-0.008559179,0.065634236,0.13474703,0.11078033,0.05330595,0.002690835,0.07110279,0.017081821,0.05087048,0.080767035,0.10771767,0.08672779,0.03240252,-0.02223293,-0.0073205335,-0.014792813,0.008047897,0.043457
/mnt/sdd/caltech_training/three_classes/train/002.Laysan_Albatross/Laysan_Albatross_0012_696.jpg,1,0.04887878,0.3498855,0.16577278,-0.059726894,0.0051472746,0.04871575,0.17007577,0.12123094,-0.21150553,-0.007822035,0.03216169,-0.09869036,-0.057520933,0.0741914,0.011299104,-0.0068310406,0.013938017,0.10449938,-0.040494405,-0.0712506,0.13268927,0.029463714,0.06374657,0.07475847,-0.032162033,0.22698724,0.0691739,0.0177537,-0.050622758,-0.0731953,-0.008913521,0.013099555,0.035588257
/mnt/sdd/caltech_training/three_classes/train/002.Laysan_Albatross/Laysan_Albatross_0028_643.jpg,1,0.03726635,-0.06602724,-0.096705616,-0.0051306207,0.073308736,0.06972201,-0.14368199,0.046948515,0.036386617,-0.0037173405,0.0030677319,-0.07323467,0.08591913,0.038811576,0.011785969,0.039069697,0.04002134,0.08716674,-0.08816987,0.06919243,0.089569926,0.086986616,0.10001018,-0.12667021,-0.056673076,0.08331163,-0.004407581,0.05268588,-0.06286731,-0.044380225,-0.0014888318,0.0127884755,0.04988403
/mnt/sdd/caltech_training/three_classes/train/002.Laysan_Albatross/Laysan_Albatross_0099_869.jpg,1,0.1668321,-0.07974745,-0.07757456,0.08154179,-0.037903592,0.24170522,0.11572941,-0.041857965,0.048116654,0.029245678,0.07293948,0.16069007,0.045098096,0.08679049,0.21643288,0.03635034,0.059264064,0.03228382,0.048215307,0.027900217,0.10336902,0.041772515,0.08812753,-0.05740084,0.04698125,0.13212515,0.09941903,-0.054082535,0.04814353,0.075176015,-0.024678323,0.0077687334,0.03325406
/mnt/sdd/caltech_training/three_classes/train/002.Laysan_Albatross/Laysan_Albatross_0056_500.jpg,1,0.071547545,-0.016989935,0.05093545,-0.032090735,0.0074548516,0.09407893,-0.1094144,-0.044843055,-0.013574347,-0.054488156,0.119150475,0.08912673,0.002306508,-0.009792702,-0.01869205,0.027488533,0.054315925,0.10617525,0.106002256,-0.10431707,-0.066533834,0.0012081638,0.031003062,-0.029142646,-0.024276406,0.063937,0.02209469,0.014218899,0.026033465,0.034029797,-0.024628527,0.0034276992,0.027502563
/mnt/sdd/caltech_training/three_classes/train/002.Laysan_Albatross/Laysan_Albatross_0025_571.jpg,1,0.021406133,-0.0038777664,-0.05568296,-0.0110137835,0.117760964,0.044767976,0.10344505,0.029873375,-0.040240232,0.033407193,0.060585946,0.061157882,0.011646539,0.10948335,0.093378425,-0.031271033,0.015169678,0.06575234,0.042971358,0.11591102,0.0048776194,0.080126226,0.050125975,0.09426233,-0.11598703,0.055883206,-0.026029266,0.03085633,0.013985274,-0.013515929,-0.0026787997,0.01187522,0.040008534
/mnt/sdd/caltech_training/three_classes/train/002.Laysan_Albatross/Laysan_Albatross_0070_788.jpg,1,0.33009,0.19460857,0.1312761,0.1106434,0.13861482,0.063896246,0.21397549,-0.05544083,0.10633721,0.040156715,0.07106497,0.07569669,0.045229673,-0.0452891,0.00699603,0.06414545,-0.00944202,-0.09859587,0.019790083,0.13667971,0.069872916,0.028592769,0.023471307,0.035510864,-0.10307955,0.17765504,0.14030492,-0.04821891,0.0088689355,0.030167451,-0.008946415,0.0057857092,0.037011225
/mnt/sdd/caltech_training/three_classes/train/002.Laysan_Albatross/Laysan_Albatross_0100_735.jpg,1,-0.26302525,-0.074858695,-0.042087138,-0.05789749,0.023103066,0.06379686,-0.0011795014,0.13067865,0.220438,-0.030415371,0.11168304,0.14607236,0.020659894,0.19415839,0.16455814,-0.068294354,0.07233015,0.06460918,-0.0024278164,0.17135087,-0.21206585,0.058735207,0.033585865,0.20836656,-0.05904357,0.03681273,0.1843985,-0.0071145296,0.022644073,0.024673272,-0.010064659,0.025328025,0.061139256
/mnt/sdd/caltech_training/three_classes/train/002.Laysan_Albatross/Laysan_Albatross_0013_910.jpg,1,0.18770257,-0.036326222,0.0069701,0.054083813,0.105477616,0.037204966,-0.08436966,-0.0043434557,0.12425576,0.023236647,0.061711162,0.10595006,0.045677464,0.0736106,-0.02076184,-0.05457131,0.09623851,0.0613615,0.11896845,-0.0642968,0.14341,0.06484385,0.13952214,0.12259122,-0.07999741,0.05661314,0.00477508,-0.04516219,0.039821967,0.045869168,-0.019070959,0.020500302,0.05181481
/mnt/sdd/caltech_training/three_classes/train/002.Laysan_Albatross/Laysan_Albatross_0060_777.jpg,1,-0.12673211,0.022751257,-0.062580705,-0.054521777,0.07657346,0.02391633,0.19396743,-0.06947294,0.013237622,0.029881265,-0.038407248,-0.09475415,0.06365295,0.12052371,0.10483448,0.02686438,-0.035920568,0.07976729,0.11259721,0.07540451,0.16412294,0.07177934,0.045156315,0.0744823,0.092075035,0.13215572,0.1255543,-0.0018887706,0.054355852,0.053147137,-0.014424508,0.02443077,0.049146816
/mnt/sdd/caltech_training/three_classes/train/002.Laysan_Albatross/Laysan_Albatross_0006_702.jpg,1,0.13742867,0.234866,0.1208881,-0.0032526776,0.19992286,0.0010658801,0.051019646,0.2232316,0.08588669,0.062422086,0.1453864,0.055236958,0.039788738,0.110119924,0.02170682,-0.0023563914,0.018285874,0.05957566,0.10048425,-0.03198144,0.04860557,0.09008695,0.015269178,0.03689321,0.045354266,0.15622212,0.08314657,-0.0062288516,-0.03888185,-0.026301239,-0.028534895,0.010243632,0.04550484
/mnt/sdd/caltech_training/three_classes/train/002.Laysan_Albatross/Laysan_Albatross_0092_834.jpg,1,0.12081365,0.031200357,-0.02389223,0.023274016,-0.03883202,0.048682395,0.25174534,0.25257945,0.2186725,0.034640282,0.07621787,0.083544984,-0.022943132,0.04645295,0.051081326,0.052579984,0.045866057,-0.05767715,0.16267166,-0.05064982,-0.09041406,0.03771271,0.0029930025,0.03331764,-0.16707551,0.13509792,0.061549075,-0.02877241,0.017081263,0.021943424,-0.0059440904,0.010275975,0.04829295
/mnt/sdd/caltech_training/three_classes/train/002.Laysan_Albatross/Laysan_Albatross_0096_673.jpg,1,0.2583428,-0.2143573,-0.19525072,0.066882774,0.10712388,0.18258698,-0.028498702,0.16486008,0.2625146,0.048891544,0.10071054,0.23843223,0.19158089,0.09829349,0.07381683,0.0015818756,-0.024449542,-0.032476537,-0.03857996,0.08383198,0.17901787,0.043531556,0.04524571,0.06219622,0.010142347,0.17095143,0.13025345,0.05112368,-0.027739191,-0.02806411,-0.004673775,0.020465735,0.054879468
/mnt/sdd/caltech_training/three_classes/train/002.Laysan_Albatross/Laysan_Albatross_0005_565.jpg,1,0.06604095,-0.045151852,0.029914059,-0.058173366,-0.094097376,0.005276976,0.12888807,-0.08229823,-0.1569984,0.029726177,0.026193406,0.058720913,0.07039314,0.01765248,-0.03291226,-0.025648115,0.06722278,0.050590903,-0.015806044,0.17621991,0.016371839,0.05337967,0.104460835,0.08900593,0.022662506,0.06114574,0.026729818,-0.011131683,-0.024303846,0.022520216,-0.010163151,0.032926396,0.048464265
/mnt/sdd/caltech_training/three_classes/train/002.Laysan_Albatross/Laysan_Albatross_0104_630.jpg,1,-0.022699773,-0.057254065,0.0669136,-0.075692326,-0.10403154,0.030745454,-0.003293248,0.007139044,0.014601108,-0.040321417,0.08179083,0.06298997,-0.03982977,0.113832116,0.064236425,0.035957135,0.037321,0.040034045,-0.05725793,-0.068033546,0.14827745,-0.07744703,0.069497235,0.016932502,0.08629353,0.14687799,0.036978796,0.07460589,-0.13541591,-0.0907375,-0.019521361,0.017593157,0.03748285
/mnt/sdd/caltech_training/three_classes/train/002.Laysan_Albatross/Laysan_Albatross_0049_918.jpg,1,-0.05021613,0.23370688,-0.102553405,-0.030204777,0.21760693,0.04467313,0.08472069,-0.10470191,-0.02993812,0.039995767,0.11537177,0.090061754,0.07850501,0.06769127,0.12371768,-0.027244639,0.044407815,0.098178305,0.048608255,0.14015515,0.0244009,0.020931497,0.061675455,0.09117213,0.09520243,0.23333651,0.17522869,-0.010231763,-0.07891163,-0.05917554,-0.010314505,0.022384115,0.05609129
/mnt/sdd/caltech_training/three_classes/train/002.Laysan_Albatross/Laysan_Albatross_0075_668.jpg,1,0.24666266,-0.042720534,-0.1330626,0.05937575,0.0770022,0.040402442,0.16652292,0.17821515,0.19636989,0.03288894,0.09174943,0.12198535,0.012726578,0.059498712,0.09058236,-0.012470977,0.09948027,0.068863854,-0.11195554,0.12337124,0.22984599,-0.06823352,0.0005423697,-0.033586975,-0.03640642,0.09946336,0.019975174,0.020889055,0.0053383876,-0.049098205,-0.03528452,0.016171528,0.035566904
/mnt/sdd/caltech_training/three_classes/train/002.Laysan_Albatross/Laysan_Albatross_0079_506.jpg,1,-0.023490699,0.003170412,0.07812941,0.028112382,-0.16443376,0.15980735,0.04656354,0.09371673,0.10748428,-0.01941109,-0.020298088,0.041471228,-0.0022498555,0.14005576,0.115663275,0.03883194,-0.04913071,0.039632782,-0.05065535,0.05916278,0.11433165,0.03825462,0.083591,0.12329381,-0.0200066,0.064110376,-0.009522239,-0.013424218,-0.078581594,-0.056617983,-0.015410152,0.00623399,0.032400735
/mnt/sdd/caltech_training/three_classes/train/002.Laysan_Albatross/Laysan_Albatross_0094_1013.jpg,1,-0.009815261,0.04385462,-0.015413292,-0.01191964,0.13835642,0.11698535,-0.029846074,0.26844233,0.15621413,-0.06225261,0.04851461,0.07524494,0.025310615,0.14960527,-0.01380289,0.014864983,0.08496951,0.17503387,-0.019565566,0.022505466,-0.034694232,-0.0059460094,0.13909087,0.13272601,0.0011231676,0.002268646,-0.18018274,0.013014342,-0.08330703,-0.06210595,-0.026058255,0.0028147777,0.03340146
/mnt/sdd/caltech_training/three_classes/train/002.Laysan_Albatross/Laysan_Albatross_0018_492.jpg,1,-0.0639814,-0.17408037,-0.16361307,-0.06664887,0.1747594,-0.07609006,0.15708962,0.2351635,0.015262332,-0.017539421,0.008065302,-0.08002407,-0.097320996,0.17640461,0.016512096,0.032328483,-0.026608583,0.09211163,-0.06839006,0.19256502,-0.090628654,-0.012114136,-0.004056059,0.0068861917,-0.017475441,0.08259072,0.13911836,0.08100747,0.02570159,0.030790076,-0.03388313,0.019659968,0.04419097
/mnt/sdd/caltech_training/three_classes/train/002.Laysan_Albatross/Laysan_Albatross_0047_619.jpg,1,-0.026309915,-0.0038088262,-0.01701412,-0.06711472,-0.060891684,0.0067600682,-0.12577936,0.27380294,0.23105153,-0.06610741,0.09188833,0.05379068,-0.07750954,0.065680325,0.092595115,-0.023821218,0.01844357,0.06137009,-0.0036930814,0.07996912,-0.0133936405,0.021375032,0.007798072,0.032508105,0.052350886,0.009611752,-0.03211236,0.017540626,-0.047089197,-0.06116127,-0.022553634,0.008927397,0.035764657
/mnt/sdd/caltech_training/three_classes/train/002.Laysan_Albatross/Laysan_Albatross_0050_870.jpg,1,0.21046257,0.19826968,0.1387492,0.07828677,0.110681295,-0.0023908988,-0.08643358,-0.027265366,-0.0030915774,0.034496345,0.10422902,0.10323868,0.058222882,0.054073587,0.102755785,0.015516426,0.040546473,-0.01691047,0.009136507,0.19399858,0.12791386,-0.035613388,0.0062532164,0.048045278,-0.09108697,0.12927534,-0.02831543,-0.020822443,0.03604918,0.050910033,-0.013900971,0.011830886,0.029549407
/mnt/sdd/caltech_training/three_classes/train/002.Laysan_Albatross/Laysan_Albatross_0044_784.jpg,1,-0.012068942,0.11130236,-0.0066281706,-0.03386023,-0.01466891,-0.031400546,-0.051963456,0.018816426,-0.12051905,-0.015843734,0.018355917,0.0138763655,-0.1612848,0.11451796,0.06754005,-0.08975722,0.062813275,0.11979655,-0.037717585,-0.042596832,-0.09216228,-0.0013196012,0.04567448,-0.028374728,0.060654677,0.087011516,0.00936801,0.02211639,0.033777174,0.035629496,-0.01127293,0.0023066222,0.03504895
/mnt/sdd/caltech_training/three_classes/train/002.Laysan_Albatross/Laysan_Albatross_0023_1059.jpg,1,-0.1516738,-0.034547143,-0.07021618,-0.024679447,0.09901346,0.17424223,0.13157275,0.22364776,0.21494484,-0.00043598376,0.011018114,0.06472202,-0.07010326,0.13409755,0.16629902,0.019770391,-0.02545736,-0.021168048,-0.049419235,0.04532782,-0.06267952,-0.04129342,0.034410477,0.021988664,0.09238151,0.051789526,0.036674,-0.011959294,0.01933331,0.0010137409,-0.009086821,0.023133177,0.023716612
/mnt/sdd/caltech_training/three_classes/train/002.Laysan_Albatross/Laysan_Albatross_0034_628.jpg,1,-0.2850098,-0.04498844,-0.0031879637,-0.11340092,-0.08356309,0.0068485476,0.16533369,-0.14770406,-0.062853836,0.050248407,0.044341907,0.05365991,-0.11049184,0.09274783,0.11903162,-0.020246634,0.10485972,0.06387081,-0.018776802,-0.0518995,0.1811868,0.036969356,0.015217942,-0.05695279,0.16477355,0.03295558,0.028718363,0.03187637,-0.015286573,-0.021962944,-0.019041523,0.01096648,0.0439857
/mnt/sdd/caltech_training/three_classes/train/002.Laysan_Albatross/Laysan_Albatross_0098_621.jpg,1,0.045997888,-0.35755253,-0.17078811,0.022427723,-0.05501712,-0.009909638,0.08617885,-0.12148794,0.20399436,0.027469655,-0.048769668,-0.036608934,-0.031630244,0.017393399,-0.0129730925,-0.023154913,0.13005942,0.0056371074,-0.119746625,0.20371895,0.09860788,-0.025329493,-0.016698739,-0.01974158,0.0100049805,0.15641649,0.14873224,0.02150968,0.019300958,-0.028963441,-0.015682047,0.0097296685,0.031941816
/mnt/sdd/caltech_training/three_classes/train/002.Laysan_Albatross/Laysan_Albatross_0053_543.jpg,1,0.16899034,0.13168634,0.043460216,0.06288527,0.0035457239,0.13757437,0.070040405,0.118589774,0.059283372,-0.022102438,0.091963135,-0.030827709,-0.18232912,0.026163384,0.071356796,0.05512488,0.065192424,0.0600653,0.010642514,0.0981392,-0.05489835,0.0070521533,-0.06874642,-0.03650693,0.055523533,0.12965044,-0.0059281513,-0.021737017,0.060107082,0.06317254,-0.022358866,0.021859705,0.043353453
/mnt/sdd/caltech_training/three_classes/train/002.Laysan_Albatross/Laysan_Albatross_0088_883.jpg,1,0.11199266,-0.024074502,-0.0016687782,0.01596747,0.14494991,0.20440927,-0.14312324,0.3237924,0.32387584,-0.040083632,0.071761474,0.056257695,0.02765524,0.10025804,0.1230921,-0.0065199872,0.007824801,-0.0058761965,0.044162285,0.0068597402,0.03284335,0.09143165,0.04269894,0.07626897,-0.069471166,0.13920149,0.046125486,-0.0798194,-0.01210134,0.024677154,-0.012094153,0.02522118,0.03909808
/mnt/sdd/caltech_training/three_classes/train/002.Laysan_Albatross/Laysan_Albatross_0029_482.jpg,1,-0.08042358,-0.09002888,-0.10643524,-0.024364602,-0.04727873,-0.09987959,0.0053892173,0.29181218,0.0357308,-0.039210435,0.050073843,0.10324601,0.16288188,0.023082267,0.105027944,0.019866519,-0.026551228,-0.003168548,-0.062318563,-0.07642873,0.15787074,0.07007022,-0.04484381,0.056432452,-0.14858797,0.20453683,0.05542376,-0.05752243,0.025560172,0.04643841,0.007280972,0.022618957,0.06167972
/mnt/sdd/caltech_training/three_classes/train/002.Laysan_Albatross/Laysan_Albatross_0103_504.jpg,1,-0.16212688,0.017110871,-0.0025872774,-0.031344667,-0.18205783,-0.14120094,0.08793589,0.061354753,0.086676314,0.046498768,-0.038832147,0.003008889,-0.06899749,0.10294161,0.1772539,-0.05355441,0.064675376,0.11568679,0.09711646,-0.06334507,0.15129063,0.08082542,0.041417196,0.04358784,0.03958125,0.18341675,0.059989896,0.019147962,-0.06361264,-0.05711181,-0.029273704,0.01573503,0.0477861
/mnt/sdd/caltech_training/three_classes/train/002.Laysan_Albatross/Laysan_Albatross_0055_570.jpg,1,0.06500315,0.0865408,-0.053644914,0.012693413,0.02649318,-0.13920425,-0.028211616,-0.27062142,-0.17222106,-0.04726936,0.014697278,0.070027895,0.12639043,-0.029791625,0.09151215,0.032236207,0.006054879,-0.018341023,0.098315254,0.044991896,0.17708886,0.064383954,0.07046217,0.0025416338,-0.112619996,0.12548555,0.19173883,-0.021996155,0.008739973,0.025377769,-0.034682333,0.0077947946,0.035496965
/mnt/sdd/caltech_training/three_classes/train/002.Laysan_Albatross/Laysan_Albatross_0002_1027.jpg,1,0.107429504,0.0789236,0.05025862,0.0066066263,0.044432424,0.068168886,0.25224632,-0.15189528,-0.045395195,0.07101326,-0.020521736,0.017753564,-0.07433898,0.06387003,0.080452114,-0.004261355,0.05699066,0.030409273,0.037159145,0.13279995,-0.007626258,0.011380823,-0.038342353,-0.05735814,0.03681943,0.10249773,-0.04234741,0.03560725,-0.053778917,-0.008094432,-0.034107193,0.011160484,0.026816083
/mnt/sdd/caltech_training/three_classes/train/002.Laysan_Albatross/Laysan_Albatross_0039_924.jpg,1,-0.046808198,0.026505858,0.008969795,0.008707573,0.068415076,-0.062227815,0.03542628,-0.13783471,-0.25401917,-0.00017567165,0.09561513,0.05704105,0.041789696,-0.0660936,-0.09425861,0.04027907,-0.052312285,-0.054967396,-0.1325516,0.07915292,-0.06657872,-0.051726166,0.012530729,-0.09636301,-0.12496775,0.108457685,0.010459295,-0.0062920125,-0.035661273,-0.011893515,-0.0058801654,0.023512486,0.02976546
/mnt/sdd/caltech_training/three_classes/train/002.Laysan_Albatross/Laysan_Albatross_0071_792.jpg,1,-0.13485277,0.12760836,0.16138087,-0.0086007845,-0.060048886,0.14716025,0.013879355,0.07287271,0.0885459,-0.017970514,0.05466961,0.10720712,0.0097475145,0.0071814694,-0.012261789,-0.026447222,-0.0347495,-0.06528269,0.0010301992,0.07281786,0.12341966,-0.0301642,0.013053257,0.03369703,0.16491833,0.23485169,-0.16341785,0.00830496,-0.05144929,-0.055195052,-0.026319854,0.030056594,0.052939393
/mnt/sdd/caltech_training/three_classes/train/002.Laysan_Albatross/Laysan_Albatross_0064_674.jpg,1,0.0629902,-0.09904047,-0.073468074,-0.02597696,0.14259884,0.21459231,0.12904847,0.18838337,0.22382806,0.08292475,0.07329497,0.20462245,-0.18151715,0.045229748,-0.004230462,0.03825707,0.049549833,-0.0221515,0.100419246,0.22966602,0.2164914,0.0748401,0.021224827,0.0678249,0.07924484,0.20398512,0.013774612,0.008397911,0.029463325,0.0376864,-0.021299718,0.02313133,0.05107551
/mnt/sdd/caltech_training/three_classes/train/002.Laysan_Albatross/Laysan_Albatross_0081_800.jpg,1,0.14610147,0.13346246,0.04476545,-0.0035242215,0.2624022,0.15418342,-0.08330632,-0.05039199,0.019988433,-0.05212707,0.005127286,-0.10232066,-0.12315806,-0.014505472,0.09598307,-0.031115461,0.02372966,-0.01198954,-0.100498445,0.031068629,0.10501911,-0.03626117,0.01629595,-0.026003513,0.045523442,0.09728769,0.0018882863,-0.024678271,0.063500345,0.08033258,-0.028833946,0.01424475,0.032085333
/mnt/sdd/caltech_training/three_classes/train/002.Laysan_Albatross/Laysan_Albatross_0061_563.jpg,1,0.18558064,0.05068476,0.039881937,0.009334104,0.2000967,0.14611623,0.21911344,-0.1003116,-0.05275101,0.08189279,0.1351059,0.026599975,0.0414598,0.013164716,0.13279125,-0.0069118477,-0.019541118,0.0059684385,-0.14778067,0.098571144,0.026047975,-0.0028413357,0.06447835,0.075162545,0.12658331,0.042331006,0.00080668554,0.008674797,-0.04996434,-0.042852264,-0.014298625,0.02993123,0.051275536
/mnt/sdd/caltech_training/three_classes/train/002.Laysan_Albatross/Laysan_Albatross_0037_699.jpg,1,0.0043264795,0.008262195,-0.00610454,0.018060885,0.11277349,0.09801969,0.031114576,-0.010217801,0.06090591,-0.0028421022,0.021161608,0.081768006,0.054714505,0.11325268,0.15306829,-0.01828162,-0.045949906,0.029988961,0.07826353,-0.07545851,-0.06123348,0.037070878,0.013868223,0.12696233,-0.008430883,0.01777888,-0.06881861,0.035065666,0.025750129,-0.008188723,-0.013455348,0.015714124,0.0479258
/mnt/sdd/caltech_training/three_classes/train/003.Sooty_Albatross/Sooty_Albatross_0020_796359.jpg,2,-0.1269247,0.20645034,0.08229787,-0.03358616,0.1672831,0.14719576,0.27423355,0.057416286,-0.0072982647,0.08910817,0.06354123,0.0074646045,0.13654536,0.09853832,-0.00582581,0.020930175,-0.060501818,-0.06295614,0.09721567,-0.00834389,0.021786898,-0.023720987,0.08228847,0.17370787,0.09707915,0.29312307,-0.021202363,-0.017506763,0.0787468,0.06392302,-0.005021777,0.04239456,0.019929474
/mnt/sdd/caltech_training/three_classes/train/003.Sooty_Albatross/Sooty_Albatross_0069_796358.jpg,2,0.22118664,-0.07882626,-0.07499379,0.08700482,0.035517164,-0.040185653,0.11272188,-0.01755428,0.013504889,0.088906735,-0.13198599,-0.037767828,0.1779345,0.024035417,-0.03628932,0.10996105,0.032366768,0.045778543,0.15276963,0.04384225,-0.07855336,0.06451629,-0.007484523,0.021752445,-0.01501862,-0.0045718113,0.001655098,-0.031181883,-0.13769655,-0.13944055,-0.019835357,0.036309253,0.0382121
/mnt/sdd/caltech_training/three_classes/train/003.Sooty_Albatross/Sooty_Albatross_0007_796372.jpg,2,-0.032180455,0.049317818,0.03241818,0.021723647,0.07987368,0.164483,0.08969052,-0.06330663,0.028069457,0.020348262,0.014204108,0.020493018,0.112430654,-0.12246124,-0.09330909,0.11833569,0.061234877,0.020843118,-0.0061612874,0.065389566,0.06324429,0.04695804,0.11623457,0.09081477,-0.073372655,0.27072442,-0.075553745,-0.010925217,-0.01664451,-0.045303315,-0.024802215,0.05186312,0.044041637
/mnt/sdd/caltech_training/three_classes/train/003.Sooty_Albatross/Sooty_Albatross_0005_796342.jpg,2,-0.041952517,0.13016033,0.0132742,0.00897944,-0.072457105,-0.16658285,-0.08969343,-0.13641313,-0.08823917,0.013018362,0.10721526,0.01988754,0.059952002,0.049904283,0.043546252,0.0256048,-0.08234937,-0.06330714,-0.1029111,0.058589336,0.019766372,-0.019850465,0.088238955,0.12050809,-0.16262941,0.22669217,0.28530297,0.005446933,0.006509116,-0.008627353,0.001717886,0.041817203,0.04349468
/mnt/sdd/caltech_training/three_classes/train/003.Sooty_Albatross/Sooty_Albatross_0010_796355.jpg,2,0.23254016,-0.032485053,-0.03860835,0.0648288,-0.06137169,-0.12839307,0.30686945,0.08446939,0.05753847,0.18908027,0.15252177,0.103325084,-0.022465438,-0.042433888,-0.01497047,0.030023634,0.09056024,0.037332203,0.12952968,-0.031111851,-0.047687557,0.077119365,0.14562973,-0.0068832943,0.02690985,0.065334775,-0.15189457,-0.0046283277,-0.06696975,-0.03180661,-0.022495974,0.030775294,0.036088303
/mnt/sdd/caltech_training/three_classes/train/003.Sooty_Albatross/Sooty_Albatross_0068_796353.jpg,2,0.16036183,0.10957977,0.14334185,0.060271725,0.14864977,0.19259976,0.022586681,-0.011777706,0.0012502149,0.017466009,0.024380788,0.1086373,0.17514364,-0.010746462,-0.07407308,0.040728394,-0.02134832,-0.0118741505,-0.11668514,0.054133743,0.01768919,-0.011422599,0.03726107,0.008849747,-0.14488767,0.17166838,-0.09742482,-0.07364715,0.024416078,0.030976683,0.0074150385,0.0477593,0.04416166
/mnt/sdd/caltech_training/three_classes/train/003.Sooty_Albatross/Sooty_Albatross_0001_1071.jpg,2,0.020579895,0.2554178,0.1811971,0.027356904,-0.026916966,-0.03816944,0.043359168,0.06523907,0.082332015,0.025773179,0.10036826,-0.06166784,-0.048418637,0.07096942,0.04872358,0.07004943,-0.035945706,-0.0060149953,0.06882501,0.03436315,0.11252511,0.005492527,0.11110273,0.12152851,0.033677164,0.18435405,0.17817135,0.020635664,-0.037618957,-0.087631956,-0.012619743,0.03846968,0.040202953
/mnt/sdd/caltech_training/three_classes/train/003.Sooty_Albatross/Sooty_Albatross_0002_796395.jpg,2,0.09753574,-0.03361205,0.0875933,0.009358399,-0.12027532,-0.04939041,-0.07046524,-0.08613542,-0.1146566,0.040210456,0.10839722,0.043748874,0.23848766,-0.14308242,-0.10631254,0.03700195,-0.03360267,-0.06433848,-0.003873324,0.12931234,0.23436116,0.07375217,-0.013709674,0.03155249,-0.09068071,0.3068542,0.1497234,-0.04778626,-0.09152523,-0.09014093,-0.003439391,0.02734042,0.030138565
/mnt/sdd/caltech_training/three_classes/train/003.Sooty_Albatross/Sooty_Albatross_0043_1076.jpg,2,-0.00089563057,-0.11467156,0.024090905,0.0014249869,-0.16550586,-0.0013805777,-0.0061097164,-0.055295892,0.039447043,0.0032869875,0.061646104,0.01268426,0.09600592,-0.067266874,-0.10242455,-0.017680984,-0.028479487,-0.041699015,0.14687388,-0.023686,-0.11376691,0.06330248,0.11931813,0.1292427,0.011495754,0.18088736,0.11063994,-0.0074638342,0.009843749,0.0099596055,-0.0046130205,0.03710945,0.03970889
/mnt/sdd/caltech_training/three_classes/train/003.Sooty_Albatross/Sooty_Albatross_0023_796401.jpg,2,-0.044176362,-0.1338869,-0.23371428,-0.028166298,0.1760819,0.041671142,0.102522746,0.11502148,0.02694372,0.0907919,0.045548372,0.037536986,-0.076716974,-0.08013265,-0.00054205954,-0.027844802,-0.036725216,-0.045679297,0.038741447,0.026279151,-0.029901464,0.03144142,0.05651399,0.027599495,-0.048301414,0.2972049,0.04868512,-0.030242547,0.04399719,0.0024550036,0.004658979,0.04225612,0.0379505
/mnt/sdd/caltech_training/three_classes/train/003.Sooty_Albatross/Sooty_Albatross_0058_796360.jpg,2,0.048412442,-0.007897217,-0.0041299053,-0.014087638,0.13232145,0.1522892,0.23573709,0.0019668182,-0.021560807,0.079641216,0.029568925,-0.02752091,-0.0919006,0.05665327,0.08773376,0.053803124,0.061882712,0.04069021,0.14144683,-0.023767784,-0.08187778,0.05197734,0.019749796,0.106614426,0.10819507,0.2315984,0.020002853,-0.021577477,0.07068448,0.06935968,0.0007121023,0.035568416,0.03170661
/mnt/sdd/caltech_training/three_classes/train/003.Sooty_Albatross/Sooty_Albatross_0072_796371.jpg,2,0.09461687,0.07383944,0.0715792,0.031262048,0.06426611,0.18375176,0.035061136,-0.15069199,-0.035354998,0.108614296,0.013629553,0.0064765997,0.06304252,-0.062480092,-0.060077123,0.05752331,0.036772363,0.036745623,0.14950126,0.2615908,0.07109448,0.08216159,0.10594557,0.1325055,0.06995745,0.18897174,0.10316772,-0.007819435,-0.05214654,-0.093174264,0.0110564865,0.023091454,0.02683453
/mnt/sdd/caltech_training/three_classes/train/003.Sooty_Albatross/Sooty_Albatross_0030_1122.jpg,2,0.15730706,-0.030772526,-0.08570923,-0.012919119,-0.023121271,-0.00208575,0.108251944,-0.022227986,0.16935669,0.08078838,0.04281871,0.02054541,0.1426342,0.08639773,0.05294638,0.15680595,0.030160684,0.13805342,0.027172849,-0.01947362,-0.039758623,-0.0053775534,0.120066136,0.104896456,-0.22120076,0.2359797,0.04134441,-0.09266124,0.0012197122,-0.0059278086,-0.03065363,0.050743762,0.04016384
/mnt/sdd/caltech_training/three_classes/train/003.Sooty_Albatross/Sooty_Albatross_0065_796367.jpg,2,0.005540751,0.13167049,0.04016227,0.0032410892,0.0775264,-0.13698827,-0.12819354,-0.0842652,-0.08898766,-0.035197616,-0.029945822,0.01875143,0.171262,-0.07727794,-0.06536607,0.06734976,-0.028947089,-0.058194492,0.073032856,-0.10268172,-0.01538587,0.004773924,0.002561993,0.074372925,-0.05978544,0.1957855,-0.052388627,-0.065582655,0.038793676,0.008984536,-0.007262479,0.025605211,0.012851792
/mnt/sdd/caltech_training/three_classes/train/003.Sooty_Albatross/Sooty_Albatross_0041_796364.jpg,2,0.18271013,0.10101549,-0.03555397,0.094451874,0.13301195,0.13054478,0.16750917,-0.10035916,-0.09822194,0.08484035,-0.056538567,-0.037857227,-0.06151338,0.040880896,0.038256086,0.011601429,-0.023440987,0.040814847,-0.08561306,0.16987446,-0.0049755294,0.0036911927,0.07595368,0.14740364,-0.10635735,0.2756558,0.034051575,-0.014172524,0.053956624,0.014401481,-0.009610267,0.03198465,0.031096246
/mnt/sdd/caltech_training/three_classes/train/003.Sooty_Albatross/Sooty_Albatross_0031_1066.jpg,2,-0.24380259,-0.09928903,-0.026794612,-0.048928186,0.08203034,0.15735471,0.12426776,0.0779864,0.10526416,0.12276061,0.06732469,0.024443472,0.24542668,0.08429821,-0.00032535195,0.10615749,0.05998672,0.0072205365,0.03678579,0.15394236,0.08874268,0.042280402,0.008933219,0.07559212,-0.037253324,0.2998715,-0.080081254,-0.068055235,0.06439389,0.035018805,-0.003923569,0.04469913,0.03293813
/mnt/sdd/caltech_training/three_classes/train/003.Sooty_Albatross/Sooty_Albatross_0004_796366.jpg,2,-0.2457813,-0.071737066,-0.12213069,-0.03946018,0.13123325,0.107006624,0.0551325,0.074941255,0.03244789,-0.02810254,0.04040233,-0.0013874788,-0.13051198,-0.09022265,-0.09964968,-0.014955371,0.05721154,0.07260387,0.12382491,-0.0351605,-0.088231176,-0.03502739,-0.006342821,0.060729254,0.083952606,0.21742865,0.08761667,-0.051532093,0.02107807,0.016186342,-0.005095803,0.057817318,0.031932004
/mnt/sdd/caltech_training/three_classes/train/003.Sooty_Albatross/Sooty_Albatross_0079_796389.jpg,2,0.14472768,-0.050516922,-0.019703751,0.044284776,0.044893764,0.08579469,-0.3883273,0.21498476,0.14708343,-0.06400191,0.045352798,0.010548316,0.051092573,-0.06820329,0.02487722,0.048775792,0.04966148,-0.010673581,-0.10151927,-0.022697078,-0.086377665,0.0056745205,0.0272973,0.15377659,-0.039711818,0.28017998,-0.030004214,-0.0010993462,0.05090673,0.017515225,7.146085e-05,0.050411742,0.04176257
/mnt/sdd/caltech_training/three_classes/train/003.Sooty_Albatross/Sooty_Albatross_0034_1154.jpg,2,-0.07229806,-0.023390617,0.028075926,-0.001127731,0.042854354,0.041781165,-0.26619375,0.11146612,-0.027492728,-0.01604555,0.08209143,0.064583644,0.043929044,0.0013014264,-0.01889108,0.044681698,-0.027315319,-0.009053512,-0.15020315,0.15463138,0.0321461,-0.06062245,0.06645782,0.10977291,-0.033562828,0.15473953,-0.011294549,-0.018874107,0.0037087798,0.06024076,0.01611847,0.027324189,0.027276993
/mnt/sdd/caltech_training/three_classes/train/003.Sooty_Albatross/Sooty_Albatross_0050_796351.jpg,2,-0.10987591,0.10909253,0.14479898,0.003934456,0.20976329,0.07504762,-0.014803071,0.12618852,-0.008405946,0.07360327,0.09811147,0.125813,-0.14519137,-0.11954497,-0.042722836,-0.0017514257,0.041289933,-0.02398448,0.07365696,0.21261226,0.1544976,0.037264973,0.16363795,0.22635725,-0.0015905481,0.19867343,0.05851824,-0.04152002,-0.0043053804,-0.025042595,-0.0058721825,0.059384514,0.04604014
/mnt/sdd/caltech_training/three_classes/train/003.Sooty_Albatross/Sooty_Albatross_0048_1130.jpg,2,0.19513093,-0.054150365,0.01736414,0.011290668,0.08060326,0.08174275,0.3088334,0.1567002,0.16915575,0.107738614,0.07559376,0.13972786,-0.04193478,-0.029020993,-0.10206719,0.026723625,0.04533962,0.006590084,0.09948407,0.0048052557,-0.0072489344,0.041307535,0.06359776,0.010714146,0.0012390073,0.26700032,0.03976722,-0.007441897,0.019840192,0.014376116,-0.009258921,0.04429562,0.046722665
/mnt/sdd/caltech_training/three_classes/train/003.Sooty_Albatross/Sooty_Albatross_0024_1161.jpg,2,0.15957513,-0.08370911,-0.107463695,0.011832662,-0.0792779,0.011432782,0.08743805,-0.23136732,-0.17715341,0.07074496,0.07579869,0.079049364,-0.14011574,-0.0098672155,-0.05654579,0.06319187,-0.08907962,-0.030826338,0.1390501,-0.041883253,0.13518748,0.07169176,0.05095548,0.105785266,-0.1398627,0.2637515,0.12099815,-0.0072085517,-0.091777034,-0.14843382,0.00015638024,0.012634493,0.023810165
/mnt/sdd/caltech_training/three_classes/train/003.Sooty_Albatross/Sooty_Albatross_0014_796373.jpg,2,-0.0534645,-0.0042257737,-0.057625964,-0.03847182,0.029085074,0.046776183,0.12869433,0.09950126,0.13789251,-0.0012262948,-0.0010227719,0.073535375,-0.065640315,0.100567356,0.022664744,-0.104923435,-0.069907755,-0.053467993,-0.1321887,-0.021216068,0.041182075,-0.01674215,0.032114133,0.062364645,-0.01760322,0.098650426,0.06766359,-0.02226899,0.02256186,-0.02527763,0.010176091,0.03864299,0.036582872
/mnt/sdd/caltech_training/three_classes/train/003.Sooty_Albatross/Sooty_Albatross_0019_796391.jpg,2,-0.023694828,-0.037063807,-0.0020735804,-0.02277041,0.10071485,0.003253363,0.092922196,0.09639212,0.012785721,0.048866466,0.049362604,-0.063120306,0.07449017,-0.030668717,-0.06750959,0.03887099,-0.057994254,-0.085480645,0.24842489,-0.0843457,0.031324588,0.056709558,-0.004445987,-0.036023993,-0.050947197,0.06479529,0.077921085,-0.011137905,-0.12605253,-0.1574713,-0.004957401,0.016584609,0.03336395
/mnt/sdd/caltech_training/three_classes/train/003.Sooty_Albatross/Sooty_Albatross_0036_796387.jpg,2,-0.02498481,0.047694698,0.0274641,-0.093785934,-0.15751275,-0.15154451,0.091139,-0.044350795,0.04491704,0.08875204,0.015384852,0.050767478,0.23231907,-0.08805928,-0.12284994,0.068017066,0.032956515,0.049495816,-0.03333463,0.06621606,0.000585299,0.047023106,0.028163636,0.017365891,-0.07317918,0.17128967,0.145746,0.00015200116,-0.018234512,-0.047222264,-0.00750691,0.03695798,0.02906892
/mnt/sdd/caltech_training/three_classes/train/003.Sooty_Albatross/Sooty_Albatross_0022_796398.jpg,2,0.025888324,0.14017975,0.22207469,0.0036639394,0.047048602,-0.030316994,-0.037334234,0.044533256,0.05037983,0.11490537,0.10878935,0.014770415,0.1403501,0.03820676,0.07528737,0.0914288,0.03311478,0.12965956,0.18189323,0.023257384,-0.023706194,0.061135277,0.08521411,0.10946171,0.04524915,0.29500896,-0.0043824865,-0.025775535,0.043184347,0.028448246,-0.016901119,0.039366372,0.036647543
/mnt/sdd/caltech_training/three_classes/train/003.Sooty_Albatross/Sooty_Albatross_0013_796402.jpg,2,-0.0857684,0.009949234,0.051538132,0.0010685343,0.15693048,0.057569936,0.043325502,-0.11182404,0.09475988,0.04755546,0.08660967,0.01349968,0.05525124,-0.015012857,0.053766523,0.017281935,0.015762687,-0.070950806,0.08063267,0.05956529,0.10682994,-0.056479637,0.055059068,0.11843072,0.09385286,0.28350046,0.13287778,-0.009271819,-0.007397157,-0.0014571911,-0.01267827,0.050163038,0.045686066
/mnt/sdd/caltech_training/three_classes/train/003.Sooty_Albatross/Sooty_Albatross_0077_1080.jpg,2,0.25226402,0.13961534,0.015709175,0.037322946,0.030493716,-0.07759732,-0.073260546,0.076688,0.15688077,0.024171684,-0.019191885,-0.01470027,-0.21095592,-0.16394827,-0.08728923,-0.03547193,-0.06548241,-0.10818044,0.15053782,-0.13390514,-0.03531913,0.03637503,0.026553635,0.060487106,-0.098529875,0.100058705,0.13738893,-0.052843325,0.006360505,-0.029316433,0.004520328,0.052266516,0.034190126
/mnt/sdd/caltech_training/three_classes/train/003.Sooty_Albatross/Sooty_Albatross_0070_796346.jpg,2,0.03318551,-0.11689339,-0.23468018,-0.029551238,0.15672743,0.069690086,0.07455875,-0.04083762,-0.07625208,0.083915964,0.09087867,0.004139751,4.2618252e-05,-0.07398064,-0.016522985,0.025950618,-0.07536003,-0.0023444425,0.1730147,-0.093932375,-0.016727824,0.02565934,0.16969042,0.081090115,0.013278598,-0.023378521,-0.0187212,-0.03633684,-0.03992334,-0.050525583,0.006375639,0.032541066,0.03383963
/mnt/sdd/caltech_training/three_classes/train/003.Sooty_Albatross/Sooty_Albatross_0032_1149.jpg,2,0.17091691,0.104314074,0.05215737,0.042069957,0.084189706,0.052480817,0.23099999,0.14448097,0.03224986,0.029315103,0.094662786,0.10686999,-0.071799316,0.09299369,-0.0021041948,0.018003965,0.020239193,0.05391685,0.027691504,0.011880824,0.054319423,-0.0037468579,0.0002997145,0.09429791,-0.11107579,0.013077304,0.052721106,-0.047272317,0.011775572,0.016778812,0.008064152,0.049006525,0.03476982
/mnt/sdd/caltech_training/three_classes/train/003.Sooty_Albatross/Sooty_Albatross_0076_796365.jpg,2,0.12809667,-0.06666895,0.09219868,0.072058514,0.06556898,0.016403645,0.0020118244,0.20375866,0.12669513,-0.029860962,-0.02326988,0.034301747,0.14723246,0.07244828,-0.028058756,0.069341764,-0.08968109,-0.07796261,0.07354285,0.071428485,-0.08986767,-0.031645562,-0.009686362,-0.0011009462,0.08317474,-0.022878088,0.0017480962,0.022638705,0.0053502275,0.04796411,-0.014229422,0.043218326,0.030784216
/mnt/sdd/caltech_training/three_classes/train/003.Sooty_Albatross/Sooty_Albatross_0051_796374.jpg,2,-0.027772482,0.11117014,0.108176924,-0.027257342,0.07925753,0.19452158,0.29586232,0.11612667,0.0625471,0.08297626,0.017087638,0.06778089,0.0123798475,-0.07346076,-0.035475045,0.02865642,-0.010046467,-0.026734577,0.044579465,0.2395047,0.11790061,0.030438785,0.025444765,0.07514264,0.028092459,0.27837938,0.079392344,0.018540975,0.026437711,0.018974058,-0.0025549089,0.049441144,0.0386249
/mnt/sdd/caltech_training/three_classes/train/003.Sooty_Albatross/Sooty_Albatross_0025_796361.jpg,2,0.14343272,-0.041326493,0.00047745928,0.02257837,-0.012345924,-0.14247835,0.14269231,0.17661147,0.22097552,0.052900948,0.08913847,0.059068006,-0.1420645,-0.05094817,-0.029216742,0.009585772,0.03954552,0.0018191673,-0.15217313,0.0562711,0.06676751,-0.067566335,0.07383387,0.053660717,0.05403606,0.28753224,0.06242509,-0.052993488,0.04436416,0.029067993,-0.000647231,0.07119027,0.06146301
/mnt/sdd/caltech_training/three_classes/train/003.Sooty_Albatross/Sooty_Albatross_0074_1221.jpg,2,-0.01545153,-0.18426251,-0.11332524,-0.0124105625,-0.007650544,0.046270564,0.34172451,0.13170122,0.026520435,0.19710761,0.036328554,0.07488796,0.1696786,0.028282834,0.017957438,0.10394904,0.053902913,0.05794628,0.13683769,0.03750114,0.10151216,-0.0015356019,0.07378973,0.082386866,-0.03851229,0.23305283,-0.011885203,-0.0476184,0.0073660407,0.012252875,0.0043745516,0.05192355,0.03177337
/mnt/sdd/caltech_training/three_classes/train/003.Sooty_Albatross/Sooty_Albatross_0046_1211.jpg,2,0.013622044,-0.0064045917,0.08828035,-0.0033374662,0.0077242274,-0.09967411,-0.03405245,0.083288476,0.07493908,-0.022312317,0.06998237,0.0850171,-0.015806839,-0.052645437,-0.00070451386,-0.021694968,-0.034522608,0.07412177,-0.029160164,0.105923474,0.22027063,-0.055292483,0.02317911,0.09460846,0.039252345,0.31611446,0.18091998,0.01742795,-0.0071844067,-0.056644976,-0.0071099964,0.047596216,0.038922135
/mnt/sdd/caltech_training/three_classes/train/003.Sooty_Albatross/Sooty_Albatross_0003_1078.jpg,2,0.27214918,-0.11352894,-0.22548313,0.08494739,-0.044371717,0.12498698,0.11131103,0.22263041,0.22013122,0.07262156,0.067093104,0.10773294,0.01802016,0.07678008,0.015637731,-0.067096435,0.009507956,-0.020268809,0.071329,-0.038289115,0.056079607,0.04919588,0.09177766,0.06244359,-0.067088366,0.23685214,0.1902164,-0.03408519,-0.0839536,-0.15306345,0.011540651,0.054515168,0.04662159
/mnt/sdd/caltech_training/three_classes/train/003.Sooty_Albatross/Sooty_Albatross_0075_796352.jpg,2,0.025157891,0.06310385,0.025258124,0.0051118983,0.16851547,0.026857447,0.1828644,0.2518032,0.15442735,0.048594244,0.04577995,0.061987568,-0.08791697,-0.04984728,0.14783415,-0.01566473,-0.04921977,0.01515006,0.0055618193,0.21611586,0.048999775,0.055134647,0.061107695,0.14812559,0.05929602,0.20992129,-0.15252002,0.009732884,0.0097929705,-0.02912853,0.0013601184,0.03413523,0.03790068
/mnt/sdd/caltech_training/three_classes/train/003.Sooty_Albatross/Sooty_Albatross_0006_796390.jpg,2,-0.050603017,-0.022729222,0.0066043916,0.0013420098,0.016992765,0.084174484,0.04877142,-0.04827374,0.12751034,0.029765747,0.0953191,0.103288546,-0.070551276,0.023618348,0.07974765,-4.6385452e-05,-0.016831774,0.0005772761,0.0014921017,0.091614336,-0.092744306,0.024286974,0.059374593,0.11953254,-0.049437076,0.107403345,0.026008233,-0.020940263,0.019533087,0.034232456,0.0037822663,0.03519168,0.02551802
/mnt/sdd/caltech_training/three_classes/train/003.Sooty_Albatross/Sooty_Albatross_0042_1210.jpg,2,0.02872806,-0.002735138,-0.046153404,0.03335,-0.06113018,0.10687499,-0.13026983,-0.0039891573,0.07908028,-0.03607252,0.086310625,-0.10974936,0.02084079,0.04287364,0.14108303,0.0036067069,-0.011715305,0.00041031465,0.0950241,0.19382043,0.029566023,0.014281768,0.12260082,0.02432387,-0.14676549,0.023992013,-0.018664923,-0.02431941,-0.03560818,-0.077576034,-0.01073489,0.031027883,0.041367352
/mnt/sdd/caltech_training/three_classes/train/003.Sooty_Albatross/Sooty_Albatross_0073_1171.jpg,2,0.095143706,0.070800915,0.13542181,-0.022313077,-0.07394031,-0.16192573,-0.0365442,0.18623888,0.0749605,0.034955885,-0.056451343,-0.021304626,-0.20262882,-0.05071207,-0.003768023,0.006300157,-0.022346962,9.100698e-05,0.062057782,0.013558747,-0.023698132,-0.057014972,0.07629987,0.07692887,0.050953425,0.15532926,0.09258831,-0.03192612,-0.015157947,-0.035253387,-0.00861533,0.025359321,0.027559787
/mnt/sdd/caltech_training/three_classes/train/003.Sooty_Albatross/Sooty_Albatross_0038_1065.jpg,2,-0.13197716,0.14218466,0.15084152,0.013184233,-0.13195658,-0.023556916,-0.21497451,-0.06236828,0.00071479566,-0.042439368,0.054881718,0.012305489,0.13583079,-0.12308249,-0.21388444,0.04547482,0.036368188,0.03971184,-0.028782655,-0.0019496521,-0.09137836,0.018919822,0.19566698,0.14187758,-0.06714339,0.22153032,0.10918352,-0.0065992456,-0.05737731,-0.08084887,-0.01741975,0.032229897,0.031540714
/mnt/sdd/caltech_training/three_classes/train/003.Sooty_Albatross/Sooty_Albatross_0040_796375.jpg,2,-0.109018035,0.021003395,0.06903825,-0.050212592,0.0027453788,-0.06984845,0.0047578067,-0.044942737,-0.048889264,0.03770827,0.010069687,-0.015810117,0.22030576,0.09779835,0.044148833,0.089488536,-0.07168788,-0.05704985,0.08619415,0.014365009,-0.03366204,-0.008223295,-0.020419583,0.12339927,-0.019269366,0.32317272,-0.04085844,-0.00882368,-0.0161094,-0.003513297,0.0047427816,0.049615864,0.026745308
/mnt/sdd/caltech_training/three_classes/train/003.Sooty_Albatross/Sooty_Albatross_0016_1075.jpg,2,-0.11658925,-0.04351662,-0.049724266,0.027157437,-0.08213453,-0.052263424,0.11595189,0.041785408,0.16058633,0.014785115,-0.008504019,0.043859795,-0.07195694,0.01728572,0.028776951,-0.018723495,0.07596493,-0.013622763,0.026709897,-0.05255889,0.07573673,0.029283412,0.01571321,0.021601815,-0.047452327,0.1959042,-0.119773164,-0.012703023,0.040462486,0.028429579,0.009187312,0.028988358,0.019366667
/mnt/sdd/caltech_training/three_classes/train/003.Sooty_Albatross/Sooty_Albatross_0055_1160.jpg,2,0.0052147377,-0.083804175,-0.015709259,0.030710362,0.0563101,0.042024303,-0.04044728,0.06277515,-0.21325204,-0.0021236204,0.127853,0.14045098,-0.12276142,0.005804479,0.09410125,-0.030688204,-0.028476447,-0.028407857,0.09937818,-0.20529933,-0.011695877,-0.05244763,0.018234843,0.042609572,0.0049185622,0.057366654,-0.031193253,-0.006264182,-0.1058986,-0.11015262,0.020402208,0.037330803,0.03190499
/mnt/sdd/caltech_training/three_classes/train/003.Sooty_Albatross/Sooty_Albatross_0057_796354.jpg,2,-0.072020195,0.012780417,0.06610048,-0.0649939,0.06552685,0.20583814,0.04783013,0.08040245,0.08101093,-0.003920351,0.06787085,0.0029204711,0.1395061,-0.057141565,-0.09948472,0.088236295,-0.021568285,0.045555465,-0.038240857,0.1503158,0.050178707,-0.05305749,0.064283006,0.118666574,-0.21305785,0.2529609,-0.056238603,-0.07812433,0.048321053,0.058586553,-0.011188761,0.045348108,0.041545562
/mnt/sdd/caltech_training/three_classes/train/003.Sooty_Albatross/Sooty_Albatross_0063_1101.jpg,2,0.08719185,0.00042671338,-0.15161322,0.07590953,-0.15034153,-0.1709386,-0.10013401,-0.08013997,-0.22849637,0.030152306,-0.031777777,-0.07586366,0.18817928,-0.12301962,-0.11582797,0.05934321,0.015741166,-0.00056985393,0.01782021,-0.020831343,-0.035169583,0.06888512,0.03663809,0.12201814,0.023688294,0.14142528,0.052529573,0.017667636,-0.05919537,-0.01940128,0.0055161254,0.032328587,0.02728654
