Full filepath,Full Class Index,sensitivityscore_before_features.5.block.0.0,sensitivityscore_before_features.5.block.1.0,sensitivityscore_before_features.5.block.2.fc2,sensitivityscore_before_features.5.block.3.0,sensitivityscore_before_features.6.block.0.0,sensitivityscore_before_features.6.block.1.0,sensitivityscore_before_features.6.block.2.fc2,sensitivityscore_before_features.6.block.3.0,sensitivityscore_before_features.7.block.0.0,sensitivityscore_before_features.7.block.1.0,sensitivityscore_before_features.7.block.2.fc2,sensitivityscore_before_features.7.block.3.0,sensitivityscore_After_features.7.block.3.0_0.5,sensitivityscore_After_features.7.block.3.0_0.6,sensitivityscore_After_features.7.block.3.0_0.7,sensitivityscore_After_features.7.block.3.0_0.8
/mnt/sdd/caltech_training/three_classes/train/001.Black_footed_Albatross/Black_Footed_Albatross_0064_796101.jpg,0,-0.00061187136,-0.00054195954,0.030464265,-0.020521425,-0.014223354,-0.006751379,0.0021212418,-0.04308112,-0.008345197,-0.0038740793,-0.12865803,-0.004904909,0.031844325,0.011646499,0.047047526,0.12433633
/mnt/sdd/caltech_training/three_classes/train/001.Black_footed_Albatross/Black_Footed_Albatross_0010_796097.jpg,0,0.008732136,0.006929703,-0.1363464,-0.0024862364,0.0031710146,0.0004020559,0.06070776,-0.0024151886,0.013466751,0.009205006,0.051664215,0.017272804,-0.005188724,0.04801774,0.12738186,0.065660864
/mnt/sdd/caltech_training/three_classes/train/001.Black_footed_Albatross/Black_Footed_Albatross_0006_796065.jpg,0,0.010902497,0.002263973,0.04713668,0.002264535,-0.0051327916,-0.0076273307,-0.08310657,0.008985542,0.009407076,-0.0004025509,-0.015656061,-0.015526069,0.06776866,0.04505969,0.063204244,0.0061823735
/mnt/sdd/caltech_training/three_classes/train/001.Black_footed_Albatross/Black_Footed_Albatross_0051_796103.jpg,0,0.0024343,0.00076890574,-0.08868138,-0.012523012,0.005611419,-0.0045272647,-0.12102884,-0.009582198,-0.018101605,-0.0048638424,-0.021096133,-0.01027455,0.03617101,0.09413837,0.018866163,0.002931606
/mnt/sdd/caltech_training/three_classes/train/001.Black_footed_Albatross/Black_Footed_Albatross_0076_417.jpg,0,0.011769598,-0.0011573608,0.07544379,-0.017235797,-0.014204444,-0.014236823,-0.19191833,-0.041748893,-0.0025786357,-0.008759776,-0.05954627,-0.005535992,0.09490721,0.07779434,0.062623166,0.07605008
/mnt/sdd/caltech_training/three_classes/train/001.Black_footed_Albatross/Black_Footed_Albatross_0082_796121.jpg,0,0.0051967166,0.004863137,-0.102139294,0.032565642,-0.004924641,-0.0015472281,-0.07265636,-0.01246856,0.0065863654,0.0011214353,-0.01533962,0.0040903054,0.042019278,0.07488945,0.068563275,-0.0054784752
/mnt/sdd/caltech_training/three_classes/train/001.Black_footed_Albatross/Black_Footed_Albatross_0046_18.jpg,0,-0.00089567434,0.00095930987,-0.040321127,-0.0053670127,0.00417819,0.002037036,0.14472221,0.006403802,0.013621898,0.005344251,-0.038168147,-0.007964366,0.003687214,0.04230796,-0.02194107,0.04346623
/mnt/sdd/caltech_training/three_classes/train/001.Black_footed_Albatross/Black_Footed_Albatross_0001_796111.jpg,0,-0.000878879,0.00083072414,-0.12122683,0.008913554,0.00112366,-0.005082909,0.0052410327,-0.0035151038,0.0139812585,0.005061623,-0.09173258,0.040869966,0.019288253,0.06998574,0.011885986,-0.019707417
/mnt/sdd/caltech_training/three_classes/train/001.Black_footed_Albatross/Black_Footed_Albatross_0014_89.jpg,0,-0.0003267941,0.009811285,0.005657777,0.012023093,-0.0065957215,-0.004874677,-0.06895037,-0.018888835,0.030198742,0.007610476,-0.0038055107,0.03148977,-0.018791538,-0.06445463,-0.06250877,0.029702
/mnt/sdd/caltech_training/three_classes/train/001.Black_footed_Albatross/Black_Footed_Albatross_0057_796106.jpg,0,0.004411226,-0.0029199629,0.0053037624,-0.03814617,0.003149041,0.0032968381,0.0746775,0.001808512,0.004012759,-0.004429573,-0.124079004,-0.016548585,0.016649805,0.035740536,0.08142038,0.05463064
/mnt/sdd/caltech_training/three_classes/train/001.Black_footed_Albatross/Black_Footed_Albatross_0065_796068.jpg,0,-0.009678826,-0.004053732,-4.1699037e-05,0.002529522,-0.0060432204,-0.00026599178,-0.061170578,0.036050387,0.02843209,0.010764941,-7.5194985e-05,0.05444034,0.05547981,0.03643453,0.008168395,0.019918751
/mnt/sdd/caltech_training/three_classes/train/001.Black_footed_Albatross/Black_Footed_Albatross_0071_796113.jpg,0,0.011835404,0.0063706925,-0.106518045,0.030235263,-0.010402162,-0.0010017402,-0.015649244,0.019091655,0.02150888,0.004983766,-0.030465286,0.030370653,0.052435823,0.029440932,0.07574092,0.0007210579
/mnt/sdd/caltech_training/three_classes/train/001.Black_footed_Albatross/Black_Footed_Albatross_0045_796129.jpg,0,-0.002208613,-0.0112968795,0.049530108,-0.018316736,-0.002194507,-0.00446432,-0.022522993,-0.010147132,-0.009864909,-0.0010100345,0.046412937,-0.010472614,0.05178753,0.06723265,-0.07961039,0.065592185
/mnt/sdd/caltech_training/three_classes/train/001.Black_footed_Albatross/Black_Footed_Albatross_0047_796064.jpg,0,0.0072209663,0.012553397,0.057207875,0.013315627,-0.01565291,-0.0012669496,-0.05148971,-0.011590282,0.0059039015,0.00580323,0.030402847,0.008750631,0.026971415,-0.057175994,0.00984328,-0.011268009
/mnt/sdd/caltech_training/three_classes/train/001.Black_footed_Albatross/Black_Footed_Albatross_0039_796132.jpg,0,0.0041954177,-0.0043879133,-0.057523858,-0.0215041,-0.0019645486,-0.0046942136,-0.08023058,0.023789305,0.016311696,-0.0013859363,-0.06781218,0.034589294,0.031226408,0.003961859,-0.03315428,0.09879696
/mnt/sdd/caltech_training/three_classes/train/001.Black_footed_Albatross/Black_Footed_Albatross_0085_92.jpg,0,0.00024627688,-0.0023392923,-0.093339585,0.02928027,0.0027458875,0.008689735,0.13459563,0.0030772304,0.015666474,0.0050741406,-0.081997745,0.038391702,0.009965064,-0.0026368136,0.12119618,0.087881766
/mnt/sdd/caltech_training/three_classes/train/001.Black_footed_Albatross/Black_Footed_Albatross_0068_796135.jpg,0,0.010899423,0.0015540305,0.047190264,0.00030713738,0.0105941165,-0.0011321688,-0.036118988,-0.0003606649,-0.008947907,-0.0038999706,-0.006180525,-0.021357015,0.005985789,0.0055212677,0.052034445,-0.046706915
/mnt/sdd/caltech_training/three_classes/train/001.Black_footed_Albatross/Black_Footed_Albatross_0016_796067.jpg,0,0.02263403,0.006141775,-0.039979268,-0.002695675,-0.0029653215,-0.010854242,-0.09037348,0.0012315349,0.030716829,0.004002,0.11771405,0.029828016,0.015126265,0.0041706394,0.053497363,0.010184236
/mnt/sdd/caltech_training/three_classes/train/001.Black_footed_Albatross/Black_Footed_Albatross_0090_796077.jpg,0,0.010225352,0.0022450692,0.06835188,0.0042218775,-0.0058751483,-0.002740304,-0.034593992,-0.04436112,0.00036187237,-0.0029307827,-0.16260481,-0.0068012467,0.012270257,-0.011522386,0.05176156,0.035561103
/mnt/sdd/caltech_training/three_classes/train/001.Black_footed_Albatross/Black_Footed_Albatross_0089_796069.jpg,0,0.019642893,0.005504937,0.027638486,-0.00018559955,-0.006318598,-0.0068603186,-0.15388998,-0.052785847,0.0047327713,-0.0031010476,-0.057636417,-0.03456913,0.055088423,0.021841541,0.08002071,0.053141654
/mnt/sdd/caltech_training/three_classes/train/001.Black_footed_Albatross/Black_Footed_Albatross_0005_796090.jpg,0,0.012480543,0.005785692,0.071013585,-0.0030988604,-0.0146495495,-0.008885974,-0.05158371,-0.00864521,0.013470599,-0.0030532135,-0.16797355,-0.0037032785,-0.012608597,0.0049375226,-0.03167094,0.0010874178
/mnt/sdd/caltech_training/three_classes/train/001.Black_footed_Albatross/Black_Footed_Albatross_0007_796138.jpg,0,0.018059168,0.002947079,0.06146034,-0.006874984,-0.016054275,-0.011406854,-0.038910545,-0.060381677,0.001966816,-0.0007580593,-0.03497508,0.0154437935,0.039672296,0.0052589513,0.0416325,-0.002251083
/mnt/sdd/caltech_training/three_classes/train/001.Black_footed_Albatross/Black_Footed_Albatross_0069_796139.jpg,0,0.015905328,-0.0020956993,0.020641042,-0.008474381,-0.0050092507,-0.0067502125,-0.10342492,-0.023344789,0.0071739545,-2.4687673e-05,-0.026512738,0.012493281,0.058857717,0.016820433,0.055979557,0.064321734
/mnt/sdd/caltech_training/three_classes/train/001.Black_footed_Albatross/Black_Footed_Albatross_0040_796066.jpg,0,0.0077993674,0.0015107477,0.064831525,0.032017253,0.0021257536,-0.0030898955,0.08187287,0.029742545,0.02963275,0.0016620411,0.018465165,0.0005304804,0.05599446,0.059373073,0.09962544,0.034087047
/mnt/sdd/caltech_training/three_classes/train/001.Black_footed_Albatross/Black_Footed_Albatross_0041_796108.jpg,0,0.021000147,-0.0030041698,-0.006280862,0.010453162,-0.0076430407,-0.0007130209,-0.05394684,-0.016025903,-0.013181816,-0.0084433295,-0.13511226,-0.014895683,0.04749285,0.0029032547,-0.032906722,-0.0358282
/mnt/sdd/caltech_training/three_classes/train/001.Black_footed_Albatross/Black_Footed_Albatross_0074_59.jpg,0,-0.009807114,-0.010047976,-0.17155138,0.005685999,-0.00036148867,-0.0012609302,0.07108752,-0.0255782,0.015588034,0.0017845384,-0.14634985,0.03669765,-0.00879813,0.01848892,0.022112586,0.088381335
/mnt/sdd/caltech_training/three_classes/train/001.Black_footed_Albatross/Black_Footed_Albatross_0050_796125.jpg,0,0.0021846367,-0.0034166202,-0.08375549,-0.01087738,-0.004014965,-0.010906976,-0.02425555,0.009594628,-0.009710376,-0.0054794187,-0.042411562,0.010927789,0.029231688,0.062406957,0.09868395,-0.0141037395
/mnt/sdd/caltech_training/three_classes/train/001.Black_footed_Albatross/Black_Footed_Albatross_0058_796074.jpg,0,0.01046203,0.0036792476,-0.008896838,0.0065917065,0.00048239436,-0.0030279106,-0.054628618,0.03273543,0.028711472,0.0053629205,0.056424282,0.014952868,0.026699815,0.0100899115,0.039755583,-0.057961073
/mnt/sdd/caltech_training/three_classes/train/001.Black_footed_Albatross/Black_Footed_Albatross_0038_212.jpg,0,-0.00881198,-0.0031353927,-0.054679587,0.0023986204,-0.00440929,0.0046810415,-0.014613345,-0.0057692695,0.023155691,0.007402639,-0.027222786,0.056389675,0.015309446,-0.010828222,0.054274745,0.11323277
/mnt/sdd/caltech_training/three_classes/train/001.Black_footed_Albatross/Black_Footed_Albatross_0077_796114.jpg,0,0.0065981913,0.0018860928,-0.16895239,0.02130089,0.0036073476,0.006425978,0.039695684,0.03749919,0.06647739,0.012959978,-0.0047880113,0.07554215,-0.024933428,0.011999875,0.09626959,0.02509278
/mnt/sdd/caltech_training/three_classes/train/001.Black_footed_Albatross/Black_Footed_Albatross_0079_796122.jpg,0,-0.0061384044,-0.0031089329,-0.11175807,-0.01598943,0.003304215,-0.0014877603,-0.025436342,-0.030211003,-0.019949084,-0.005742039,-0.054865003,-0.025061965,0.043791883,0.014146388,0.083711,0.023589453
/mnt/sdd/caltech_training/three_classes/train/001.Black_footed_Albatross/Black_Footed_Albatross_0088_796133.jpg,0,0.0053370027,0.004801009,-0.066188,0.026916957,0.003927402,0.0011146863,-0.04845127,-0.0039629485,0.02477235,0.0049385624,0.020220783,0.07853133,0.044348508,-0.06456462,-0.076717004,0.024581647
/mnt/sdd/caltech_training/three_classes/train/001.Black_footed_Albatross/Black_Footed_Albatross_0024_796089.jpg,0,-0.0014485661,0.0018267095,-0.07063443,0.028582277,0.008298249,0.0053265984,0.07954027,-0.010613777,0.00583505,-0.00033211685,-0.019471519,-0.0032306034,-0.010516347,-0.025947262,0.014739792,-0.060559653
/mnt/sdd/caltech_training/three_classes/train/001.Black_footed_Albatross/Black_Footed_Albatross_0037_796120.jpg,0,0.005079313,0.0018324452,-0.13352972,0.031735092,0.0062065287,0.0054799123,0.0024328353,0.036746785,0.040886305,0.006003146,0.08280134,0.03128164,-0.004651724,0.07555938,0.13128164,0.060579583
/mnt/sdd/caltech_training/three_classes/train/001.Black_footed_Albatross/Black_Footed_Albatross_0060_796076.jpg,0,-0.007976426,-0.009511523,0.093407474,-0.003346784,-0.009948226,-0.0046889246,-0.11440495,-0.0064835586,0.01830386,-0.0022705747,-0.0033766627,0.0053679296,0.044378057,0.01087625,-0.011427035,0.07027591
/mnt/sdd/caltech_training/three_classes/train/001.Black_footed_Albatross/Black_Footed_Albatross_0049_796063.jpg,0,0.0010677902,0.0021335026,0.09519714,-0.018121438,-0.0013362039,-0.0039661718,0.04502367,-0.0035148363,-0.023307104,-0.006402684,0.012270388,-0.0010520872,-0.018426253,-0.031636316,0.02998221,-0.010400818
/mnt/sdd/caltech_training/three_classes/train/001.Black_footed_Albatross/Black_Footed_Albatross_0026_796095.jpg,0,0.008438973,-0.0022393232,0.027196035,-0.035456926,-0.0070999423,-0.005379729,-0.06296166,0.012204346,0.008103222,0.0033973947,-0.06508895,0.048027687,0.06946814,0.077077575,0.058757395,0.045586564
/mnt/sdd/caltech_training/three_classes/train/001.Black_footed_Albatross/Black_Footed_Albatross_0032_796115.jpg,0,-0.0051301233,-0.0026859525,-0.15028356,-0.029327748,-0.0054905596,0.001823237,-0.060661033,-0.02191986,-0.005795322,0.0016785716,0.037703358,-0.0011190278,0.055725854,0.06367414,0.044631746,-0.0009227111
/mnt/sdd/caltech_training/three_classes/train/001.Black_footed_Albatross/Black_Footed_Albatross_0053_796109.jpg,0,0.007838757,0.0016741769,0.114639744,0.002399045,-0.01649174,-0.004033119,-0.012782313,0.00039520022,0.0020215942,-0.007825438,-0.035398636,-0.016583677,0.049802348,-0.032281123,0.08900158,0.053777132
/mnt/sdd/caltech_training/three_classes/train/001.Black_footed_Albatross/Black_Footed_Albatross_0035_796140.jpg,0,0.0026843646,-0.0034589227,-0.008080032,-0.015754733,-0.011300182,-0.005535044,-0.06333989,0.06745633,0.020579461,0.0021452175,-0.008061573,0.018599192,0.06865415,0.027071353,-0.0854663,0.019625131
/mnt/sdd/caltech_training/three_classes/train/001.Black_footed_Albatross/Black_Footed_Albatross_0061_796082.jpg,0,0.0065872176,-0.004032792,0.029681755,-0.021724964,-0.0072250385,-0.009861859,-0.03855606,-0.05362993,-0.014993998,-0.008789253,-0.08091922,-0.013175492,0.038305115,0.0011009639,0.014748508,-0.024396364
/mnt/sdd/caltech_training/three_classes/train/001.Black_footed_Albatross/Black_Footed_Albatross_0023_796059.jpg,0,0.002825762,-0.0020992707,0.088880874,0.01949805,-0.00092800177,0.00031421613,-0.065592,0.037346043,0.012060825,0.0036009592,0.07740969,0.03391353,0.027593683,0.031435184,0.0076555857,0.0049457727
/mnt/sdd/caltech_training/three_classes/train/001.Black_footed_Albatross/Black_Footed_Albatross_0033_796086.jpg,0,0.0045948857,0.0029376657,0.07269186,0.038117938,-0.010417795,-0.009398389,0.029043332,-0.006953851,0.015515493,-0.0053115916,-0.09789173,0.033970356,0.05849148,0.05816494,0.07668735,0.09438874
/mnt/sdd/caltech_training/three_classes/train/001.Black_footed_Albatross/Black_Footed_Albatross_0042_796071.jpg,0,0.006021983,0.0061786766,0.013262585,0.013017428,-0.002927749,-0.004643962,-0.0037622284,0.03540632,0.039526634,0.0040963963,0.009243295,0.03192362,0.037615478,0.04465643,0.08502057,-0.028006926
/mnt/sdd/caltech_training/three_classes/train/001.Black_footed_Albatross/Black_Footed_Albatross_0036_796127.jpg,0,0.012547972,-0.0016380688,-0.15150592,-0.017716654,0.0095522925,-0.0010997725,-0.0782245,0.052314613,0.023978058,0.0029274044,0.032511078,0.024773084,0.039275743,0.035545725,0.0608219,-0.017384069
/mnt/sdd/caltech_training/three_classes/train/001.Black_footed_Albatross/Black_Footed_Albatross_0078_796126.jpg,0,0.0037144877,-0.0072824275,0.04400781,0.012579294,0.0033744117,-0.0055217566,-0.019860186,-0.055254545,-0.008473662,-0.009108474,-0.029104296,-0.04030812,0.023935508,-0.05921417,-0.0031688358,0.10092218
/mnt/sdd/caltech_training/three_classes/train/001.Black_footed_Albatross/Black_Footed_Albatross_0003_796136.jpg,0,0.0075695133,-0.0015764378,-0.077010676,-0.014432011,-0.0012146435,-0.0052535287,-0.09330623,0.029861324,0.04569906,0.0065050037,-0.08072609,0.061388243,0.00017388444,0.004264252,0.023049623,0.03631909
/mnt/sdd/caltech_training/three_classes/train/001.Black_footed_Albatross/Black_Footed_Albatross_0063_796141.jpg,0,0.0025152816,-0.0029623348,-0.060049713,-0.024232652,-0.010044098,-0.0029222488,-0.10112018,-0.055686057,-0.0077612675,-0.0034277178,-0.101839975,-0.017115325,0.03967002,0.028738553,0.053769633,0.04987439
/mnt/sdd/caltech_training/three_classes/train/002.Laysan_Albatross/Laysan_Albatross_0091_602.jpg,1,-0.000869208,-0.0010765691,-0.062178288,-0.010202759,0.010575114,-0.0017951875,-0.03807774,-0.02898679,-0.014293373,-0.0062182276,0.039176296,-0.038347483,-0.0028454494,0.033080548,-0.030336123,-0.0011807824
/mnt/sdd/caltech_training/three_classes/train/002.Laysan_Albatross/Laysan_Albatross_0017_614.jpg,1,-0.005857057,0.0016540786,-0.16538508,0.007697696,-0.0052240845,0.0015378722,-0.021558493,0.041761514,0.04865519,0.0035230191,0.022424148,0.03614906,0.011848541,0.033203475,-0.05816789,0.0026988238
/mnt/sdd/caltech_training/three_classes/train/002.Laysan_Albatross/Laysan_Albatross_0059_488.jpg,1,-0.003518396,-0.0011441736,-0.045652933,0.008438531,-0.0057273703,-0.00281669,0.040078457,-0.009550186,-0.00204656,-0.004039161,0.05345803,-0.02942244,0.004381244,0.033192903,0.023635091,-0.026517306
/mnt/sdd/caltech_training/three_classes/train/002.Laysan_Albatross/Laysan_Albatross_0085_564.jpg,1,0.0058607613,-0.0019457835,0.08257354,0.0259921,0.0017775393,-0.0074960096,0.013807517,0.008166839,0.02411052,0.007970257,0.046025947,0.036450565,-0.025439871,0.008998495,-0.06083052,0.016235212
/mnt/sdd/caltech_training/three_classes/train/002.Laysan_Albatross/Laysan_Albatross_0076_671.jpg,1,-0.0021900884,-0.0026274642,-0.15207838,0.035468053,-0.0057143783,0.006360309,0.015083957,-0.0013497411,0.026265377,0.007170248,-0.0465571,0.06163103,0.046334773,0.047810465,-0.01971241,-0.053129103
/mnt/sdd/caltech_training/three_classes/train/002.Laysan_Albatross/Laysan_Albatross_0040_472.jpg,1,-0.004747093,-4.881993e-06,-0.1156473,0.0242064,0.016626108,0.0049337223,-0.014710583,0.03368206,0.009013648,0.0038805571,-0.021531418,-0.0032356149,-0.017833438,0.048997104,-0.03666102,-0.016721249
/mnt/sdd/caltech_training/three_classes/train/002.Laysan_Albatross/Laysan_Albatross_0083_756.jpg,1,-0.000778807,0.00101844,-0.12659681,0.033620387,-0.0042893053,0.0026004738,-0.0021279454,0.0012647929,0.007336179,0.009072026,-0.063646175,0.028853271,0.020461172,0.077525824,-0.044108335,-0.056750543
/mnt/sdd/caltech_training/three_classes/train/002.Laysan_Albatross/Laysan_Albatross_0080_821.jpg,1,-0.009507231,0.003554904,-0.1872638,0.01045424,0.014483254,0.0049241707,0.0072002932,0.025121838,0.029830063,0.0074194577,-0.12987874,0.0371349,-0.0042950152,0.00092014857,-0.014304803,-0.03961336
/mnt/sdd/caltech_training/three_classes/train/002.Laysan_Albatross/Laysan_Albatross_0065_809.jpg,1,-0.006021168,0.000809437,-0.054484718,0.01255081,0.006606696,0.0043428815,0.05121722,0.02212521,0.00993036,0.010651453,-0.12327686,0.06230153,0.016611693,0.015431777,-0.002515865,0.013852303
/mnt/sdd/caltech_training/three_classes/train/002.Laysan_Albatross/Laysan_Albatross_0042_801.jpg,1,-0.0077482113,0.0008672526,-0.010065343,-0.0012042127,-0.0016038208,0.0046677245,0.14178912,0.004607985,-0.015596935,0.0003053618,0.058860242,0.009595242,0.022734089,0.019393187,-0.01480359,-0.079031035
/mnt/sdd/caltech_training/three_classes/train/002.Laysan_Albatross/Laysan_Albatross_0033_658.jpg,1,-0.006005862,-0.00088997505,-0.06806363,-0.012461817,0.008007029,0.0063701347,-0.04662503,0.016391214,0.011228936,0.0075255046,-0.017145121,0.03279735,0.022886325,-0.0042458847,-0.0012407181,0.05416342
/mnt/sdd/caltech_training/three_classes/train/002.Laysan_Albatross/Laysan_Albatross_0012_696.jpg,1,-0.0032507994,-0.00048985425,0.031534016,0.028686048,0.0073123258,0.008614491,0.027756574,0.0060366737,0.013840032,0.004139484,0.08790316,0.020556357,0.005381016,0.06922291,0.006281895,0.029582497
/mnt/sdd/caltech_training/three_classes/train/002.Laysan_Albatross/Laysan_Albatross_0028_643.jpg,1,-0.010866916,0.002506066,-0.179741,0.019144015,0.014226387,0.012932981,-0.04006913,0.06231999,0.032023508,0.011084214,-0.06283763,0.06150998,0.010583635,0.03783202,0.009416861,-0.006635106
/mnt/sdd/caltech_training/three_classes/train/002.Laysan_Albatross/Laysan_Albatross_0099_869.jpg,1,0.0036666705,-0.00049199833,-0.078837335,0.0038059494,0.0056328136,0.0047294376,0.019111428,-0.0074603288,-0.0053668427,0.0023812195,0.05617712,0.037966788,0.04916489,0.001163024,-0.07351778,0.057269298
/mnt/sdd/caltech_training/three_classes/train/002.Laysan_Albatross/Laysan_Albatross_0056_500.jpg,1,0.00989696,0.0072243772,-0.04470917,0.01710819,0.0048326743,0.0050452356,-0.013877943,0.016687438,-0.0014885135,0.005250886,0.0038137287,0.03495112,0.031671226,0.03272257,-0.06806988,-0.092413634
/mnt/sdd/caltech_training/three_classes/train/002.Laysan_Albatross/Laysan_Albatross_0025_571.jpg,1,-0.0051855035,0.00021918514,-0.17890194,0.026216302,0.0151224695,0.014712136,0.08119044,0.008643816,0.021012295,0.0030527723,-0.0012632543,0.041595906,0.0029346133,0.019255545,0.13674572,0.07991742
/mnt/sdd/caltech_training/three_classes/train/002.Laysan_Albatross/Laysan_Albatross_0070_788.jpg,1,0.00833385,-0.00055196986,-0.08836004,-0.020485433,-0.0019698595,-0.0011491544,-0.07811956,-0.035814762,-0.013679233,-0.004459667,0.011328898,-0.034592137,-0.026461482,-0.016243506,-0.0446981,-0.0498849
/mnt/sdd/caltech_training/three_classes/train/002.Laysan_Albatross/Laysan_Albatross_0100_735.jpg,1,0.0002123001,-0.007514949,-0.10022873,-0.007944707,0.00033941772,-0.0028230574,-0.06909489,0.04155569,0.02840256,0.0037870891,-0.14238435,0.049937703,-0.026618492,-0.008884857,-0.031021077,0.006565042
/mnt/sdd/caltech_training/three_classes/train/002.Laysan_Albatross/Laysan_Albatross_0013_910.jpg,1,-0.016501915,-0.00500583,-0.21577603,-0.02063496,0.0012819795,0.0066634845,0.0020336546,-0.0011638503,-0.015107074,-0.00014586444,-0.18207526,-0.0030928883,0.021779899,0.048121795,0.0343358,-0.011283433
/mnt/sdd/caltech_training/three_classes/train/002.Laysan_Albatross/Laysan_Albatross_0060_777.jpg,1,-0.01035618,0.0013969529,-0.17046845,-0.0030393582,-0.0028033862,0.0053996774,0.027329816,-0.042855553,-0.010291863,0.0012311531,-0.03880398,-0.00017547514,0.051128026,0.04592441,0.033656564,0.00056200987
/mnt/sdd/caltech_training/three_classes/train/002.Laysan_Albatross/Laysan_Albatross_0006_702.jpg,1,0.014717529,-0.00016333349,-0.07183558,0.013325425,0.0147025585,0.004934551,0.040976416,0.024841694,0.0068560243,-0.0005880218,-0.0032406338,0.0102600735,0.029815173,-0.001207934,-0.023850935,0.0029541976
/mnt/sdd/caltech_training/three_classes/train/002.Laysan_Albatross/Laysan_Albatross_0092_834.jpg,1,-0.0029693572,0.00067068817,-0.06390155,0.0026862882,0.008359227,0.004397738,0.034721825,0.014991518,-0.0034320343,0.005391221,-0.10777735,0.0040090787,-0.020898957,0.019304335,-0.05213459,-0.074487165
/mnt/sdd/caltech_training/three_classes/train/002.Laysan_Albatross/Laysan_Albatross_0096_673.jpg,1,-0.0012716072,0.0034936946,0.024665458,0.026435949,0.0014360361,0.0035555612,0.10044627,0.024191448,0.00019990047,0.0063542593,-0.16057941,0.051645454,0.032659285,0.035545126,-0.030187637,0.0061430447
/mnt/sdd/caltech_training/three_classes/train/002.Laysan_Albatross/Laysan_Albatross_0005_565.jpg,1,-0.0054326076,-0.00794588,-0.04241333,-0.016552214,-0.0020285049,-0.005219149,0.017784968,-0.033365484,-0.02137405,-0.0022386205,0.0764166,-0.035703145,0.00533914,0.061655164,0.017591715,-0.08232891
/mnt/sdd/caltech_training/three_classes/train/002.Laysan_Albatross/Laysan_Albatross_0104_630.jpg,1,-0.0017434648,0.011041917,-0.140128,0.02685089,0.009122497,0.0045186244,0.053504124,0.053499263,0.010840936,0.004741056,-0.02361812,0.039701365,0.028270133,-0.052493535,0.045257516,-0.092557415
/mnt/sdd/caltech_training/three_classes/train/002.Laysan_Albatross/Laysan_Albatross_0049_918.jpg,1,-0.0033661304,-0.0050676176,-0.19727468,-0.026286121,-0.002539431,-0.0075520496,-0.031748556,0.051598035,0.0108038355,0.00671113,0.095500916,0.06232017,-0.01785512,0.06548302,0.05206206,-0.10377474
/mnt/sdd/caltech_training/three_classes/train/002.Laysan_Albatross/Laysan_Albatross_0075_668.jpg,1,-0.008400644,0.00058833987,0.03430557,-0.035915397,-0.014148228,-0.011928669,-0.07037379,-0.08219322,-0.051055558,-0.0034745745,0.23260562,-0.031524282,-0.012001116,0.0009103203,-0.044403583,0.005109478
/mnt/sdd/caltech_training/three_classes/train/002.Laysan_Albatross/Laysan_Albatross_0079_506.jpg,1,0.0022506518,0.0029961467,0.08073506,0.011879062,0.0018700546,0.0025743204,0.05085419,0.012153778,0.02656909,0.0039477,0.083517335,0.031010821,-0.06818119,-0.0012401035,-0.013505498,-0.017240278
/mnt/sdd/caltech_training/three_classes/train/002.Laysan_Albatross/Laysan_Albatross_0094_1013.jpg,1,-0.0138278045,-0.00507688,-0.0047091693,0.0096308375,-0.0053034206,-0.0045038965,-0.05405399,0.03887818,0.0235854,0.006210252,-0.050384693,0.044984914,0.020607822,0.0073360815,0.023684781,-0.0058721807
/mnt/sdd/caltech_training/three_classes/train/002.Laysan_Albatross/Laysan_Albatross_0018_492.jpg,1,0.0048624873,0.003338353,0.034642957,0.002134379,-0.0059888954,-0.0010788904,0.004209002,-0.03931497,-0.009303612,-0.0040364275,0.1474412,-0.00058672694,0.0012402199,0.001518826,-0.078764275,-0.09225569
/mnt/sdd/caltech_training/three_classes/train/002.Laysan_Albatross/Laysan_Albatross_0047_619.jpg,1,-0.0029250006,0.0013005389,0.025968513,-0.007343974,0.011562561,0.003592825,-0.04198777,0.020420855,0.02454133,0.0059394105,0.054559615,0.017311554,-0.038533136,0.020920187,-0.074029505,0.0044459095
/mnt/sdd/caltech_training/three_classes/train/002.Laysan_Albatross/Laysan_Albatross_0050_870.jpg,1,-0.0036269953,-0.0034977705,-0.034642577,-0.0038318494,-0.0031810827,0.0036685204,0.025171518,0.011804964,-0.00013504829,-0.004724885,-0.01414083,-0.0050706835,0.019128347,0.015933357,-0.06547702,0.08404134
/mnt/sdd/caltech_training/three_classes/train/002.Laysan_Albatross/Laysan_Albatross_0044_784.jpg,1,0.009407412,0.0031586061,0.06789038,-0.011297869,0.0034531713,0.002812514,0.046593137,-0.03976951,-0.017336953,3.3723656e-05,-0.0030787066,0.009221619,0.005636781,0.06429511,0.037665885,-0.09028314
/mnt/sdd/caltech_training/three_classes/train/002.Laysan_Albatross/Laysan_Albatross_0023_1059.jpg,1,-0.0059272815,0.0030028939,-0.00803198,0.007990252,0.00081056217,0.0007777121,-0.095747605,0.02768843,0.019199844,0.006496464,0.021771602,0.013025824,0.0050710067,0.051189773,-0.014059305,-0.053217612
/mnt/sdd/caltech_training/three_classes/train/002.Laysan_Albatross/Laysan_Albatross_0034_628.jpg,1,-0.007072374,-0.0010277294,-0.16473897,0.033739462,0.015052313,0.010518815,0.034408048,0.030157696,0.011731958,0.004729609,-0.0034414697,0.07452954,0.0053497422,0.017182816,-0.011087364,0.0031056437
/mnt/sdd/caltech_training/three_classes/train/002.Laysan_Albatross/Laysan_Albatross_0098_621.jpg,1,-0.015293557,-0.0039964393,-0.13201745,-0.010296493,0.0009611737,0.0011986876,-0.08202714,0.0010246709,-0.007966824,-0.0027716588,-0.018728398,-0.014438085,-0.0046585337,0.0019878978,-0.018521324,0.09687738
/mnt/sdd/caltech_training/three_classes/train/002.Laysan_Albatross/Laysan_Albatross_0053_543.jpg,1,0.004696231,8.693431e-06,-0.054184288,-0.00024977978,-0.0050249323,0.0012952774,0.023898296,-0.015597772,0.01619894,0.0010682323,0.0899457,0.04294821,-0.03434666,0.037761055,-0.10334939,0.10035078
/mnt/sdd/caltech_training/three_classes/train/002.Laysan_Albatross/Laysan_Albatross_0088_883.jpg,1,-0.004070117,-0.009375832,-0.13005137,-0.038481362,-0.00891596,-0.007190982,-0.12236638,-0.054498736,0.011255069,0.0005034064,0.086086,0.009809583,-0.014556751,-0.05321789,-0.024908964,-0.035694465
/mnt/sdd/caltech_training/three_classes/train/002.Laysan_Albatross/Laysan_Albatross_0029_482.jpg,1,-0.0009258656,-0.0024336223,-0.083475836,-0.005602003,-0.013845939,-0.006073851,-0.019936688,-0.056906678,-0.04351087,-0.0011614733,0.052518696,-0.03774271,0.015920369,0.027784064,0.0631374,-0.08157772
/mnt/sdd/caltech_training/three_classes/train/002.Laysan_Albatross/Laysan_Albatross_0103_504.jpg,1,-0.007414989,0.0007327822,-0.18628368,0.03546843,0.0008173636,0.013906563,0.0060932264,0.021940252,0.01561487,0.005487509,-0.13521746,0.03197933,0.019723296,-0.028613448,-0.046519265,0.092233546
/mnt/sdd/caltech_training/three_classes/train/002.Laysan_Albatross/Laysan_Albatross_0055_570.jpg,1,0.0021809025,-0.002672264,-0.09042209,8.70442e-05,-0.01017539,-0.0041580205,-0.017470628,-0.014017001,-0.005891365,0.0017557781,-0.08582789,-0.013220666,-0.06985073,-0.019808795,-0.034295548,-0.053981144
/mnt/sdd/caltech_training/three_classes/train/002.Laysan_Albatross/Laysan_Albatross_0002_1027.jpg,1,0.0032692836,0.0013275502,-0.0636475,0.036188275,0.0056896377,0.0008138919,-0.07097392,-0.008985203,-0.0020582231,0.0016954775,-0.038602702,0.008595271,-0.054997005,0.0002575158,-0.049289413,0.04883173
/mnt/sdd/caltech_training/three_classes/train/002.Laysan_Albatross/Laysan_Albatross_0039_924.jpg,1,0.013335814,-0.0025058521,-0.041017927,0.010187879,-0.0030738418,-0.0041376827,0.0945642,-0.00058153225,-0.017324515,0.0009057848,-0.07772079,0.031091398,-0.031180264,0.0050642984,-0.05453334,-0.067866504
/mnt/sdd/caltech_training/three_classes/train/002.Laysan_Albatross/Laysan_Albatross_0071_792.jpg,1,-0.0015170705,-0.0049673417,-0.079538286,0.0074918875,-0.0033324743,0.0004895206,-0.013139781,0.04832688,0.020262808,0.0064983726,0.12448487,0.07700395,-0.030632451,-0.004179865,-0.053731263,-0.07578355
/mnt/sdd/caltech_training/three_classes/train/002.Laysan_Albatross/Laysan_Albatross_0064_674.jpg,1,0.007117816,0.004542584,-0.03540458,0.0143481055,-0.0010164764,-0.0016091613,0.033815827,0.036327347,0.052643042,0.0034957381,-0.029382251,0.05114866,-0.012272841,0.0065230937,-0.034413636,-0.070571005
/mnt/sdd/caltech_training/three_classes/train/002.Laysan_Albatross/Laysan_Albatross_0081_800.jpg,1,0.0053909104,0.011654463,-0.00855989,0.023419144,-0.0024502696,0.0017112364,0.053356078,-0.04081481,-0.01515365,-0.00091976626,0.051814914,0.013357401,0.02069741,0.025198862,-0.07245525,-0.06907814
/mnt/sdd/caltech_training/three_classes/train/002.Laysan_Albatross/Laysan_Albatross_0061_563.jpg,1,-0.0009773949,-0.0024756168,-0.034912035,-0.0037860014,-0.014385282,0.0011633192,-0.025254525,-0.06403682,-0.024461482,-0.002817066,0.1680277,-0.011453364,-0.019395523,-0.043688655,-0.037825238,-0.09251547
/mnt/sdd/caltech_training/three_classes/train/002.Laysan_Albatross/Laysan_Albatross_0037_699.jpg,1,0.020204451,0.0058854064,-0.03534253,0.0072601344,-0.0066134697,-0.0031867982,-0.056993593,-0.0005021088,-0.021956505,-0.0018346012,0.11349961,-0.028750645,0.0050270148,-0.029046346,-0.104589984,0.020638488
/mnt/sdd/caltech_training/three_classes/train/003.Sooty_Albatross/Sooty_Albatross_0020_796359.jpg,2,-0.0017631925,-0.004704437,-0.016467154,-0.0207041,0.0062871967,0.00548465,-0.12583032,0.04502599,0.0034224065,0.0011189443,-0.12724438,0.032833844,0.0124436915,-0.00011372962,-0.023324337,0.06724039
/mnt/sdd/caltech_training/three_classes/train/003.Sooty_Albatross/Sooty_Albatross_0069_796358.jpg,2,-0.0057189744,0.0023103734,-0.10484843,0.0008880459,0.0074863764,-0.0002233889,-0.11907692,-0.002728133,0.014993498,0.008245095,0.0051863343,0.008225249,0.08498918,0.0052807746,0.038291246,0.065555416
/mnt/sdd/caltech_training/three_classes/train/003.Sooty_Albatross/Sooty_Albatross_0007_796372.jpg,2,-0.013283676,-0.0039271973,-0.1725114,-0.0150660435,0.0031674933,0.0010738691,-0.01159393,0.0087663485,0.005951928,0.0021211312,0.0372758,-0.0076689087,-0.033142775,0.015350094,0.042203285,-0.0016656648
/mnt/sdd/caltech_training/three_classes/train/003.Sooty_Albatross/Sooty_Albatross_0005_796342.jpg,2,0.0062632225,0.002810305,-0.042614322,0.018148731,0.005627324,0.005749114,0.028009195,0.00052371435,0.026057355,0.00079165306,0.01634249,0.010642862,-0.038033746,0.015605593,0.023554262,0.00025235675
/mnt/sdd/caltech_training/three_classes/train/003.Sooty_Albatross/Sooty_Albatross_0010_796355.jpg,2,-0.01032131,0.0008670002,-0.013134297,0.071626484,0.021766927,0.019707493,0.23179731,0.06602635,0.03677308,0.011460511,-0.02828034,0.0748992,-0.012859495,-0.00071632024,-0.08702205,0.033151962
/mnt/sdd/caltech_training/three_classes/train/003.Sooty_Albatross/Sooty_Albatross_0068_796353.jpg,2,0.0040159253,0.0065436736,-0.0360493,-0.028492456,0.004979955,0.0067792563,0.06055669,0.0045102024,0.0042383587,0.0007151485,0.045073967,0.033284143,-0.05080346,0.0049003065,-0.113940224,0.022325508
/mnt/sdd/caltech_training/three_classes/train/003.Sooty_Albatross/Sooty_Albatross_0001_1071.jpg,2,-0.005268191,-0.009308413,-0.027232055,-0.038651403,-0.0007080198,-0.006827184,-0.08994827,-0.021237064,-0.006049761,-0.0049535427,-0.16271634,-0.030895825,-0.012087958,-0.0043564793,0.00083640404,0.049617954
/mnt/sdd/caltech_training/three_classes/train/003.Sooty_Albatross/Sooty_Albatross_0002_796395.jpg,2,-0.00665312,-0.0012955763,-0.09796033,0.009286649,0.003199245,0.0023426558,0.07802111,0.023015004,0.045932464,0.005835785,-0.19621298,0.023936007,0.009755646,-0.0031788629,-0.049781766,-0.0317178
/mnt/sdd/caltech_training/three_classes/train/003.Sooty_Albatross/Sooty_Albatross_0043_1076.jpg,2,-0.005417718,-0.010929895,-0.00857058,-0.041819982,-0.009036511,-0.007955151,-0.093989894,0.012144617,-6.4307824e-06,-0.0019381038,0.018747412,-0.026842609,0.02944427,0.06548464,0.03978113,0.05003534
/mnt/sdd/caltech_training/three_classes/train/003.Sooty_Albatross/Sooty_Albatross_0023_796401.jpg,2,-0.009770934,-0.0006895554,-0.0037109572,-0.015824605,0.0017409348,0.0013557074,-0.06040374,0.062261622,0.0343913,0.004724377,0.17413238,0.039370954,-0.0029899436,0.0031928457,-0.014576368,0.040841863
/mnt/sdd/caltech_training/three_classes/train/003.Sooty_Albatross/Sooty_Albatross_0058_796360.jpg,2,5.087536e-05,0.0005724187,0.06202569,-0.02129399,-0.0043283273,0.0002939183,-0.1488627,-0.014345022,-0.0018680035,-0.0056099333,0.06256518,-0.030870559,-0.010067178,0.0026862454,-0.025769923,-0.054398328
/mnt/sdd/caltech_training/three_classes/train/003.Sooty_Albatross/Sooty_Albatross_0072_796371.jpg,2,-0.016592711,0.00089171214,-0.03499525,-0.01116514,-0.0056215744,-0.00485323,-0.14765725,-0.009664399,-0.035181224,-0.0028477474,-0.14188229,-0.03129434,0.015514946,0.0101786135,0.034737993,0.030322485
/mnt/sdd/caltech_training/three_classes/train/003.Sooty_Albatross/Sooty_Albatross_0030_1122.jpg,2,-0.0014779038,-0.007951026,-0.21743302,-0.02761126,0.00425235,0.0033617392,-0.1775462,0.018246489,0.009399972,0.0041035605,0.07508742,0.030409737,-0.004939193,-0.0117227575,-0.04333148,0.038615882
/mnt/sdd/caltech_training/three_classes/train/003.Sooty_Albatross/Sooty_Albatross_0065_796367.jpg,2,0.0057324623,-0.0004783927,-0.14967442,-0.001240924,0.002630623,-0.006230621,-0.04816003,-0.023910223,0.0104956785,6.686617e-05,0.0690027,0.034282163,-0.02502997,-0.01447947,-0.038067613,0.015430337
/mnt/sdd/caltech_training/three_classes/train/003.Sooty_Albatross/Sooty_Albatross_0041_796364.jpg,2,-0.0049945777,-0.0065641277,-0.099198036,-0.012542823,0.008035149,0.0043171756,-0.028089374,0.013740582,0.0006976505,0.003310449,0.117098,0.018489227,0.033539824,0.0061578634,-0.030137291,-0.042895753
/mnt/sdd/caltech_training/three_classes/train/003.Sooty_Albatross/Sooty_Albatross_0031_1066.jpg,2,0.0042570075,0.0026187983,-0.03501693,0.012877276,-0.000490576,0.0023777434,0.035556488,-0.016707834,0.0041769054,-0.0035619861,-0.016007625,-0.015870102,0.018501855,-0.041600704,-0.064351015,-0.072769955
/mnt/sdd/caltech_training/three_classes/train/003.Sooty_Albatross/Sooty_Albatross_0004_796366.jpg,2,0.010146096,0.0003059823,-0.22500363,0.0060101766,0.0024227365,0.002295737,0.03265343,0.032862086,0.018189447,0.003707458,0.030821063,0.04050998,-0.023478411,-0.06922665,0.0025001233,-0.028575337
/mnt/sdd/caltech_training/three_classes/train/003.Sooty_Albatross/Sooty_Albatross_0079_796389.jpg,2,-1.5506987e-05,-0.00044630351,-0.006219212,-0.005343532,0.0067687077,0.0041539744,0.009421011,-0.012240399,-0.010322453,0.0051603843,0.084079474,-0.0061157597,-0.031317625,0.0054445136,-0.025534593,-0.0454647
/mnt/sdd/caltech_training/three_classes/train/003.Sooty_Albatross/Sooty_Albatross_0034_1154.jpg,2,0.0058835144,0.0059810653,-0.05765328,-0.009902938,0.00022174278,0.0054424633,-0.013788624,-0.025730453,0.018779878,0.006245454,0.06452495,0.029147703,-0.06335668,0.028422873,-0.034684446,0.015630485
/mnt/sdd/caltech_training/three_classes/train/003.Sooty_Albatross/Sooty_Albatross_0050_796351.jpg,2,-0.0033836504,0.00060181064,0.038216222,-0.038017813,0.004297749,8.815434e-06,-0.02451065,0.030882971,0.007172077,-0.0007159754,0.08054474,0.0041202977,0.05118528,0.049416497,-0.01794343,-0.07154373
/mnt/sdd/caltech_training/three_classes/train/003.Sooty_Albatross/Sooty_Albatross_0048_1130.jpg,2,-0.009388203,-0.0034216119,0.043762397,-0.044246912,0.0018933355,0.0038793816,0.029805493,0.0411261,0.0014865003,-0.0057396404,0.1693958,-0.0039601023,0.02542691,0.009786854,-0.023063462,-0.00863504
/mnt/sdd/caltech_training/three_classes/train/003.Sooty_Albatross/Sooty_Albatross_0024_1161.jpg,2,0.004881769,0.0022151314,-0.11420564,0.008772605,-0.008820064,-0.001988128,-0.123148456,-0.005595535,0.030106554,0.0066186814,-0.051266134,0.0351872,-0.0044541545,-0.00077280845,-0.04540239,0.09284132
/mnt/sdd/caltech_training/three_classes/train/003.Sooty_Albatross/Sooty_Albatross_0014_796373.jpg,2,0.0018975993,0.005744861,0.019890992,-0.033957265,-0.00072523905,0.005001636,-0.06437719,0.049524993,0.0072883433,0.0044856695,0.1038518,0.008018898,0.009627981,-0.008126735,-0.027667392,0.048506793
/mnt/sdd/caltech_training/three_classes/train/003.Sooty_Albatross/Sooty_Albatross_0019_796391.jpg,2,-0.0061996705,0.0010513812,0.05947811,0.01699628,0.0041412124,0.006170743,-0.0451512,0.006594605,0.0024295095,0.0031642213,0.06535451,0.011255428,0.018606994,-0.009442646,-0.051183373,0.039809547
/mnt/sdd/caltech_training/three_classes/train/003.Sooty_Albatross/Sooty_Albatross_0036_796387.jpg,2,-0.0005040135,-0.0031059035,0.08816311,-0.015467655,0.005813893,-0.00097501726,-0.022639327,0.017086161,0.014335671,0.0028160778,0.013322793,0.014985779,-0.029471714,0.04293067,-0.00012359023,0.06767042
/mnt/sdd/caltech_training/three_classes/train/003.Sooty_Albatross/Sooty_Albatross_0022_796398.jpg,2,-0.011318315,-0.0054482436,-0.05769585,0.009297065,-0.0030900892,0.009463195,-0.052184105,0.02856635,0.015300399,0.0032163006,-0.09612359,0.0056312643,0.009627967,-0.002565207,0.019364174,-0.0053326907
/mnt/sdd/caltech_training/three_classes/train/003.Sooty_Albatross/Sooty_Albatross_0013_796402.jpg,2,0.0032640644,-0.0005750812,0.007905154,-0.018614298,-0.0014924365,0.0007605762,-0.10430163,0.03921147,-0.01773628,-0.002221795,0.13904318,-0.0015961458,-0.0049872035,0.030619472,-0.015591167,-0.015343178
/mnt/sdd/caltech_training/three_classes/train/003.Sooty_Albatross/Sooty_Albatross_0077_1080.jpg,2,0.019306114,0.0012486195,-0.053530045,-0.0013375347,0.008939897,-0.00094733573,-0.21059366,0.010620604,0.0014507864,-0.00074126496,0.062531926,0.0055068545,0.029139634,-0.032250647,-0.0020772992,0.052918155
/mnt/sdd/caltech_training/three_classes/train/003.Sooty_Albatross/Sooty_Albatross_0070_796346.jpg,2,0.0016773117,-9.925035e-05,-0.10343416,-0.011714729,0.0061589545,-0.0014822674,-0.021366224,-0.0007775426,-0.0025890097,-0.003301375,-0.18755421,-0.014380999,-0.03264138,-0.042653106,-0.013458113,0.009522257
/mnt/sdd/caltech_training/three_classes/train/003.Sooty_Albatross/Sooty_Albatross_0032_1149.jpg,2,0.001747314,0.001735264,-0.12128943,-0.02825811,0.004602675,0.005609175,-0.011276461,-0.056319058,0.007008869,0.0075952327,-0.046957176,0.015853345,-0.013893371,0.0017722594,-0.02169976,-0.07466176
/mnt/sdd/caltech_training/three_classes/train/003.Sooty_Albatross/Sooty_Albatross_0076_796365.jpg,2,0.0003746564,-0.0071470365,-0.047565512,-0.017903857,-0.0025182485,0.0003767754,-0.07169033,-0.023659205,-0.0008448576,-0.002148748,-0.18644221,0.037314013,-0.019546632,-0.0012908662,-0.030305618,-0.012771992
/mnt/sdd/caltech_training/three_classes/train/003.Sooty_Albatross/Sooty_Albatross_0051_796374.jpg,2,-0.013053756,0.0017130184,0.011609364,-0.030937508,-0.0026172274,-0.0031045456,-0.066159464,-0.001978146,-0.0032096636,-0.0028211428,0.17655514,0.0014735237,0.014511716,-0.054221064,0.042016115,0.07691495
/mnt/sdd/caltech_training/three_classes/train/003.Sooty_Albatross/Sooty_Albatross_0025_796361.jpg,2,0.006599347,0.0012375622,-0.0082464935,-0.010484118,0.0069778054,-0.0063943947,-0.038775027,-0.00085408427,-0.02485285,0.0012353375,-0.10037712,-0.00011408748,0.04148172,0.04666759,0.063442774,0.0002135057
/mnt/sdd/caltech_training/three_classes/train/003.Sooty_Albatross/Sooty_Albatross_0074_1221.jpg,2,-0.011077834,-0.009947959,-0.027851377,-0.059232064,0.0010348368,-0.0004024878,-0.05858718,-0.029006433,0.0014643166,-0.007900743,0.05264388,-0.010101117,0.01715637,-0.01270016,-0.07153323,0.060078204
/mnt/sdd/caltech_training/three_classes/train/003.Sooty_Albatross/Sooty_Albatross_0046_1211.jpg,2,-0.012437798,-0.010024002,-0.18085934,-0.01783794,-0.0021873673,0.00397354,0.00047244877,-0.008562245,0.0072173243,0.0031315838,-0.23981398,0.021798365,-0.030966625,0.016258454,0.05103825,0.0034457967
/mnt/sdd/caltech_training/three_classes/train/003.Sooty_Albatross/Sooty_Albatross_0003_1078.jpg,2,0.021328285,-0.00011397083,0.035204,0.012056008,-0.0064472267,-0.010330047,-0.02698597,-0.021662805,0.016584164,0.0022823736,0.058440734,-0.021539224,-0.04494601,-0.01998512,-0.014460329,-0.09662598
/mnt/sdd/caltech_training/three_classes/train/003.Sooty_Albatross/Sooty_Albatross_0075_796352.jpg,2,0.0072559775,0.0041229627,-0.0064169606,-0.016287241,0.0076724105,0.0023254836,-0.05376953,0.022914324,0.0136182085,0.005406071,0.09873995,0.026269479,-0.009968141,0.05065781,-0.009701353,-0.05545493
/mnt/sdd/caltech_training/three_classes/train/003.Sooty_Albatross/Sooty_Albatross_0006_796390.jpg,2,-0.0042353403,0.0019548147,-0.09095964,0.021166824,0.008155379,0.0044028745,0.037476636,-0.013140149,0.006605317,0.004396212,0.0748008,0.02991015,-0.0069704643,-0.031660587,0.013668623,-0.07260011
/mnt/sdd/caltech_training/three_classes/train/003.Sooty_Albatross/Sooty_Albatross_0042_1210.jpg,2,0.004900297,-0.004603344,-0.0038372353,-0.014116051,0.0017539214,-0.004876321,-0.051883414,-0.022273246,0.02106541,-0.0019906342,-0.21797934,0.0011876312,0.055766415,0.0109792985,-0.008576801,-0.05298622
/mnt/sdd/caltech_training/three_classes/train/003.Sooty_Albatross/Sooty_Albatross_0073_1171.jpg,2,-0.009447758,0.0014412287,-0.051437195,-0.017010935,0.013260628,0.015161825,0.058908887,0.059967898,0.038106862,0.010873798,0.07832903,0.006141736,0.0154719185,0.005762174,-0.014088368,-0.028359676
/mnt/sdd/caltech_training/three_classes/train/003.Sooty_Albatross/Sooty_Albatross_0038_1065.jpg,2,-0.010705082,-0.002003951,-0.026750417,-0.0060739447,0.005905155,0.004091712,0.040501043,0.0073097926,0.0018440466,-0.0023759315,0.0012970269,-0.0053921277,0.025385566,0.02339053,0.049211033,0.063331164
/mnt/sdd/caltech_training/three_classes/train/003.Sooty_Albatross/Sooty_Albatross_0040_796375.jpg,2,-0.0042098863,-0.0007975141,-0.13550636,0.0040281573,0.013952068,0.012735127,-0.008784741,0.046126626,0.009486308,0.0014153101,-0.319418,0.023782395,0.054230634,-0.0129380515,0.041716106,-0.0017048512
/mnt/sdd/caltech_training/three_classes/train/003.Sooty_Albatross/Sooty_Albatross_0016_1075.jpg,2,0.009409703,-0.0015692434,0.0007184539,-0.012270699,-0.009582484,-0.005636051,0.025784066,0.0075376104,-0.001735616,-0.0047385376,-0.01596697,0.009921334,-0.016628105,-0.014295882,-0.0032331222,0.021450654
/mnt/sdd/caltech_training/three_classes/train/003.Sooty_Albatross/Sooty_Albatross_0055_1160.jpg,2,-0.002654022,-0.0025858653,-0.09400416,-0.05138676,-0.009736076,-0.0086635025,-0.14762236,0.002837493,0.0016728304,-0.0039183456,-0.092034996,-0.032449573,-0.0116604855,-0.03429765,-0.0047483966,0.024999436
/mnt/sdd/caltech_training/three_classes/train/003.Sooty_Albatross/Sooty_Albatross_0057_796354.jpg,2,-0.0030542405,-0.0033465964,0.030695496,0.00805666,-0.0012307949,0.0027434519,-0.13869846,-0.018679798,-0.0043085515,-0.00023510154,0.15799174,-0.011663008,0.037936047,-0.025085703,-0.08666889,0.048658624
/mnt/sdd/caltech_training/three_classes/train/003.Sooty_Albatross/Sooty_Albatross_0063_1101.jpg,2,-0.0075764717,-0.0020196564,-0.060734645,0.0012968024,-0.00015008287,0.0063797142,-0.130829,0.045562215,0.010753422,0.006135262,0.1628308,0.046538234,0.002015356,-0.009745894,0.089949965,0.01921933
