Full filepath,Full Class Index,sensitivityscore_before_layer1.0.conv1,sensitivityscore_before_layer1.0.conv2,sensitivityscore_before_layer1.0.conv3,sensitivityscore_before_layer4.0.conv1,sensitivityscore_before_layer4.0.conv2,sensitivityscore_before_layer4.0.conv3,sensitivityscore_before_layer4.1.conv1,sensitivityscore_before_layer4.1.conv2,sensitivityscore_before_layer4.1.conv3,sensitivityscore_before_layer4.2.conv1,sensitivityscore_before_layer4.2.conv2,sensitivityscore_before_layer4.2.conv3,sensitivityscore_After_layer4.2.conv3_0.5,sensitivityscore_After_layer4.2.conv3_0.6,sensitivityscore_After_layer4.2.conv3_0.7,sensitivityscore_After_layer4.2.conv3_0.8
/mnt/sdd/caltech_training/three_classes/train/001.Black_footed_Albatross/Black_Footed_Albatross_0064_796101.jpg,0,-0.0062429965,3.3433083e-05,-0.0032560744,0.0071366658,0.009029474,0.019213589,0.011566738,0.02792586,-0.0055614635,0.03133895,0.021622349,0.02162793,0.14713305,0.14214137,0.13061449,0.12992413
/mnt/sdd/caltech_training/three_classes/train/001.Black_footed_Albatross/Black_Footed_Albatross_0010_796097.jpg,0,-0.0030138674,0.0039249817,-0.0011107802,0.015294259,0.0033646924,0.016680917,0.01572753,0.0064260634,0.005930091,0.031308234,0.035317086,0.027843177,0.14066003,0.13437276,0.12859076,0.12685837
/mnt/sdd/caltech_training/three_classes/train/001.Black_footed_Albatross/Black_Footed_Albatross_0006_796065.jpg,0,-0.010155417,-0.006052189,-0.0031505488,0.002340527,0.0040579755,0.0111694755,0.015726352,0.024546232,0.00023398641,0.04394683,0.04851206,0.019130787,0.15177152,0.14400296,0.13266054,0.13155928
/mnt/sdd/caltech_training/three_classes/train/001.Black_footed_Albatross/Black_Footed_Albatross_0051_796103.jpg,0,0.01095821,0.0069634835,0.0033623367,0.007749808,0.019047668,0.014976433,0.02218197,0.020353517,-0.0012447832,0.062706545,0.059859335,0.023644298,0.15491119,0.14258718,0.13294852,0.12804025
/mnt/sdd/caltech_training/three_classes/train/001.Black_footed_Albatross/Black_Footed_Albatross_0076_417.jpg,0,0.013536039,0.0062616155,0.0069396924,0.013687391,0.01697169,0.007265485,0.014848243,0.0046550306,0.008878238,0.03258158,0.042369854,0.02725102,0.14584999,0.14198852,0.12936462,0.12631969
/mnt/sdd/caltech_training/three_classes/train/001.Black_footed_Albatross/Black_Footed_Albatross_0082_796121.jpg,0,0.0011211412,0.0039962195,0.002765914,0.016188044,0.02740026,0.011507867,0.027277172,0.0334573,-0.00095081446,0.036307737,0.04450055,0.022371333,0.1533636,0.14511286,0.13268973,0.13212806
/mnt/sdd/caltech_training/three_classes/train/001.Black_footed_Albatross/Black_Footed_Albatross_0046_18.jpg,0,0.0089115165,0.005003696,-0.002588577,0.007423616,0.008168695,0.0050223367,0.0029527915,0.00950215,-0.0007825126,0.0491002,0.04180018,0.024006909,0.14792725,0.13836133,0.12840445,0.13016298
/mnt/sdd/caltech_training/three_classes/train/001.Black_footed_Albatross/Black_Footed_Albatross_0001_796111.jpg,0,-0.0071810633,-0.0043377625,-0.0027310923,0.0071146977,0.009437988,0.013378629,0.008708061,0.00082282885,0.00028195546,0.03163824,0.03706117,0.018163972,0.14389928,0.13946311,0.12524475,0.12542477
/mnt/sdd/caltech_training/three_classes/train/001.Black_footed_Albatross/Black_Footed_Albatross_0014_89.jpg,0,0.006969465,0.0070553287,0.0025376417,-0.003981296,-0.012375095,0.002949238,-0.0070003686,-0.019591417,-0.009854676,0.01809938,0.027999243,0.022967061,0.13760734,0.13709593,0.12237385,0.12733439
/mnt/sdd/caltech_training/three_classes/train/001.Black_footed_Albatross/Black_Footed_Albatross_0057_796106.jpg,0,0.010159582,0.012237513,0.004936345,0.014411686,0.02652418,0.016940992,0.01606383,0.027106714,-0.007959141,0.060806293,0.04899456,0.02636471,0.15353638,0.14702648,0.13539937,0.13086998
/mnt/sdd/caltech_training/three_classes/train/001.Black_footed_Albatross/Black_Footed_Albatross_0065_796068.jpg,0,0.012859618,0.0029107407,0.0042955033,0.005712998,0.013989145,0.014388966,0.005264908,-0.0029489305,-0.0029043239,0.039999194,0.047884367,0.018115457,0.14597352,0.14052719,0.12865287,0.1264998
/mnt/sdd/caltech_training/three_classes/train/001.Black_footed_Albatross/Black_Footed_Albatross_0071_796113.jpg,0,0.006657984,-0.00021937629,0.004535202,0.011801172,0.014407403,0.020895226,0.02509569,0.031730823,0.007919382,0.033372674,0.055115335,0.021665089,0.15048006,0.14508122,0.13605922,0.13143414
/mnt/sdd/caltech_training/three_classes/train/001.Black_footed_Albatross/Black_Footed_Albatross_0045_796129.jpg,0,0.005953841,0.00049799535,-0.0010140052,0.005356203,0.019745696,0.013480023,0.0069120517,-0.003699436,0.0036221512,0.022543592,0.033810608,0.023736784,0.13883069,0.13632259,0.12245791,0.12483251
/mnt/sdd/caltech_training/three_classes/train/001.Black_footed_Albatross/Black_Footed_Albatross_0047_796064.jpg,0,0.0043149735,0.004321573,-2.1447602e-05,-0.001309734,-0.005205481,0.015059918,-0.004237951,0.0044938773,-0.006126642,0.02723515,0.03425957,0.015650805,0.1481039,0.14197567,0.1286334,0.12837738
/mnt/sdd/caltech_training/three_classes/train/001.Black_footed_Albatross/Black_Footed_Albatross_0039_796132.jpg,0,0.005830829,0.0005068695,0.0056352066,0.0073724254,0.009451678,0.006681327,0.011351014,0.019393714,0.0050672493,0.016818466,0.043692224,0.028276114,0.14807919,0.14324468,0.13326609,0.12994814
/mnt/sdd/caltech_training/three_classes/train/001.Black_footed_Albatross/Black_Footed_Albatross_0085_92.jpg,0,0.0057473746,0.0070677116,0.0010563623,0.007944936,0.017992752,0.008763453,0.014889669,0.024509307,-0.0037106336,0.024870062,0.041118238,0.02551392,0.14569363,0.1429972,0.12907286,0.12760104
/mnt/sdd/caltech_training/three_classes/train/001.Black_footed_Albatross/Black_Footed_Albatross_0068_796135.jpg,0,0.010893258,0.0057874816,0.0056941374,0.010443273,0.021352226,0.02324209,0.014777476,0.009037904,-0.0005798619,0.028749561,0.040518276,0.018958814,0.14439079,0.13591707,0.13055263,0.12591511
/mnt/sdd/caltech_training/three_classes/train/001.Black_footed_Albatross/Black_Footed_Albatross_0016_796067.jpg,0,-0.0012733989,0.0006762851,-0.00038133722,0.0067471014,0.027335946,0.014781099,0.004289207,0.009878585,0.0035793632,0.03136906,0.03818912,0.022760222,0.14657126,0.14040779,0.12675342,0.12528253
/mnt/sdd/caltech_training/three_classes/train/001.Black_footed_Albatross/Black_Footed_Albatross_0090_796077.jpg,0,-0.0027244524,-0.0025990158,-0.001664445,0.006405043,0.018209737,0.015064301,0.00061217486,0.016964465,-0.008121368,0.066672504,0.0459179,0.024622004,0.14930059,0.1429427,0.13250497,0.13176969
/mnt/sdd/caltech_training/three_classes/train/001.Black_footed_Albatross/Black_Footed_Albatross_0089_796069.jpg,0,0.013366025,0.0063888505,0.003421145,0.013002218,0.010933407,0.003156687,0.01448485,0.021598175,-0.0010107546,0.04907015,0.054068495,0.021445146,0.15297349,0.14174846,0.13164267,0.13221624
/mnt/sdd/caltech_training/three_classes/train/001.Black_footed_Albatross/Black_Footed_Albatross_0005_796090.jpg,0,0.016352821,0.008032793,0.0020358374,0.01246925,0.022139376,0.0096705295,0.0063270372,0.012071738,0.0121788625,0.040728986,0.04168853,0.028713483,0.14174104,0.14031634,0.13040069,0.12769689
/mnt/sdd/caltech_training/three_classes/train/001.Black_footed_Albatross/Black_Footed_Albatross_0007_796138.jpg,0,0.016609982,0.011753362,0.00513266,0.004442457,0.005965744,0.004020997,0.0027775466,0.002407828,0.006793466,0.036304362,0.05237687,0.026673239,0.14854415,0.14356528,0.12823051,0.12614922
/mnt/sdd/caltech_training/three_classes/train/001.Black_footed_Albatross/Black_Footed_Albatross_0069_796139.jpg,0,0.0044568367,0.0062903683,0.003511548,0.006615468,0.024196107,0.020354379,0.00992802,0.0041639893,-0.0052573886,0.01721302,0.03860474,0.024848241,0.14666334,0.1424645,0.13293283,0.12759443
/mnt/sdd/caltech_training/three_classes/train/001.Black_footed_Albatross/Black_Footed_Albatross_0040_796066.jpg,0,0.008400332,0.0070227804,0.0009468847,0.022011138,0.024773847,0.01674882,0.019398162,0.024375511,0.0040911175,0.047453307,0.066430554,0.026762294,0.14436123,0.1414468,0.13373895,0.12713747
/mnt/sdd/caltech_training/three_classes/train/001.Black_footed_Albatross/Black_Footed_Albatross_0041_796108.jpg,0,-0.0021728645,0.005205404,-0.0014347766,0.003696861,-0.0004441645,0.009876229,0.00231098,0.0017418098,-0.00020236406,0.014729697,0.033483796,0.02143187,0.14433873,0.14022411,0.12312397,0.122262806
/mnt/sdd/caltech_training/three_classes/train/001.Black_footed_Albatross/Black_Footed_Albatross_0074_59.jpg,0,0.007410675,0.0041486807,0.0058259787,0.006257834,0.001200547,0.003642302,0.0019651745,0.009337551,-0.0023255092,0.03223876,0.047039706,0.021963587,0.14894462,0.1420756,0.13164331,0.12957582
/mnt/sdd/caltech_training/three_classes/train/001.Black_footed_Albatross/Black_Footed_Albatross_0050_796125.jpg,0,-0.008460863,0.0042647556,0.007544899,0.0062124375,0.02146742,0.008115125,0.009940987,0.021904813,-0.0032352365,0.04656124,0.0657929,0.022873811,0.1490991,0.14550367,0.13844573,0.13361281
/mnt/sdd/caltech_training/three_classes/train/001.Black_footed_Albatross/Black_Footed_Albatross_0058_796074.jpg,0,-0.0006513306,-0.0014609973,0.0005985461,0.009668721,0.008522336,0.0061517255,-0.001750757,0.014007349,-0.0056549776,0.034778204,0.039108984,0.019623395,0.15219536,0.14501064,0.13293949,0.13099037
/mnt/sdd/caltech_training/three_classes/train/001.Black_footed_Albatross/Black_Footed_Albatross_0038_212.jpg,0,0.004756219,0.006710808,0.0011469446,0.0065773223,0.01097304,7.2363764e-06,0.0003635455,0.011432173,-0.002103988,0.039148606,0.055165425,0.023613717,0.15427518,0.14841892,0.13251787,0.1299376
/mnt/sdd/caltech_training/three_classes/train/001.Black_footed_Albatross/Black_Footed_Albatross_0077_796114.jpg,0,0.009123933,0.008926152,0.0032721995,0.010332068,0.019470025,0.010830394,0.013701526,0.02408784,-0.0035553654,0.04586893,0.0510069,0.02709974,0.14572677,0.14414468,0.13017213,0.1251558
/mnt/sdd/caltech_training/three_classes/train/001.Black_footed_Albatross/Black_Footed_Albatross_0079_796122.jpg,0,-0.004385452,-0.004912803,-0.0027287058,0.011991903,0.014766256,0.004806459,0.0116271265,0.007500275,-0.009518515,0.047265798,0.041102193,0.02681088,0.15289357,0.14273617,0.13317284,0.13085002
/mnt/sdd/caltech_training/three_classes/train/001.Black_footed_Albatross/Black_Footed_Albatross_0088_796133.jpg,0,0.0061037983,0.0049923193,-0.0044277124,0.0031158263,0.009675359,0.003651579,-0.00088558625,0.0019068953,-0.0005583095,0.024621863,0.03137091,0.023447368,0.13179797,0.1315692,0.11462811,0.11914156
/mnt/sdd/caltech_training/three_classes/train/001.Black_footed_Albatross/Black_Footed_Albatross_0024_796089.jpg,0,-0.002371293,0.002912391,-0.00093485817,0.0007120366,0.0065735998,0.019135173,0.013304961,0.006597126,-0.0037926543,0.034597002,0.025841206,0.017175116,0.15320283,0.14757857,0.13447794,0.1338332
/mnt/sdd/caltech_training/three_classes/train/001.Black_footed_Albatross/Black_Footed_Albatross_0037_796120.jpg,0,-0.00033586775,-0.00018595811,0.0021418817,0.0042211227,0.0026077928,0.00433818,0.006138241,0.027903806,-0.009745039,0.030385856,0.039028086,0.023977049,0.14734153,0.14421389,0.13567239,0.13350753
/mnt/sdd/caltech_training/three_classes/train/001.Black_footed_Albatross/Black_Footed_Albatross_0060_796076.jpg,0,0.008115766,0.00019653223,0.006619532,0.005562078,0.008354341,-0.003394335,0.0077365222,-0.010355767,-0.0067046676,0.0034308943,0.038979724,0.023098078,0.14739685,0.14003143,0.13131726,0.12360985
/mnt/sdd/caltech_training/three_classes/train/001.Black_footed_Albatross/Black_Footed_Albatross_0049_796063.jpg,0,0.013108064,0.01131656,0.0068669408,0.011101601,0.01695267,0.015701182,0.018692695,0.015514902,-0.0025640083,0.048293855,0.04362837,0.020119391,0.14673081,0.14134629,0.13224602,0.12831937
/mnt/sdd/caltech_training/three_classes/train/001.Black_footed_Albatross/Black_Footed_Albatross_0026_796095.jpg,0,0.01542915,0.012284678,0.0046042986,0.010203377,0.0066223657,0.009717403,0.015345996,0.0038278166,0.0046781404,0.03658157,0.04278415,0.018506115,0.14561075,0.14447689,0.13070875,0.12796101
/mnt/sdd/caltech_training/three_classes/train/001.Black_footed_Albatross/Black_Footed_Albatross_0032_796115.jpg,0,0.0045698253,0.0041418904,0.0027210868,0.021185089,0.034279615,0.016508602,0.020598099,0.018858738,-0.002000911,0.030339338,0.04049174,0.023392364,0.1442385,0.14410478,0.12898299,0.12957564
/mnt/sdd/caltech_training/three_classes/train/001.Black_footed_Albatross/Black_Footed_Albatross_0053_796109.jpg,0,-0.0062775677,0.0038617018,0.00245829,0.0008638973,0.0024840154,0.013143165,0.013690266,0.012813004,-0.0034683929,0.05677015,0.05018893,0.023710692,0.14916342,0.14292398,0.13171306,0.12543562
/mnt/sdd/caltech_training/three_classes/train/001.Black_footed_Albatross/Black_Footed_Albatross_0035_796140.jpg,0,-0.012525275,0.0012019918,-0.0012667143,0.01095947,0.010564208,0.0041219946,0.009254129,0.0011740709,1.1538854e-05,0.011348971,0.019777875,0.022881733,0.14855868,0.147355,0.13502726,0.13335885
/mnt/sdd/caltech_training/three_classes/train/001.Black_footed_Albatross/Black_Footed_Albatross_0061_796082.jpg,0,0.00969683,0.0071776966,0.0059437924,0.003045693,0.0057909563,0.005995669,0.017535662,0.018808356,-0.008675076,0.044478197,0.06864804,0.019169765,0.14909717,0.14230101,0.13244891,0.12854987
/mnt/sdd/caltech_training/three_classes/train/001.Black_footed_Albatross/Black_Footed_Albatross_0023_796059.jpg,0,0.010843165,0.0012506896,0.0005137787,0.0047460403,0.0035786843,0.008682659,0.017695121,0.035273712,0.0013805365,0.051548447,0.057086453,0.018351443,0.14537406,0.14238283,0.13226071,0.13318352
/mnt/sdd/caltech_training/three_classes/train/001.Black_footed_Albatross/Black_Footed_Albatross_0033_796086.jpg,0,0.01314263,0.003007308,0.0053222263,0.0065379078,0.030902684,0.019484324,0.020601835,0.021559138,0.009409914,0.051547118,0.050424185,0.021938205,0.14134419,0.13472325,0.12509505,0.12695162
/mnt/sdd/caltech_training/three_classes/train/001.Black_footed_Albatross/Black_Footed_Albatross_0042_796071.jpg,0,0.008370034,0.0041451924,0.0037397519,0.012446551,0.021923706,0.006194572,0.01745324,0.03313348,-0.00061440445,0.04849509,0.052086744,0.02443884,0.15014097,0.14294767,0.13218567,0.13128594
/mnt/sdd/caltech_training/three_classes/train/001.Black_footed_Albatross/Black_Footed_Albatross_0036_796127.jpg,0,0.0034816065,0.008630311,0.0051131872,0.0036125327,0.016850408,0.018187754,0.027130235,0.0333869,0.0043112426,0.051113635,0.051897414,0.026936568,0.14359629,0.13809693,0.13243599,0.12768379
/mnt/sdd/caltech_training/three_classes/train/001.Black_footed_Albatross/Black_Footed_Albatross_0078_796126.jpg,0,0.0100792805,0.007866855,0.00073987094,-0.001002682,0.0055832136,0.004522493,0.012324305,-0.021350447,0.00021029732,0.031888895,0.043149315,0.02464015,0.14021756,0.1432984,0.12946518,0.12652458
/mnt/sdd/caltech_training/three_classes/train/001.Black_footed_Albatross/Black_Footed_Albatross_0003_796136.jpg,0,-0.009280579,0.004500273,-1.6982493e-05,0.016512537,0.025764693,0.025796432,0.036830258,0.02713773,0.005706012,0.04547899,0.05021437,0.027758326,0.14139843,0.13910982,0.1283629,0.12678376
/mnt/sdd/caltech_training/three_classes/train/001.Black_footed_Albatross/Black_Footed_Albatross_0063_796141.jpg,0,0.0052975956,0.0055111623,0.0031042856,0.009313339,0.01622444,0.008063554,0.024108179,-0.0024434775,0.00776555,0.021724591,0.052416258,0.02430942,0.1505689,0.14021741,0.13136402,0.12961712
/mnt/sdd/caltech_training/three_classes/train/002.Laysan_Albatross/Laysan_Albatross_0091_602.jpg,1,-0.00753103,-0.0035542806,-0.0024844655,0.004463549,0.0024623964,0.0092461435,0.004193072,-0.00059208786,0.0080340225,0.01834952,0.015366501,0.021652225,-0.069061205,-0.04601772,-0.028048612,-0.01229153
/mnt/sdd/caltech_training/three_classes/train/002.Laysan_Albatross/Laysan_Albatross_0017_614.jpg,1,0.0073501393,0.0007095103,-0.0018445086,-0.006685407,0.003538734,0.0017945487,-0.009778425,-0.011646139,0.015417069,-0.00048922,0.0072045047,0.021680802,-0.07168341,-0.053151038,-0.030190919,-0.015249401
/mnt/sdd/caltech_training/three_classes/train/002.Laysan_Albatross/Laysan_Albatross_0059_488.jpg,1,-0.005001851,-0.002980449,-0.001838036,0.001633946,0.0072987005,0.0012607139,-0.0034155336,-0.007385914,0.016331827,0.011396188,-0.0046287426,0.013047366,-0.07588346,-0.049063206,-0.034336776,-0.017979622
/mnt/sdd/caltech_training/three_classes/train/002.Laysan_Albatross/Laysan_Albatross_0085_564.jpg,1,-0.012165359,-0.0042163553,-0.0027782747,0.0028653292,-0.005997455,-0.0021134184,-0.0011173422,-0.018639214,0.0029886663,0.001240572,-0.008368202,0.019383261,-0.083318055,-0.05300373,-0.040995248,-0.019651107
/mnt/sdd/caltech_training/three_classes/train/002.Laysan_Albatross/Laysan_Albatross_0076_671.jpg,1,0.0021821987,-0.00047345203,0.0010040645,-0.001987544,0.026336573,0.015280732,0.02299901,0.00903335,0.016567627,-0.0068097916,-0.005807094,0.020914683,-0.06440278,-0.045556817,-0.024090432,-0.0064443178
/mnt/sdd/caltech_training/three_classes/train/002.Laysan_Albatross/Laysan_Albatross_0040_472.jpg,1,-0.0045044078,-0.010922656,-0.00073787937,-0.004822361,0.01682972,0.012140516,0.020769684,-0.0045238207,0.01008242,0.009700842,0.007525054,0.022405047,-0.07209951,-0.044570006,-0.031754483,-0.008411411
/mnt/sdd/caltech_training/three_classes/train/002.Laysan_Albatross/Laysan_Albatross_0083_756.jpg,1,-0.01474715,-0.0067470185,-0.003914798,0.005875385,-0.008836978,0.0015406453,0.016132537,0.018462293,0.015120218,0.020190537,0.009667721,0.019816397,-0.08334054,-0.060954206,-0.03996309,-0.018695552
/mnt/sdd/caltech_training/three_classes/train/002.Laysan_Albatross/Laysan_Albatross_0080_821.jpg,1,-0.0005604607,0.0026945057,0.002856751,0.010772386,0.002356307,0.0008033995,0.015883422,-0.004683028,0.011258793,0.0140385125,0.009351923,0.018915579,-0.074198715,-0.05093395,-0.031111628,-0.0110358745
/mnt/sdd/caltech_training/three_classes/train/002.Laysan_Albatross/Laysan_Albatross_0065_809.jpg,1,-0.001764883,0.0009195773,0.0015812947,0.004278343,0.008220632,-0.004569727,-0.0035428156,-0.0023209825,0.012391683,0.009915879,0.008561553,0.01895638,-0.0707773,-0.054296233,-0.033351146,-0.016564399
/mnt/sdd/caltech_training/three_classes/train/002.Laysan_Albatross/Laysan_Albatross_0042_801.jpg,1,-0.007863637,-0.0038224186,-0.00013359374,-0.0072021005,-0.013020466,-0.006652873,-0.013204267,-0.015810147,0.015719084,-0.016707951,-0.0015436271,0.011993072,-0.0778278,-0.055014163,-0.03675551,-0.016137252
/mnt/sdd/caltech_training/three_classes/train/002.Laysan_Albatross/Laysan_Albatross_0033_658.jpg,1,-0.00013167068,-0.0031233449,-0.00035021838,0.0076764477,0.000811832,0.0022528705,-0.010654796,-0.002231833,0.017351441,0.0033638547,0.0054654772,0.020455165,-0.06628681,-0.048617247,-0.031750437,-0.011077173
/mnt/sdd/caltech_training/three_classes/train/002.Laysan_Albatross/Laysan_Albatross_0012_696.jpg,1,-0.005145597,0.0041736285,0.0006189358,0.00024426752,-0.00041635393,-0.0010624886,0.0096309185,-0.0084098885,0.022663249,0.014838012,0.01982113,0.017582288,-0.07476214,-0.05068482,-0.03303535,-0.010944901
/mnt/sdd/caltech_training/three_classes/train/002.Laysan_Albatross/Laysan_Albatross_0028_643.jpg,1,-0.0051432387,0.0012083905,-0.0043311543,-0.0021361017,0.0025502453,-0.003029813,0.00070303073,0.012114356,0.015610596,-0.014849167,0.0038332231,0.019590832,-0.07407707,-0.04846127,-0.033790387,-0.014113802
/mnt/sdd/caltech_training/three_classes/train/002.Laysan_Albatross/Laysan_Albatross_0099_869.jpg,1,-0.008777009,0.0023789345,0.0021346307,2.484594e-05,-0.0061261915,0.008676912,0.0006521791,-0.010483138,0.0038645845,-0.0016385745,-0.013330776,0.017195856,-0.07812077,-0.051454663,-0.032924235,-0.0150987245
/mnt/sdd/caltech_training/three_classes/train/002.Laysan_Albatross/Laysan_Albatross_0056_500.jpg,1,0.0030670376,0.0017364866,0.003785489,0.0055666543,-0.00039498927,0.010376216,0.007854606,0.003567432,0.010572182,0.014502758,0.00068098586,0.020254442,-0.07446142,-0.05161295,-0.034225747,-0.0134264855
/mnt/sdd/caltech_training/three_classes/train/002.Laysan_Albatross/Laysan_Albatross_0025_571.jpg,1,0.0056914743,0.0049629863,0.00051841146,-0.00018963777,0.00029631937,-0.0012590183,0.0057426924,0.022473864,0.018845424,-0.028805768,-0.018009584,0.018161684,-0.07343931,-0.048195045,-0.03160685,-0.012393569
/mnt/sdd/caltech_training/three_classes/train/002.Laysan_Albatross/Laysan_Albatross_0070_788.jpg,1,0.024511209,0.016764753,0.004601772,0.0036005029,-0.0060630757,0.0025094585,-0.0025783614,-0.009606691,0.012489545,-0.0007435754,0.0012901397,0.01621011,-0.07294066,-0.047809806,-0.032901406,-0.015586853
/mnt/sdd/caltech_training/three_classes/train/002.Laysan_Albatross/Laysan_Albatross_0100_735.jpg,1,-0.0035769893,-0.0044970876,-0.0005738094,0.009319068,0.02643897,0.012171281,0.009147074,-0.000106696505,0.010696192,-0.0045909565,-0.014035426,0.024068866,-0.081045926,-0.051278543,-0.03372849,-0.014652163
/mnt/sdd/caltech_training/three_classes/train/002.Laysan_Albatross/Laysan_Albatross_0013_910.jpg,1,-0.00415036,-0.0047150403,-0.00085782364,-0.0063630003,-0.01045405,0.001984639,-0.008477772,-0.010319071,0.009115981,-0.012496561,0.00019438379,0.01833906,-0.07450301,-0.052788332,-0.036056895,-0.01332017
/mnt/sdd/caltech_training/three_classes/train/002.Laysan_Albatross/Laysan_Albatross_0060_777.jpg,1,0.017802775,0.0073452545,0.005609777,0.0090902895,0.0032746466,0.013869517,0.0114805065,0.013919821,0.010290233,0.014346771,0.018808933,0.021046607,-0.07155314,-0.049577676,-0.030577201,-0.009331634
/mnt/sdd/caltech_training/three_classes/train/002.Laysan_Albatross/Laysan_Albatross_0006_702.jpg,1,0.0033469843,-0.005604084,0.0020169911,0.0076310076,0.0065127206,0.004165083,-0.009221874,-0.0045852503,0.019742215,-0.022597514,-0.0133578535,0.019985909,-0.073013,-0.051478554,-0.0339074,-0.013399841
/mnt/sdd/caltech_training/three_classes/train/002.Laysan_Albatross/Laysan_Albatross_0092_834.jpg,1,-0.0063472483,-0.003377139,-0.001382968,-0.003764512,-0.0005381778,0.0048869434,0.008265182,-0.002134995,0.014483421,0.01663017,0.0033226986,0.018470638,-0.07410663,-0.046409387,-0.029025242,-0.013016734
/mnt/sdd/caltech_training/three_classes/train/002.Laysan_Albatross/Laysan_Albatross_0096_673.jpg,1,-0.013691171,-0.0027690758,0.001117479,0.0041713105,0.0028007114,-0.006349886,0.0007260381,0.0054673925,0.010383237,0.0010010565,0.008168095,0.021714404,-0.0678184,-0.05587589,-0.03097005,-0.017112462
/mnt/sdd/caltech_training/three_classes/train/002.Laysan_Albatross/Laysan_Albatross_0005_565.jpg,1,0.008522074,0.0035270741,0.0020637843,0.008347211,0.0012583178,0.0061526317,0.006641004,0.0021231044,0.013074462,0.008507216,0.01278017,0.019799005,-0.08886036,-0.058314197,-0.04561524,-0.018610982
/mnt/sdd/caltech_training/three_classes/train/002.Laysan_Albatross/Laysan_Albatross_0104_630.jpg,1,0.0060101515,0.007512168,0.00558342,0.009308023,-0.002623055,-0.00066998956,-0.0013775062,-0.0034837252,0.010606311,0.01791119,0.016063135,0.016901303,-0.068882234,-0.043072276,-0.02845941,-0.009881961
/mnt/sdd/caltech_training/three_classes/train/002.Laysan_Albatross/Laysan_Albatross_0049_918.jpg,1,0.016662788,-0.0012967923,-0.00081921066,0.005195906,0.016957298,0.014072332,0.0147258695,0.0020505842,0.008647339,-0.009581486,0.0039475337,0.017604169,-0.08229284,-0.05778677,-0.03840414,-0.0175118
/mnt/sdd/caltech_training/three_classes/train/002.Laysan_Albatross/Laysan_Albatross_0075_668.jpg,1,0.0017650281,-0.0029824637,0.0008652741,-0.0032873405,-0.007665159,0.005805186,0.00418753,-0.00523521,0.009178994,0.0118824085,0.009474652,0.018927997,-0.07457641,-0.05186556,-0.0396346,-0.021112297
/mnt/sdd/caltech_training/three_classes/train/002.Laysan_Albatross/Laysan_Albatross_0079_506.jpg,1,0.0068056304,-0.005606979,0.0009138229,-0.0016706104,0.01969927,0.004586859,-0.0037445491,-0.01584982,0.0124200955,-0.0065645715,-0.011661523,0.017956022,-0.07889001,-0.05193714,-0.036273908,-0.013172107
/mnt/sdd/caltech_training/three_classes/train/002.Laysan_Albatross/Laysan_Albatross_0094_1013.jpg,1,-0.004854696,-0.0025993607,-0.00071697705,0.0023498205,0.007953887,0.009747038,0.02662181,0.011471011,0.0112528745,0.02692643,0.0064541628,0.027627457,-0.07224524,-0.04974033,-0.031416226,-0.010575157
/mnt/sdd/caltech_training/three_classes/train/002.Laysan_Albatross/Laysan_Albatross_0018_492.jpg,1,-0.010185076,-0.005115401,-0.0012403735,0.008539925,0.010885367,0.00739727,0.009474537,0.011870866,0.007469591,0.0104414625,0.01513195,0.020802135,-0.07036884,-0.04731116,-0.030987028,-0.014270125
/mnt/sdd/caltech_training/three_classes/train/002.Laysan_Albatross/Laysan_Albatross_0047_619.jpg,1,0.00841589,0.0033375456,0.0022707672,-0.0066931457,-0.01436463,0.0033347001,-0.010834221,-0.01798353,0.0076723634,0.0031943256,0.0029139295,0.019494321,-0.078327164,-0.057695877,-0.037792265,-0.017473472
/mnt/sdd/caltech_training/three_classes/train/002.Laysan_Albatross/Laysan_Albatross_0050_870.jpg,1,-0.0065071215,-0.0069503314,0.0014163565,0.0054768715,-0.00079805544,7.6567754e-05,0.008860046,0.033019215,0.0020476382,0.02601728,0.0051268693,0.021120168,-0.07432088,-0.04978685,-0.033011094,-0.013171205
/mnt/sdd/caltech_training/three_classes/train/002.Laysan_Albatross/Laysan_Albatross_0044_784.jpg,1,0.0085703535,0.00562526,0.0029319657,0.0122718075,0.010542335,0.00079859584,-0.0001457805,-0.01871247,0.010273055,0.018914979,0.011734478,0.017826099,-0.07619366,-0.05019728,-0.034623444,-0.014136093
/mnt/sdd/caltech_training/three_classes/train/002.Laysan_Albatross/Laysan_Albatross_0023_1059.jpg,1,-0.0006670095,-0.0027989645,-0.0003155879,-0.00036042195,-0.01638149,-0.009595466,-0.034091994,-0.043301508,0.0049115107,0.0030285923,-0.0038725673,0.01948547,-0.08370122,-0.061825812,-0.040712416,-0.019712867
/mnt/sdd/caltech_training/three_classes/train/002.Laysan_Albatross/Laysan_Albatross_0034_628.jpg,1,-0.006944533,-0.008589167,-0.005802102,-0.0035524578,0.009496223,0.0040663676,0.0012782458,-0.0024718253,0.01591782,0.00041055307,-0.011076648,0.017459325,-0.07661992,-0.054695472,-0.037665598,-0.014831508
/mnt/sdd/caltech_training/three_classes/train/002.Laysan_Albatross/Laysan_Albatross_0098_621.jpg,1,0.00896866,0.0047811847,0.00027194782,0.012133677,0.005417779,0.0088190455,0.0129148215,0.002592824,0.012013253,0.0069899503,0.0110826045,0.022129811,-0.073119864,-0.047026873,-0.029415337,-0.013761517
/mnt/sdd/caltech_training/three_classes/train/002.Laysan_Albatross/Laysan_Albatross_0053_543.jpg,1,-0.007810124,0.0022648042,0.002424721,-0.00022136513,-0.0021797677,0.0023778067,-0.0062795943,-0.021533113,0.004627558,-0.0040698946,0.008052035,0.023997087,-0.078848615,-0.055047207,-0.036325015,-0.016619172
/mnt/sdd/caltech_training/three_classes/train/002.Laysan_Albatross/Laysan_Albatross_0088_883.jpg,1,0.004471158,-0.006838213,-0.0048807403,0.009750313,-0.005698966,0.0026228912,-0.0025564455,-0.013216282,0.005088829,-0.017144578,-0.006581924,0.014022965,-0.07139934,-0.046084233,-0.03030913,-0.012536719
/mnt/sdd/caltech_training/three_classes/train/002.Laysan_Albatross/Laysan_Albatross_0029_482.jpg,1,-0.007856177,-0.0046753315,-0.0021044423,0.004386822,-0.00028098235,0.007016456,-0.003816505,-0.00997957,0.015513478,0.020288698,0.0036924584,0.020167995,-0.07592772,-0.052253276,-0.031927973,-0.013956646
/mnt/sdd/caltech_training/three_classes/train/002.Laysan_Albatross/Laysan_Albatross_0103_504.jpg,1,-0.024054965,-0.008824256,-0.007098317,-0.008573233,-0.019450862,0.005732922,0.009515924,0.010290809,0.01455755,-0.019013524,-0.008637528,0.017724838,-0.07275473,-0.046910968,-0.031002317,-0.013049442
/mnt/sdd/caltech_training/three_classes/train/002.Laysan_Albatross/Laysan_Albatross_0055_570.jpg,1,0.007076194,0.005586463,0.0026869397,0.004385486,-0.0048932577,0.0027445424,0.016418263,0.016248446,0.013043935,0.0023049712,-0.0028712433,0.023232896,-0.070262395,-0.048298463,-0.033996165,-0.009138706
/mnt/sdd/caltech_training/three_classes/train/002.Laysan_Albatross/Laysan_Albatross_0002_1027.jpg,1,-0.011033641,-0.0025089514,-0.00076993124,0.011802008,0.008541128,0.01048303,0.028596314,0.01960425,9.279046e-05,0.00529922,0.013196014,0.018889453,-0.07925844,-0.05452837,-0.03788328,-0.016729109
/mnt/sdd/caltech_training/three_classes/train/002.Laysan_Albatross/Laysan_Albatross_0039_924.jpg,1,0.0017884653,-0.0073464494,-0.002565749,-0.001423344,-0.002748121,-0.003977021,-0.0077599054,-0.015435792,0.011409143,0.0035546757,0.015350547,0.026087157,-0.07026752,-0.054378368,-0.030955454,-0.011398926
/mnt/sdd/caltech_training/three_classes/train/002.Laysan_Albatross/Laysan_Albatross_0071_792.jpg,1,0.0046790335,0.0017030812,-0.00023152528,0.004835566,0.0074401754,0.0060739582,0.03374082,0.025294265,0.020815365,0.025261946,0.011147747,0.0199955,-0.078484364,-0.048610985,-0.03431476,-0.01644845
/mnt/sdd/caltech_training/three_classes/train/002.Laysan_Albatross/Laysan_Albatross_0064_674.jpg,1,-0.0134000825,-0.015606969,-0.003205256,-0.001289935,-0.002502835,0.011751695,0.006206196,0.019233935,0.015251502,-0.014536812,-0.014727109,0.02082739,-0.072307006,-0.050278377,-0.033040073,-0.011169913
/mnt/sdd/caltech_training/three_classes/train/002.Laysan_Albatross/Laysan_Albatross_0081_800.jpg,1,-0.00077201554,-0.0069693867,0.0010484466,-0.0009913468,0.005340403,0.012280009,0.0024010167,-0.0020556622,0.010684678,0.008107458,0.02617985,0.024356075,-0.08213149,-0.06060771,-0.04009529,-0.019206487
/mnt/sdd/caltech_training/three_classes/train/002.Laysan_Albatross/Laysan_Albatross_0061_563.jpg,1,-0.013707918,-0.0047570714,-0.003934959,-0.00040529924,0.0055867117,0.0034596934,0.00025485083,-0.00341509,0.019762365,0.0297658,0.014693967,0.018791584,-0.07755118,-0.05328259,-0.037035085,-0.017373256
/mnt/sdd/caltech_training/three_classes/train/002.Laysan_Albatross/Laysan_Albatross_0037_699.jpg,1,0.006063456,-0.0018599927,-0.0007573336,0.009063543,0.024575774,0.016333379,0.023875974,-0.009402062,0.015763942,0.012184337,0.0018907371,0.018442675,-0.0749992,-0.046978883,-0.03345592,-0.012940197
/mnt/sdd/caltech_training/three_classes/train/003.Sooty_Albatross/Sooty_Albatross_0020_796359.jpg,2,0.0024969222,0.0027088055,0.002228865,-0.009709995,-0.01764838,-0.00025362964,0.014699339,0.038727816,0.0064731934,0.0154245915,0.024613015,0.014410462,0.11730564,0.13002746,0.07793612,0.078084886
/mnt/sdd/caltech_training/three_classes/train/003.Sooty_Albatross/Sooty_Albatross_0069_796358.jpg,2,-0.00073873356,-0.00049523776,-0.002826816,-0.005093159,-0.005398898,-0.007684999,-0.004070715,-0.00052821334,0.008032998,-0.0055213645,-0.0009521665,0.018307764,0.11456253,0.12966517,0.078799814,0.078932226
/mnt/sdd/caltech_training/three_classes/train/003.Sooty_Albatross/Sooty_Albatross_0007_796372.jpg,2,-0.0076154205,-0.0042514955,-0.0068945307,0.0035182252,0.00846691,0.01598128,0.011883017,0.026934223,0.017407801,0.022633448,0.00078851636,0.008589492,0.10326286,0.12389167,0.07701002,0.07620882
/mnt/sdd/caltech_training/three_classes/train/003.Sooty_Albatross/Sooty_Albatross_0005_796342.jpg,2,-0.004942615,0.005443018,0.0025210849,-0.0026519394,-0.011324642,-0.005201456,0.0039187563,0.0007445338,0.0018071077,-0.010181691,-0.0020453553,0.014607687,0.11597121,0.13836971,0.08030501,0.08281793
/mnt/sdd/caltech_training/three_classes/train/003.Sooty_Albatross/Sooty_Albatross_0010_796355.jpg,2,0.0016516995,0.0039853053,-0.0006894038,0.0013080306,-0.012657823,-0.002756743,0.0061441925,-0.003396429,0.0056877527,0.007305566,0.00913465,0.012760808,0.11648569,0.1376597,0.079602964,0.08239144
/mnt/sdd/caltech_training/three_classes/train/003.Sooty_Albatross/Sooty_Albatross_0068_796353.jpg,2,-0.002045055,0.007807308,0.0028307047,0.0007526465,0.005503963,0.0016036076,0.024826128,0.017265473,0.0025351748,0.008875785,-0.0043605957,0.010005711,0.118120134,0.13812727,0.08027241,0.08341697
/mnt/sdd/caltech_training/three_classes/train/003.Sooty_Albatross/Sooty_Albatross_0001_1071.jpg,2,0.001320959,-0.0026098182,0.0014249771,-0.011138063,-0.0051304493,-0.010766849,-0.0039542904,-0.017597694,-0.0020035224,-0.03460555,-0.008893281,0.009128479,0.10975584,0.13154209,0.07506862,0.08033039
/mnt/sdd/caltech_training/three_classes/train/003.Sooty_Albatross/Sooty_Albatross_0002_796395.jpg,2,-0.00197933,-0.0023731831,0.0015716855,-0.009806523,-0.01206618,-0.0014419187,-0.019269628,-0.014501335,-0.005893607,-0.014164159,-0.01197319,0.011480039,0.11507334,0.13715784,0.07875776,0.08501986
/mnt/sdd/caltech_training/three_classes/train/003.Sooty_Albatross/Sooty_Albatross_0043_1076.jpg,2,0.019306486,0.006250644,-0.001382062,-0.0020475048,-0.0025909878,0.0037680885,-0.0004888326,-0.0022295555,-0.0010294062,-0.0104129985,-0.01054258,0.00913124,0.108660124,0.1339128,0.07647912,0.08239563
/mnt/sdd/caltech_training/three_classes/train/003.Sooty_Albatross/Sooty_Albatross_0023_796401.jpg,2,0.0034978036,0.000113224494,0.0015289844,-0.0035246925,0.0028609517,0.006433578,0.007542256,0.020277664,0.001871505,0.017032363,0.010933049,0.013606634,0.11216645,0.13553084,0.074149534,0.081612624
/mnt/sdd/caltech_training/three_classes/train/003.Sooty_Albatross/Sooty_Albatross_0058_796360.jpg,2,0.0006599809,0.0057414845,-0.001303448,0.002628873,-0.0051629497,-0.0038477103,0.01732178,0.008487379,0.004962272,0.008308048,0.0053899884,0.014462894,0.11408232,0.13006951,0.079754904,0.07971746
/mnt/sdd/caltech_training/three_classes/train/003.Sooty_Albatross/Sooty_Albatross_0072_796371.jpg,2,0.0052267862,0.005868852,0.0047728047,-0.003990862,-0.021004569,-0.0020678455,0.0127837695,0.0037525357,0.00040274672,-0.027335847,-0.005280479,0.016772216,0.1135446,0.13410902,0.08091915,0.081049785
/mnt/sdd/caltech_training/three_classes/train/003.Sooty_Albatross/Sooty_Albatross_0030_1122.jpg,2,0.0047315164,0.0026126886,0.0030685624,0.0029981178,0.011514445,0.0025730594,0.019514984,0.00618388,0.004773669,0.0056579197,-0.0011383726,0.014070419,0.11535072,0.13818642,0.08202112,0.08519753
/mnt/sdd/caltech_training/three_classes/train/003.Sooty_Albatross/Sooty_Albatross_0065_796367.jpg,2,-0.013098936,0.0012895211,-0.0005694361,-0.0038243225,-0.022125028,-0.0067598596,0.008956215,0.010803898,-0.00089122914,0.008594629,0.004742132,0.013253843,0.11536637,0.13607809,0.082286954,0.0848996
/mnt/sdd/caltech_training/three_classes/train/003.Sooty_Albatross/Sooty_Albatross_0041_796364.jpg,2,0.0023288182,0.0063796705,-0.00020421552,-0.000717531,-0.0023162481,0.0052530104,0.012243643,0.009261969,0.010577527,0.019663233,0.008602896,0.010189774,0.10782416,0.1292346,0.07442798,0.08111834
/mnt/sdd/caltech_training/three_classes/train/003.Sooty_Albatross/Sooty_Albatross_0031_1066.jpg,2,-0.008248099,-0.009223388,-0.0017350665,0.00038884894,-0.004031847,-0.0016331647,0.006307834,0.030768026,0.0036916747,0.0069564874,0.0016797963,0.011289818,0.11690061,0.13610967,0.081505224,0.08361286
/mnt/sdd/caltech_training/three_classes/train/003.Sooty_Albatross/Sooty_Albatross_0004_796366.jpg,2,0.0010936349,0.0022029374,-0.00048185972,-0.0009668921,0.0010348305,0.0017322088,0.0117016705,0.00720156,-0.0068858787,0.0047497987,0.007711442,0.0071320953,0.1207505,0.13437374,0.08210412,0.08540566
/mnt/sdd/caltech_training/three_classes/train/003.Sooty_Albatross/Sooty_Albatross_0079_796389.jpg,2,0.004464825,0.0034495895,0.00053403014,-0.00018733041,-0.0008339877,-0.0077747926,0.01966579,0.034259744,0.000121853314,0.004550621,-0.02382156,0.007863929,0.10658215,0.13154685,0.07293726,0.07963547
/mnt/sdd/caltech_training/three_classes/train/003.Sooty_Albatross/Sooty_Albatross_0034_1154.jpg,2,-0.0007250637,-0.0076022027,-0.0019585562,-0.0045444868,0.0007787256,0.0031968383,0.023528153,0.020755073,0.004617623,0.010611089,0.01450455,0.014939865,0.117506206,0.1418766,0.08223812,0.084478274
/mnt/sdd/caltech_training/three_classes/train/003.Sooty_Albatross/Sooty_Albatross_0050_796351.jpg,2,0.009950789,0.0013995913,-0.00088417425,-0.0022228016,-0.006229963,-0.00028565864,0.006443743,0.004569468,0.006288789,0.01759667,-0.0017658361,0.012486426,0.115007415,0.13097903,0.075679414,0.07825808
/mnt/sdd/caltech_training/three_classes/train/003.Sooty_Albatross/Sooty_Albatross_0048_1130.jpg,2,0.00013535708,-0.0001925464,-0.0014824662,0.0066854972,0.009039677,0.009109877,-0.004916742,0.013215458,-0.0027401259,-0.0032756473,-0.002871605,0.010879162,0.1120062,0.13497072,0.077566475,0.08111849
/mnt/sdd/caltech_training/three_classes/train/003.Sooty_Albatross/Sooty_Albatross_0024_1161.jpg,2,-0.0044047455,0.0018256707,-0.0015007684,-0.0085076075,-0.0024437453,0.000863886,0.01102347,0.0133160055,0.0033919783,-0.010903236,-0.0051720086,0.01374412,0.113012105,0.12957595,0.081614986,0.08221541
/mnt/sdd/caltech_training/three_classes/train/003.Sooty_Albatross/Sooty_Albatross_0014_796373.jpg,2,9.283284e-05,0.0028049564,0.0025589871,0.005698235,0.009325256,0.0016003706,0.015755244,0.010738488,0.0024790028,0.0026008892,0.0057305773,0.008542312,0.10933611,0.13375963,0.07829136,0.080825694
/mnt/sdd/caltech_training/three_classes/train/003.Sooty_Albatross/Sooty_Albatross_0019_796391.jpg,2,-0.008256957,-0.0029759943,0.0007337744,-0.0094882455,-0.00884106,0.0020016914,-0.004920917,-0.0084073,0.00426424,-0.019029971,-0.0180839,0.0127952285,0.11291009,0.1300579,0.079409465,0.08517893
/mnt/sdd/caltech_training/three_classes/train/003.Sooty_Albatross/Sooty_Albatross_0036_796387.jpg,2,0.006502893,-0.00037260656,0.0037634675,-0.0034672867,-0.016275194,-0.0015091182,-0.025899466,-0.016609242,0.002628107,-0.042739257,-0.02024128,0.009786158,0.11652566,0.1361341,0.08279824,0.08253808
/mnt/sdd/caltech_training/three_classes/train/003.Sooty_Albatross/Sooty_Albatross_0022_796398.jpg,2,-0.0038542314,-0.007284538,-0.0041158576,0.006039747,-0.0062325676,-0.0017004824,0.006357977,0.0068525714,0.003921323,-0.006233893,0.0007361993,0.014091106,0.117514566,0.13320921,0.08317201,0.082380384
/mnt/sdd/caltech_training/three_classes/train/003.Sooty_Albatross/Sooty_Albatross_0013_796402.jpg,2,0.0009313077,0.005936364,0.0024968225,-0.004247791,-0.015748816,0.0018185627,0.0008642394,0.0043469337,0.0022521105,-0.00029753987,-0.008461779,0.011507772,0.11463998,0.12759763,0.075195,0.08096859
/mnt/sdd/caltech_training/three_classes/train/003.Sooty_Albatross/Sooty_Albatross_0077_1080.jpg,2,0.0040292274,0.006677963,-0.00090457976,0.0023162419,0.011623069,0.0052910545,0.016772036,0.02739311,0.0009785021,0.0003729537,-0.0014901005,0.01191527,0.11570709,0.1369672,0.08213987,0.08327335
/mnt/sdd/caltech_training/three_classes/train/003.Sooty_Albatross/Sooty_Albatross_0070_796346.jpg,2,-0.005390635,-0.0005221821,-0.004415853,0.0065309713,-0.008030918,0.008799674,0.017574789,0.00969556,0.0028361531,-0.002848959,0.007992741,0.017869905,0.11525674,0.13171512,0.080136314,0.08385464
/mnt/sdd/caltech_training/three_classes/train/003.Sooty_Albatross/Sooty_Albatross_0032_1149.jpg,2,7.162031e-05,-0.0071842675,-0.002685515,0.013422167,0.008897457,0.007378404,0.0064324676,0.011829015,-0.0006143898,-0.01131586,-0.012806123,0.011718025,0.11914444,0.13733688,0.07790637,0.08270514
/mnt/sdd/caltech_training/three_classes/train/003.Sooty_Albatross/Sooty_Albatross_0076_796365.jpg,2,-0.001087897,-0.00397248,0.00022864004,0.003456327,0.0048648724,0.0039104726,0.011177095,0.016734082,0.0044776723,-0.0013408186,0.006596245,0.016656028,0.11378409,0.13386653,0.08029832,0.083017096
/mnt/sdd/caltech_training/three_classes/train/003.Sooty_Albatross/Sooty_Albatross_0051_796374.jpg,2,0.0030758537,0.00049266673,0.00025097572,-0.0032412321,0.007834805,0.01111605,0.048236847,0.0138239665,0.0077495724,0.007581759,0.014489994,0.0120483935,0.11650455,0.12841055,0.07651763,0.08304569
/mnt/sdd/caltech_training/three_classes/train/003.Sooty_Albatross/Sooty_Albatross_0025_796361.jpg,2,-0.0028201926,-0.0076946104,-0.0037999707,-0.007493214,-0.005910527,0.007959146,0.018226847,0.006652097,0.0046453164,-0.0053502247,-0.011397132,0.003986896,0.10994451,0.13098693,0.07629755,0.08135371
/mnt/sdd/caltech_training/three_classes/train/003.Sooty_Albatross/Sooty_Albatross_0074_1221.jpg,2,0.006722438,-0.0019606918,0.0003366454,0.003593996,0.0132553335,0.008773837,0.035936855,0.03325716,-0.0006256453,0.015817132,0.0018687947,0.011120504,0.11850649,0.14165308,0.08486168,0.08721356
/mnt/sdd/caltech_training/three_classes/train/003.Sooty_Albatross/Sooty_Albatross_0046_1211.jpg,2,-0.0012961596,0.0023223364,0.00068735256,-0.0019814752,-0.0059552724,0.0011900892,0.011494249,0.018433278,0.0017462489,0.0038207918,-0.004939559,0.011216802,0.11079927,0.13656457,0.08005259,0.08363733
/mnt/sdd/caltech_training/three_classes/train/003.Sooty_Albatross/Sooty_Albatross_0003_1078.jpg,2,-0.003367138,0.0014147325,-0.0009426613,-0.0136237135,-0.021274747,-0.0020483858,0.00583209,-0.005283772,-0.0076440345,0.0027044457,0.0016651731,0.009077164,0.116195574,0.13752618,0.076661855,0.08324975
/mnt/sdd/caltech_training/three_classes/train/003.Sooty_Albatross/Sooty_Albatross_0075_796352.jpg,2,-0.009801628,0.00148209,-0.001980097,-0.008606106,-0.014249159,0.0050035743,0.012516939,0.035020515,0.00030974415,0.008190655,-0.0019701687,0.0142456,0.11663262,0.1395657,0.08223458,0.08366404
/mnt/sdd/caltech_training/three_classes/train/003.Sooty_Albatross/Sooty_Albatross_0006_796390.jpg,2,0.015504696,0.005260057,0.00129907,0.002611645,0.0025374088,0.0052469084,0.012395948,0.0053871297,0.0006992598,-0.019265046,-0.0024624607,0.015892856,0.11538748,0.13173272,0.08005125,0.08136979
/mnt/sdd/caltech_training/three_classes/train/003.Sooty_Albatross/Sooty_Albatross_0042_1210.jpg,2,-0.00067161396,0.0050799455,0.0043137185,-0.0064344904,-0.005167961,0.0040501985,-0.014108433,-0.0010139727,0.0025807617,-0.012557455,0.0009933137,0.011905448,0.116468176,0.13993084,0.0830941,0.08596688
/mnt/sdd/caltech_training/three_classes/train/003.Sooty_Albatross/Sooty_Albatross_0073_1171.jpg,2,0.00426142,0.009833906,0.0054384544,-0.010950677,-0.016412165,-0.007949289,-0.0057882974,0.0028149588,-0.0046227174,-0.02538845,-0.014063029,0.010468609,0.11683278,0.13268021,0.0791241,0.084371924
/mnt/sdd/caltech_training/three_classes/train/003.Sooty_Albatross/Sooty_Albatross_0038_1065.jpg,2,0.0042808,-0.0005817694,0.0029803095,-0.0030614808,0.0006696647,-0.00078769977,0.0103017315,0.02331914,-0.004048122,0.023809437,0.014460656,0.011082851,0.113642596,0.13785079,0.07637842,0.087884106
/mnt/sdd/caltech_training/three_classes/train/003.Sooty_Albatross/Sooty_Albatross_0040_796375.jpg,2,0.002217352,0.0008379185,-0.00016382814,-0.008199214,-0.011863302,0.0026638107,0.03458176,0.027130947,0.01449424,0.037984792,0.008931111,0.010755843,0.10537193,0.13205235,0.07334227,0.08158313
/mnt/sdd/caltech_training/three_classes/train/003.Sooty_Albatross/Sooty_Albatross_0016_1075.jpg,2,0.0019816032,-0.0077872565,-0.0007276366,-0.0042773094,-0.011144365,-0.005165461,0.0016031596,0.013166187,-0.0048402217,-0.003020076,0.0056324825,0.016742267,0.1168309,0.13384862,0.07986434,0.081251465
/mnt/sdd/caltech_training/three_classes/train/003.Sooty_Albatross/Sooty_Albatross_0055_1160.jpg,2,0.002340177,0.0015098153,-0.0010578162,-0.0051697716,-0.004609413,-0.0050044823,0.006997157,0.0019128779,0.0038165178,-0.0059258807,0.0023266156,0.018007744,0.115211815,0.13438168,0.078914,0.083951294
/mnt/sdd/caltech_training/three_classes/train/003.Sooty_Albatross/Sooty_Albatross_0057_796354.jpg,2,0.0046947272,0.001660053,0.0025256737,0.0035720048,0.0005557402,0.011270135,0.002014095,0.016409036,-0.006318546,-0.0053954115,0.0026512423,0.008950869,0.116826974,0.13228938,0.08020167,0.084126994
/mnt/sdd/caltech_training/three_classes/train/003.Sooty_Albatross/Sooty_Albatross_0063_1101.jpg,2,0.004762933,0.0046472563,0.0019639498,-0.0027827201,-0.0012033321,0.0031576883,0.01611777,0.009188175,-0.0050067003,-0.023367148,-0.0051583447,0.0064605623,0.113395266,0.13915467,0.07785083,0.083775505
