Full filepath,Full Class Index,sensitivityscore_before_features.19,sensitivityscore_After_features.19_0.5,sensitivityscore_After_features.19_0.6,sensitivityscore_After_features.19_0.7,sensitivityscore_After_features.19_0.8,sensitivityscore_before_features.20,sensitivityscore_before_features.22,sensitivityscore_before_features.23,sensitivityscore_before_features.24,sensitivityscore_After_features.24_0.5,sensitivityscore_After_features.24_0.6,sensitivityscore_After_features.24_0.7,sensitivityscore_After_features.24_0.8
/mnt/sdd/caltech_training/three_classes/train/001.Black_footed_Albatross/Black_Footed_Albatross_0064_796101.jpg,0,-0.003960439,-0.004862425,-0.00403982,-0.018766046,-0.007446779,-0.005569093,-0.001274245,-0.024689877,-0.013712255,0.03176323,0.057671033,0.030258495,-0.000807478
/mnt/sdd/caltech_training/three_classes/train/001.Black_footed_Albatross/Black_Footed_Albatross_0010_796097.jpg,0,-0.007952061,0.020097272,-0.010802981,0.014688026,0.004188827,-0.001783693,-0.005419022,-0.004238421,-0.007737386,0.035809815,0.041807573,0.08252996,0.025559828
/mnt/sdd/caltech_training/three_classes/train/001.Black_footed_Albatross/Black_Footed_Albatross_0006_796065.jpg,0,-0.004081827,0.010981983,-0.00583883,0.01970097,0.00564977,-0.01266835,0.007194915,-0.012034973,-0.018606044,0.04810919,0.06013721,0.06840238,0.04350073
/mnt/sdd/caltech_training/three_classes/train/001.Black_footed_Albatross/Black_Footed_Albatross_0051_796103.jpg,0,-0.005577719,0.006277966,0.001187499,0.013153244,0.00267846,-0.006634241,-0.008421334,-0.013745454,0.015506025,0.06375037,0.08414019,0.081483096,0.04555846
/mnt/sdd/caltech_training/three_classes/train/001.Black_footed_Albatross/Black_Footed_Albatross_0076_417.jpg,0,0.005561379,0.007211971,0.0252975,0.005327757,-0.004175718,0.009233677,-0.005734816,0.002135671,0.014189277,0.04414334,0.083345704,0.08856937,0.052599855
/mnt/sdd/caltech_training/three_classes/train/001.Black_footed_Albatross/Black_Footed_Albatross_0082_796121.jpg,0,-0.010116116,-0.002272736,-3.05E-05,-0.009454844,-0.00495936,-0.014790853,-0.010254443,-0.016007394,-0.001038021,0.034806494,0.04041542,0.06854412,0.012693878
/mnt/sdd/caltech_training/three_classes/train/001.Black_footed_Albatross/Black_Footed_Albatross_0046_18.jpg,0,0.000891014,0.004543586,-0.000103441,0.00210301,-0.01500749,0.006737736,0.009028967,-0.010873008,-0.008920698,0.005299206,0.015514747,0.02894704,-0.009520199
/mnt/sdd/caltech_training/three_classes/train/001.Black_footed_Albatross/Black_Footed_Albatross_0001_796111.jpg,0,0.00177301,0.02093527,-0.00188464,0.01500146,0.011614929,0.002552461,-0.006037214,-0.000737213,0.023700397,0.05981756,0.030162945,0.050241657,0.060756754
/mnt/sdd/caltech_training/three_classes/train/001.Black_footed_Albatross/Black_Footed_Albatross_0014_89.jpg,0,0.006242918,0.002132713,0.003117674,0.001273892,0.004187082,-0.002035664,-0.007276292,-0.019163594,0.014164803,0.022468235,0.048694726,0.045345284,0.013941962
/mnt/sdd/caltech_training/three_classes/train/001.Black_footed_Albatross/Black_Footed_Albatross_0057_796106.jpg,0,0.007378861,0.000809756,-0.006414602,-0.00982522,-0.0037243,-0.001897371,-0.000731404,0.003426772,0.007898064,0.05764606,0.08252844,0.061691135,0.03485191
/mnt/sdd/caltech_training/three_classes/train/001.Black_footed_Albatross/Black_Footed_Albatross_0065_796068.jpg,0,0.006406673,0.021434866,0.022439515,0.017137961,0.0218117,0.003594408,-0.000896079,0.001446673,-0.004513695,0.041883722,0.059436124,0.08850001,0.06583663
/mnt/sdd/caltech_training/three_classes/train/001.Black_footed_Albatross/Black_Footed_Albatross_0071_796113.jpg,0,-0.007768455,-0.016520936,-0.012574302,-0.008486949,-0.008322501,0.002787205,-0.002312911,-0.002018681,0.011885868,0.024136622,0.041203033,0.05785278,0.020980425
/mnt/sdd/caltech_training/three_classes/train/001.Black_footed_Albatross/Black_Footed_Albatross_0045_796129.jpg,0,-0.002520981,0.008187189,0.00500716,0.006223508,0.006091118,-0.00112169,0.006173736,-0.002978798,0.02089572,0.06091444,0.048978865,0.060067274,0.041398093
/mnt/sdd/caltech_training/three_classes/train/001.Black_footed_Albatross/Black_Footed_Albatross_0047_796064.jpg,0,-0.01594757,0.024411002,0.002105454,0.005092681,0.013661973,-0.013729138,0.007248147,0.00315796,-0.010372433,0.039208658,0.04116308,0.08080995,0.043525856
/mnt/sdd/caltech_training/three_classes/train/001.Black_footed_Albatross/Black_Footed_Albatross_0039_796132.jpg,0,-0.002281906,0.012178519,-0.003869086,0.006942031,9.71E-06,0.002886955,-0.001397749,0.001848885,0.016249891,0.049174972,0.05819398,0.10466598,0.052866608
/mnt/sdd/caltech_training/three_classes/train/001.Black_footed_Albatross/Black_Footed_Albatross_0085_92.jpg,0,0.005218218,0.003938016,-0.011240661,-0.005946206,-0.009977774,-0.000699539,0.000377269,-0.016324468,0.019592036,0.053785384,0.08404055,0.06327612,0.011743166
/mnt/sdd/caltech_training/three_classes/train/001.Black_footed_Albatross/Black_Footed_Albatross_0068_796135.jpg,0,-0.002297869,0.009520305,0.009143006,0.013916859,0.003045362,0.002042176,-0.001265355,-0.006797416,0.009773243,0.05098875,0.05071079,0.056590654,0.026041035
/mnt/sdd/caltech_training/three_classes/train/001.Black_footed_Albatross/Black_Footed_Albatross_0016_796067.jpg,0,0.003960802,0.017180508,0.015779542,0.010935452,0.00086358,0.008772386,0.005364769,0.003787532,0.011754915,0.030279364,0.058002666,0.04276687,0.000482867
/mnt/sdd/caltech_training/three_classes/train/001.Black_footed_Albatross/Black_Footed_Albatross_0090_796077.jpg,0,-0.004075199,0.004367144,0.005797242,0.001312283,-0.018458718,0.006736368,0.004864323,0.001513416,0.032026142,0.039361514,0.028677233,-0.00054977,0.002258929
/mnt/sdd/caltech_training/three_classes/train/001.Black_footed_Albatross/Black_Footed_Albatross_0089_796069.jpg,0,0.014542265,-0.023432309,-0.005404307,0.001796493,-0.027653558,0.004218485,-0.002834399,0.008441462,0.032718368,0.086125,0.08358315,0.07818487,0.0209434
/mnt/sdd/caltech_training/three_classes/train/001.Black_footed_Albatross/Black_Footed_Albatross_0005_796090.jpg,0,0.008849449,0.015652146,-0.005213073,0.009610241,0.018675674,0.014882743,0.005959551,0.013120114,0.006705446,0.05547399,0.060877115,0.07315113,0.024966603
/mnt/sdd/caltech_training/three_classes/train/001.Black_footed_Albatross/Black_Footed_Albatross_0007_796138.jpg,0,0.008989817,0.010997549,-0.020384576,0.003838148,-0.0021807,0.012905242,-0.00164216,0.01325444,0.003840588,0.05243522,0.065625474,0.05908287,0.042448014
/mnt/sdd/caltech_training/three_classes/train/001.Black_footed_Albatross/Black_Footed_Albatross_0069_796139.jpg,0,0.011883371,0.000541962,0.004005595,-0.009107069,-0.017915538,0.012553584,0.003175089,0.010641006,0.030942623,0.04087852,0.065252006,0.09214726,0.036202133
/mnt/sdd/caltech_training/three_classes/train/001.Black_footed_Albatross/Black_Footed_Albatross_0040_796066.jpg,0,0.001853657,0.014322216,0.004333831,0.012099401,0.013176515,0.005998287,0.002693378,-0.008048235,-0.009967862,0.040007703,0.05408896,0.062256504,0.017868664
/mnt/sdd/caltech_training/three_classes/train/001.Black_footed_Albatross/Black_Footed_Albatross_0041_796108.jpg,0,0.00055238,0.015496648,0.027910229,0.005588925,0.004063977,0.010880405,-0.004832142,-0.009767,0.002422398,0.08008328,0.10537185,0.09080486,0.06493178
/mnt/sdd/caltech_training/three_classes/train/001.Black_footed_Albatross/Black_Footed_Albatross_0074_59.jpg,0,-0.003897032,0.012493753,-0.004913366,0.002417044,0.0003198,0.001777156,-0.00819649,-0.013949867,-0.001431416,0.016069379,0.040291026,0.06619599,0.009762173
/mnt/sdd/caltech_training/three_classes/train/001.Black_footed_Albatross/Black_Footed_Albatross_0050_796125.jpg,0,0.015201654,-0.011483749,-0.001113196,-0.011251639,-0.00442094,0.002991224,-0.003992852,-0.002296329,0.023025375,0.0339224,0.04101011,0.034209345,-0.007618071
/mnt/sdd/caltech_training/three_classes/train/001.Black_footed_Albatross/Black_Footed_Albatross_0058_796074.jpg,0,0.001108114,-0.000564997,-0.005149867,0.001078348,-0.00026911,0.006279946,0.004368558,0.002554919,0.00733911,0.050826408,0.077525355,0.096877255,0.04041954
/mnt/sdd/caltech_training/three_classes/train/001.Black_footed_Albatross/Black_Footed_Albatross_0038_212.jpg,0,-0.001243833,0.02192448,0.023040725,0.018954376,0.010252281,0.013810223,0.003453837,-0.000591301,0.014188184,0.05386439,0.071983084,0.09030227,0.056338664
/mnt/sdd/caltech_training/three_classes/train/001.Black_footed_Albatross/Black_Footed_Albatross_0077_796114.jpg,0,-0.00451453,-0.002542786,0.013110148,-0.005980942,-0.011225455,-0.001963514,-0.007221837,-0.008406385,-0.000480453,0.050106134,0.032109372,0.082808316,0.03218797
/mnt/sdd/caltech_training/three_classes/train/001.Black_footed_Albatross/Black_Footed_Albatross_0079_796122.jpg,0,0.004666118,-0.014747566,0.000699992,-0.02403332,0.000233276,-0.002162276,-0.002293276,-0.015208244,0.014691545,0.046344455,0.028985802,0.054916624,-0.01385022
/mnt/sdd/caltech_training/three_classes/train/001.Black_footed_Albatross/Black_Footed_Albatross_0088_796133.jpg,0,-0.007199904,0.02068757,0.03362151,0.012571156,0.012495534,-0.016293887,-0.010066256,-0.02184957,-0.014473778,0.033877846,0.053920165,0.04473819,0.05752007
/mnt/sdd/caltech_training/three_classes/train/001.Black_footed_Albatross/Black_Footed_Albatross_0024_796089.jpg,0,-0.002244311,-0.002140367,-0.015832976,-0.009716756,-0.008518787,-0.006273103,-0.007974491,0.004144528,-0.004449193,0.008985268,0.04984747,0.03912327,0.019899517
/mnt/sdd/caltech_training/three_classes/train/001.Black_footed_Albatross/Black_Footed_Albatross_0037_796120.jpg,0,0.001929154,0.023071429,0.007415462,0.027907085,0.012410042,0.000507079,-0.002166626,-0.014720162,-0.019867253,0.06723793,0.079392955,0.06416841,0.03177085
/mnt/sdd/caltech_training/three_classes/train/001.Black_footed_Albatross/Black_Footed_Albatross_0060_796076.jpg,0,0.008668331,-0.003039205,-0.000796227,-0.011583587,-0.018038515,0.020108351,0.008714808,0.012602896,0.043498658,0.030633714,0.05402372,0.0755558,0.012223736
/mnt/sdd/caltech_training/three_classes/train/001.Black_footed_Albatross/Black_Footed_Albatross_0049_796063.jpg,0,0.006528563,-0.001676149,0.01392659,0.007390957,0.00588137,0.004962432,-0.001774558,-0.008012778,0.002491587,0.035269465,0.04972972,0.030740518,0.01079051
/mnt/sdd/caltech_training/three_classes/train/001.Black_footed_Albatross/Black_Footed_Albatross_0026_796095.jpg,0,0.016462406,-0.008294888,-0.008404226,0.007682601,0.008099265,0.017499872,-0.000607314,0.024940565,0.01854609,0.022040676,0.06447441,0.07150168,0.039056055
/mnt/sdd/caltech_training/three_classes/train/001.Black_footed_Albatross/Black_Footed_Albatross_0032_796115.jpg,0,-0.01285016,0.017524026,0.001901175,0.015077145,0.016196715,-0.00090492,0.000117859,0.0009892,-0.008911588,0.06921952,0.093201324,0.11253108,0.054026634
/mnt/sdd/caltech_training/three_classes/train/001.Black_footed_Albatross/Black_Footed_Albatross_0053_796109.jpg,0,0.00772269,0.008967425,0.020453855,0.013587445,0.007034545,0.010985003,-0.001599218,-0.003993691,-0.003588431,0.028685313,0.07633191,0.068519235,0.013236295
/mnt/sdd/caltech_training/three_classes/train/001.Black_footed_Albatross/Black_Footed_Albatross_0035_796140.jpg,0,0.006229463,0.02184223,0.015620751,0.007954727,0.002311105,0.000880381,-0.002155391,0.014322903,0.000620746,0.053555623,0.050415777,0.04649379,0.05683451
/mnt/sdd/caltech_training/three_classes/train/001.Black_footed_Albatross/Black_Footed_Albatross_0061_796082.jpg,0,0.004120013,-0.005644988,-0.016076887,-0.005511432,-0.000382679,-0.000255922,-0.000384376,-0.013856638,0.013971116,0.043379266,0.039293215,0.0542263,0.005229619
/mnt/sdd/caltech_training/three_classes/train/001.Black_footed_Albatross/Black_Footed_Albatross_0023_796059.jpg,0,0.001721572,0.001005678,0.008769739,0.003963903,-0.013216293,-0.001119944,-0.009048194,-0.016109657,0.009226617,0.05880601,0.06393279,0.03858068,-0.00716509
/mnt/sdd/caltech_training/three_classes/train/001.Black_footed_Albatross/Black_Footed_Albatross_0033_796086.jpg,0,-0.000753319,0.014190555,0.006010712,0.013108125,0.000404301,0.006425843,0.006748342,0.013979463,0.025421275,0.060427323,0.055234827,0.069431424,0.04084146
/mnt/sdd/caltech_training/three_classes/train/001.Black_footed_Albatross/Black_Footed_Albatross_0042_796071.jpg,0,0.001841844,0.017184883,0.000281414,0.013298854,-7.77E-05,0.007637171,-0.003799014,-0.000990455,0.02063777,0.059476223,0.045578875,0.08202697,0.056017686
/mnt/sdd/caltech_training/three_classes/train/001.Black_footed_Albatross/Black_Footed_Albatross_0036_796127.jpg,0,-0.001738882,-0.002759305,-0.001192041,0.009712478,-0.006760295,-0.008946458,-0.00111272,0.000316755,-0.018530048,0.041141324,0.04851435,0.06843632,0.006760872
/mnt/sdd/caltech_training/three_classes/train/001.Black_footed_Albatross/Black_Footed_Albatross_0078_796126.jpg,0,0.002929664,-0.004784834,-0.020417415,-0.009288584,-0.010254723,-0.004563648,0.008052929,0.019460397,-0.006339771,0.020730618,0.038523488,0.046023436,0.016403457
/mnt/sdd/caltech_training/three_classes/train/001.Black_footed_Albatross/Black_Footed_Albatross_0003_796136.jpg,0,-0.002455196,-0.004052398,-0.002791843,-0.004436168,0.014440056,-0.001217556,-0.006571619,0.00257076,0.010948315,0.048582558,0.044308838,0.06978718,0.008790309
/mnt/sdd/caltech_training/three_classes/train/001.Black_footed_Albatross/Black_Footed_Albatross_0063_796141.jpg,0,0.00295909,0.02073607,0.013661591,0.013769836,0.015118847,0.012193147,-0.004129145,-0.01246424,0.021622576,0.067702815,0.0444424,0.05886893,0.058810852
/mnt/sdd/caltech_training/three_classes/train/002.Laysan_Albatross/Laysan_Albatross_0091_602.jpg,1,0.012554753,-0.000294515,-0.01633593,-0.017095909,-0.001982805,0.001017977,0.000406342,-0.010283425,0.002273758,0.004292912,-0.01196021,-0.009636133,-0.000719413
/mnt/sdd/caltech_training/three_classes/train/002.Laysan_Albatross/Laysan_Albatross_0017_614.jpg,1,0.004865642,0.004750356,0.004127426,0.006025078,-0.00345915,0.012413932,0.011367131,0.023656111,0.039146233,0.012510161,0.032247152,0.002841644,0.011116857
/mnt/sdd/caltech_training/three_classes/train/002.Laysan_Albatross/Laysan_Albatross_0059_488.jpg,1,-0.00225813,0.006615929,0.002963844,-0.010276418,-0.008631673,-0.004882427,-0.001665338,-0.003908168,-0.021446254,-0.029105758,-0.01834685,-0.01466925,-0.015017388
/mnt/sdd/caltech_training/three_classes/train/002.Laysan_Albatross/Laysan_Albatross_0085_564.jpg,1,-0.003614483,-0.00130881,-0.00542926,0.002635604,-0.004546679,-0.011049089,-0.006344033,-0.004549945,0.018024333,0.008016236,-0.006275386,-0.000796685,-0.017343923
/mnt/sdd/caltech_training/three_classes/train/002.Laysan_Albatross/Laysan_Albatross_0076_671.jpg,1,0.009679381,-0.010065312,-0.009009943,-0.016485957,-0.008650515,0.005506753,-0.001896247,0.009464358,0.010479493,-0.014609522,-0.007334035,-0.008760826,-0.02162034
/mnt/sdd/caltech_training/three_classes/train/002.Laysan_Albatross/Laysan_Albatross_0040_472.jpg,1,-0.008086702,0.014538832,0.012607304,0.009612178,0.014981304,-0.009586237,0.001995666,0.004545912,0.00860947,0.007380243,-0.011647597,-0.019254943,0.014021028
/mnt/sdd/caltech_training/three_classes/train/002.Laysan_Albatross/Laysan_Albatross_0083_756.jpg,1,-0.002667424,0.016278062,-0.00581668,-0.002715742,-0.008448653,-0.003731384,-0.00125097,0.010469533,0.023120863,0.018625448,0.021304,0.013983794,-0.003484749
/mnt/sdd/caltech_training/three_classes/train/002.Laysan_Albatross/Laysan_Albatross_0080_821.jpg,1,0.027396664,0.023215456,0.014520094,0.020719785,0.012403654,0.007921561,-0.000261989,0.01701258,0.021905445,0.002561631,-0.015153724,0.003400142,0.015206839
/mnt/sdd/caltech_training/three_classes/train/002.Laysan_Albatross/Laysan_Albatross_0065_809.jpg,1,0.009607352,0.005958917,0.011048741,-0.002488779,0.006110076,0.010400204,0.002116049,0.023123063,0.024658293,0.04177249,0.018090475,0.014526166,0.00180231
/mnt/sdd/caltech_training/three_classes/train/002.Laysan_Albatross/Laysan_Albatross_0042_801.jpg,1,0.015085325,0.006165962,0.001559807,-0.004521239,-0.008003561,0.002931959,0.014534499,0.02293931,0.043869924,0.031174002,0.018230129,0.027329655,0.019589521
/mnt/sdd/caltech_training/three_classes/train/002.Laysan_Albatross/Laysan_Albatross_0033_658.jpg,1,0.007723693,-0.009709845,-0.008137561,-0.011127275,-0.021364916,0.001860164,-0.005091464,-0.02267209,0.03412208,0.011311196,0.017339244,-0.002203806,-0.004211967
/mnt/sdd/caltech_training/three_classes/train/002.Laysan_Albatross/Laysan_Albatross_0012_696.jpg,1,-0.002331811,0.012843613,0.004742642,-0.003721542,0.000416497,0.002903179,-0.000952275,0.011689598,0.019037945,-0.003793888,0.020726526,-0.004493733,0.019008461
/mnt/sdd/caltech_training/three_classes/train/002.Laysan_Albatross/Laysan_Albatross_0028_643.jpg,1,-0.012696355,-0.023056079,-0.008344887,-0.010113391,0.001407924,-0.008421678,-0.009406721,-0.015968475,0.026177019,0.040239464,0.019456584,0.009058262,-0.007670786
/mnt/sdd/caltech_training/three_classes/train/002.Laysan_Albatross/Laysan_Albatross_0099_869.jpg,1,-0.010318894,-0.021919098,-0.014023109,-0.021452518,-0.009144907,-0.011230466,-0.007990954,-0.02901675,-0.01188687,0.013932638,-0.008828417,-0.013075041,-0.017256748
/mnt/sdd/caltech_training/three_classes/train/002.Laysan_Albatross/Laysan_Albatross_0056_500.jpg,1,-0.001913325,-0.001224519,0.012644465,0.01014084,0.00880524,-0.013797148,0.003259689,0.013746917,0.026608359,0.036407314,0.000232553,0.005241494,0.011743071
/mnt/sdd/caltech_training/three_classes/train/002.Laysan_Albatross/Laysan_Albatross_0025_571.jpg,1,0.003936457,-0.013913475,-0.028221361,-0.033510808,-0.017454796,-0.00125617,-0.007713752,0.001584618,0.020197101,0.011887417,-0.002021404,0.00134912,-0.028162116
/mnt/sdd/caltech_training/three_classes/train/002.Laysan_Albatross/Laysan_Albatross_0070_788.jpg,1,0.012412723,0.007201472,0.012420462,0.003600535,0.008349938,0.015629938,0.009446699,0.008864723,0.046924092,0.019077916,-0.003398348,0.010000188,0.02052237
/mnt/sdd/caltech_training/three_classes/train/002.Laysan_Albatross/Laysan_Albatross_0100_735.jpg,1,0.01274124,0.010483546,-0.007114276,-0.007442799,-0.005221085,0.006801866,0.004625312,0.034450494,0.029151978,0.036978617,0.013739994,0.015819207,-0.005467472
/mnt/sdd/caltech_training/three_classes/train/002.Laysan_Albatross/Laysan_Albatross_0013_910.jpg,1,-0.000941894,-0.010497606,0.001129138,-0.016729215,0.002965925,0.008836614,-0.00380499,-0.00235051,0.014161082,-0.010998337,0.010368853,0.018829897,-0.014448322
/mnt/sdd/caltech_training/three_classes/train/002.Laysan_Albatross/Laysan_Albatross_0060_777.jpg,1,0.015495883,-0.028018879,-0.022771742,-0.026802681,-0.018176561,0.011546446,0.008260961,0.016975053,0.040393725,0.03326655,0.020307206,0.031533662,-0.01536884
/mnt/sdd/caltech_training/three_classes/train/002.Laysan_Albatross/Laysan_Albatross_0006_702.jpg,1,0.012056951,0.001119205,-0.008422694,-0.015188037,-0.016086565,-0.00431302,-0.002026033,-0.00532265,0.031317025,0.019235296,0.002792399,-0.00870921,-0.031653058
/mnt/sdd/caltech_training/three_classes/train/002.Laysan_Albatross/Laysan_Albatross_0092_834.jpg,1,0.007748989,0.023935549,0.001989172,0.005102332,0.001872291,0.010000519,0.007428755,0.016647492,0.038774297,0.027055629,0.030937161,0.028007176,0.013299728
/mnt/sdd/caltech_training/three_classes/train/002.Laysan_Albatross/Laysan_Albatross_0096_673.jpg,1,0.009411831,0.002490027,0.013300672,-0.002200899,0.00459028,0.01246557,0.003055859,0.028311074,0.026244862,0.024304952,0.018152937,0.011861171,0.004841497
/mnt/sdd/caltech_training/three_classes/train/002.Laysan_Albatross/Laysan_Albatross_0005_565.jpg,1,-0.001123958,-0.00897843,-0.003442153,-0.014160887,-0.000349401,0.001689783,-0.001004529,-8.14E-05,0.041473854,0.02242839,-0.019923827,-0.012109672,-0.011574666
/mnt/sdd/caltech_training/three_classes/train/002.Laysan_Albatross/Laysan_Albatross_0104_630.jpg,1,-0.009183912,0.017801568,0.012663257,-0.007566408,-0.014509844,-0.004736388,-0.005700929,-0.008153634,-0.007619399,-0.007155317,-0.011748627,-0.004917247,0.013923303
/mnt/sdd/caltech_training/three_classes/train/002.Laysan_Albatross/Laysan_Albatross_0049_918.jpg,1,0.011599958,0.002454284,-0.000568407,-0.010106306,0.000252606,0.004050441,-0.005531992,0.012008099,0.017251179,-0.013549228,-0.001791564,-0.007709096,-0.011477809
/mnt/sdd/caltech_training/three_classes/train/002.Laysan_Albatross/Laysan_Albatross_0075_668.jpg,1,0.00434386,0.035207164,0.000801223,0.005266878,0.006063396,0.008020183,0.003299031,-0.007039005,0.018358786,0.032722384,0.01582469,0.041508198,-0.002651541
/mnt/sdd/caltech_training/three_classes/train/002.Laysan_Albatross/Laysan_Albatross_0079_506.jpg,1,0.009547676,0.003909858,0.002522579,-0.002323041,-0.005065088,0.001455979,-0.00119818,0.005886247,0.0403464,0.011245066,-0.001445466,0.004145867,-0.020557165
/mnt/sdd/caltech_training/three_classes/train/002.Laysan_Albatross/Laysan_Albatross_0094_1013.jpg,1,-0.020032853,0.011207175,-0.003208195,-0.015702197,-0.009983875,-0.012524172,-0.009723606,-0.0294055,-0.003895863,0.016717771,-0.000696084,-0.013837552,0.007348388
/mnt/sdd/caltech_training/three_classes/train/002.Laysan_Albatross/Laysan_Albatross_0018_492.jpg,1,-0.016477216,0.006351849,-0.005964119,-0.009744089,-0.00384482,-0.010572134,-0.010462439,-0.018288277,0.003789736,0.014324408,-0.003018836,-0.004581597,0.014451291
/mnt/sdd/caltech_training/three_classes/train/002.Laysan_Albatross/Laysan_Albatross_0047_619.jpg,1,0.008862671,-0.01313002,-0.001954545,-0.005950773,-0.003642382,0.007775521,-0.007010091,0.006367855,0.004589291,0.032924037,-0.005169105,-0.000666738,0.002123862
/mnt/sdd/caltech_training/three_classes/train/002.Laysan_Albatross/Laysan_Albatross_0050_870.jpg,1,0.010472822,-0.016391205,-0.003295666,-0.006976972,-0.010183234,0.008407975,-0.001571095,0.028550461,0.04195425,0.038479082,0.018471776,0.005330433,0.011467599
/mnt/sdd/caltech_training/three_classes/train/002.Laysan_Albatross/Laysan_Albatross_0044_784.jpg,1,0.001062177,0.02859629,0.01639323,-0.004984091,-0.004781169,-0.001523307,-0.00818425,-0.0313945,-0.02053015,-0.017079819,-0.040396865,-0.013623429,0.015409422
/mnt/sdd/caltech_training/three_classes/train/002.Laysan_Albatross/Laysan_Albatross_0023_1059.jpg,1,0.011471266,0.015192156,0.001891807,0.00755251,-0.010917345,0.002254622,0.004208235,0.018865686,0.038320176,-0.004041376,-0.003119938,0.017625816,-0.018122084
/mnt/sdd/caltech_training/three_classes/train/002.Laysan_Albatross/Laysan_Albatross_0034_628.jpg,1,0.000299556,-0.014051953,-0.002817504,-0.011536751,-0.008103428,-0.017824877,-0.007470381,-0.011909739,0.025962349,-0.002032219,-0.022601653,-0.01761142,-0.02653931
/mnt/sdd/caltech_training/three_classes/train/002.Laysan_Albatross/Laysan_Albatross_0098_621.jpg,1,-0.003472081,0.025871484,-0.01211729,-0.016646652,-0.001873161,-0.01590411,-0.008710436,-0.03240774,-0.014126712,0.01682502,-0.001655478,-0.01348451,0.000340887
/mnt/sdd/caltech_training/three_classes/train/002.Laysan_Albatross/Laysan_Albatross_0053_543.jpg,1,0.008341588,-0.008504802,0.004232246,-0.014665676,-0.013684995,0.002514982,-0.002806547,-0.004152601,0.022901883,0.007070639,-0.006682555,0.003526876,-0.008342883
/mnt/sdd/caltech_training/three_classes/train/002.Laysan_Albatross/Laysan_Albatross_0088_883.jpg,1,0.017794661,0.016659774,0.001521233,0.002000035,-0.005820649,0.019825095,0.011211229,0.03757661,0.05513357,0.033076424,0.025718587,0.024586238,0.021649627
/mnt/sdd/caltech_training/three_classes/train/002.Laysan_Albatross/Laysan_Albatross_0029_482.jpg,1,0.010255114,-0.00184383,0.000845641,-0.00807308,0.012116803,0.00388484,-0.002156121,0.012517186,0.044664666,0.000594948,0.005128848,-0.00234462,0.010213448
/mnt/sdd/caltech_training/three_classes/train/002.Laysan_Albatross/Laysan_Albatross_0103_504.jpg,1,0.012291968,-0.008674677,-0.012754315,-0.017076511,-0.01572325,-0.00089516,-0.006327556,0.003710617,0.014755722,0.006950852,-0.011397987,0.005394292,-0.010037746
/mnt/sdd/caltech_training/three_classes/train/002.Laysan_Albatross/Laysan_Albatross_0055_570.jpg,1,0.003951821,0.013664696,-0.003557233,-0.009731177,-0.002425417,0.003077984,-0.000465722,-0.007004688,-0.003398899,0.006644062,-0.015885588,-0.003981959,0.014119403
/mnt/sdd/caltech_training/three_classes/train/002.Laysan_Albatross/Laysan_Albatross_0002_1027.jpg,1,-0.004123469,0.008144548,0.002553578,-0.009160817,0.007592465,0.008403827,-0.006261618,-0.001901801,0.012563999,-0.016626392,-0.007516577,0.002231152,0.005789411
/mnt/sdd/caltech_training/three_classes/train/002.Laysan_Albatross/Laysan_Albatross_0039_924.jpg,1,0.003463757,0.006412569,-0.006916761,-0.011548087,-0.003888709,-0.000508958,0.001209831,-0.012561729,0.025282638,-0.016334422,-0.028349426,-0.011383839,-0.022853414
/mnt/sdd/caltech_training/three_classes/train/002.Laysan_Albatross/Laysan_Albatross_0071_792.jpg,1,0.007513082,0.016061924,0.010980619,-0.007008884,0.015724719,-0.00786035,-0.003340031,0.002762502,0.001740931,0.026389431,-0.001560718,0.003916093,0.025928654
/mnt/sdd/caltech_training/three_classes/train/002.Laysan_Albatross/Laysan_Albatross_0064_674.jpg,1,0.006117932,-0.003226951,-0.019251844,-0.017047213,-0.011154617,0.001375524,0.011511864,0.030296046,0.040834755,0.020342745,-0.004084561,0.00234442,-0.025897238
/mnt/sdd/caltech_training/three_classes/train/002.Laysan_Albatross/Laysan_Albatross_0081_800.jpg,1,-0.008260509,0.000221972,0.005509028,-0.007362193,0.000515886,-0.011915196,-0.005473428,-0.009318409,0.013250662,-0.007177556,-0.008278353,-0.014639616,0.014135821
/mnt/sdd/caltech_training/three_classes/train/002.Laysan_Albatross/Laysan_Albatross_0061_563.jpg,1,-0.001100165,0.022924418,0.026768524,0.013997906,0.015959179,-0.013070559,0.002598557,0.006539762,0.02554576,0.0151751,-0.008107317,-0.0117504,0.004523209
/mnt/sdd/caltech_training/three_classes/train/002.Laysan_Albatross/Laysan_Albatross_0037_699.jpg,1,0.003731473,0.017142098,0.013612271,0.011181038,0.005427918,0.001025235,-0.000178824,0.000516728,-0.004597766,0.029690709,-0.004157702,-0.008129207,0.008595743
/mnt/sdd/caltech_training/three_classes/train/003.Sooty_Albatross/Sooty_Albatross_0020_796359.jpg,2,0.001847962,0.014117578,0.015270133,-0.014196177,-0.013733606,0.006864405,0.006287668,0.0112195,0.01536571,0.04955926,0.05271198,0.052263156,0.060804777
/mnt/sdd/caltech_training/three_classes/train/003.Sooty_Albatross/Sooty_Albatross_0069_796358.jpg,2,0.005263343,0.014675538,0.014014668,0.011495991,0.025596932,0.00265176,0.005110822,0.01567417,0.012734845,0.06816445,0.051704187,0.029430032,0.048899926
/mnt/sdd/caltech_training/three_classes/train/003.Sooty_Albatross/Sooty_Albatross_0007_796372.jpg,2,0.008191776,0.018337538,0.003458151,-0.004328546,-0.000229871,0.008714499,0.013365721,0.04560487,0.028861962,0.07010439,0.06511843,0.03664715,0.039447207
/mnt/sdd/caltech_training/three_classes/train/003.Sooty_Albatross/Sooty_Albatross_0005_796342.jpg,2,-0.006335862,0.002162286,-0.000273207,-0.013944064,0.010419234,0.00286455,0.00726451,0.03309705,0.022121612,0.069588155,0.08079763,0.042736165,0.037265155
/mnt/sdd/caltech_training/three_classes/train/003.Sooty_Albatross/Sooty_Albatross_0010_796355.jpg,2,0.013808927,-0.001089617,0.01218495,0.008026652,-0.004545978,0.013530403,0.005012903,0.026898684,0.002700464,0.047843307,0.044972375,0.038839735,0.055224255
/mnt/sdd/caltech_training/three_classes/train/003.Sooty_Albatross/Sooty_Albatross_0068_796353.jpg,2,-0.003771057,0.02915953,0.014291954,0.001549047,0.000325238,-0.005688414,0.006843706,0.009563303,0.006217132,0.037689354,0.08318937,0.06789257,0.046932023
/mnt/sdd/caltech_training/three_classes/train/003.Sooty_Albatross/Sooty_Albatross_0001_1071.jpg,2,0.001652961,0.01934179,0.022649013,0.011753358,0.027979594,0.00029232,0.002980247,0.004082955,0.011609478,0.0724761,0.10276948,0.0599192,0.045332275
/mnt/sdd/caltech_training/three_classes/train/003.Sooty_Albatross/Sooty_Albatross_0002_796395.jpg,2,0.010220919,0.013335324,0.016488576,0.015725315,0.014135241,0.010571018,0.003833796,0.006055263,0.008243168,0.05475668,0.044064768,0.03350985,0.03468395
/mnt/sdd/caltech_training/three_classes/train/003.Sooty_Albatross/Sooty_Albatross_0043_1076.jpg,2,-0.00273188,0.001173585,0.0220073,0.000470741,0.021791551,-0.004247056,-0.001365026,-0.001300476,0.004341351,0.08242025,0.0891316,0.055581458,0.07388213
/mnt/sdd/caltech_training/three_classes/train/003.Sooty_Albatross/Sooty_Albatross_0023_796401.jpg,2,0.007996617,-0.001549249,0.008478786,-0.007112831,0.003623835,0.006984701,0.004600545,0.018652013,0.032076046,0.067402214,0.091666535,0.08554127,0.041647866
/mnt/sdd/caltech_training/three_classes/train/003.Sooty_Albatross/Sooty_Albatross_0058_796360.jpg,2,-0.002430525,0.013415149,0.022435982,0.008101447,0.02885374,-0.000485204,0.002032723,0.016085641,0.012921399,0.06330509,0.09600021,0.05924545,0.06163258
/mnt/sdd/caltech_training/three_classes/train/003.Sooty_Albatross/Sooty_Albatross_0072_796371.jpg,2,-0.007134559,0.014162412,0.02374121,-0.009212149,0.02404143,-0.010617055,0.003866647,0.010068198,0.002811821,0.053217568,0.08215043,0.024696486,0.039972194
/mnt/sdd/caltech_training/three_classes/train/003.Sooty_Albatross/Sooty_Albatross_0030_1122.jpg,2,0.004630259,-0.00745202,-0.026020534,-0.02699067,-0.02174255,0.012108472,0.001712946,0.005077447,0.009531686,0.035963498,0.030532192,0.021958567,0.016332101
/mnt/sdd/caltech_training/three_classes/train/003.Sooty_Albatross/Sooty_Albatross_0065_796367.jpg,2,-0.001546216,0.017249044,0.019003512,0.013563504,0.0248927,0.003809224,0.006912774,0.013583971,0.02070306,0.04985375,0.07237248,0.0638309,0.04760462
/mnt/sdd/caltech_training/three_classes/train/003.Sooty_Albatross/Sooty_Albatross_0041_796364.jpg,2,0.017575748,0.01338052,0.001354253,0.021999316,0.008503765,0.005973698,0.006464745,0.020084051,0.012659757,0.09110881,0.08521852,0.04361416,0.053887818
/mnt/sdd/caltech_training/three_classes/train/003.Sooty_Albatross/Sooty_Albatross_0031_1066.jpg,2,0.002136234,0.01120075,0.004715513,-0.004772789,-0.010930744,0.001180894,0.007514051,0.012466575,0.002528376,0.047013875,0.05094535,0.027234519,0.053208932
/mnt/sdd/caltech_training/three_classes/train/003.Sooty_Albatross/Sooty_Albatross_0004_796366.jpg,2,0.009079679,0.01291601,0.012503026,-0.008353592,-0.002061335,0.008771548,0.005537337,0.022916839,-0.002031895,0.06539637,0.06458594,0.059279878,0.057378687
/mnt/sdd/caltech_training/three_classes/train/003.Sooty_Albatross/Sooty_Albatross_0079_796389.jpg,2,0.010648792,0.011870403,0.01247334,7.55E-06,0.027086312,0.007392759,0.015036762,0.035844408,0.010632562,0.060113013,0.08641246,0.05756035,0.052474875
/mnt/sdd/caltech_training/three_classes/train/003.Sooty_Albatross/Sooty_Albatross_0034_1154.jpg,2,0.016186431,0.013439843,0.005013162,-0.004116617,0.010697633,0.011844097,0.013070165,0.029935986,4.23E-05,0.060975604,0.084001884,0.08180423,0.046390615
/mnt/sdd/caltech_training/three_classes/train/003.Sooty_Albatross/Sooty_Albatross_0050_796351.jpg,2,0.003649482,0.020292448,0.020012302,0.011294713,0.02480781,-0.001394504,0.012468195,0.023133349,0.032132518,0.0542382,0.08473024,0.046496317,0.032785267
/mnt/sdd/caltech_training/three_classes/train/003.Sooty_Albatross/Sooty_Albatross_0048_1130.jpg,2,0.003551662,0.014253703,0.003180823,-0.001408925,-0.009574628,0.003481594,0.015214028,0.02381408,0.010554825,0.049284495,0.06201224,0.054466173,0.056202274
/mnt/sdd/caltech_training/three_classes/train/003.Sooty_Albatross/Sooty_Albatross_0024_1161.jpg,2,0.000506415,0.00547881,0.03046663,0.003470103,0.022866614,0.009725995,0.002455337,0.000338599,0.008702537,0.07279295,0.039721984,0.015451403,0.03653884
/mnt/sdd/caltech_training/three_classes/train/003.Sooty_Albatross/Sooty_Albatross_0014_796373.jpg,2,0.018350977,0.002714775,0.011339338,0.011752067,-0.00148852,0.010581908,0.011588691,0.05082175,0.005490893,0.072949044,0.10346907,0.063494675,0.05490346
/mnt/sdd/caltech_training/three_classes/train/003.Sooty_Albatross/Sooty_Albatross_0019_796391.jpg,2,-0.003463195,0.005931428,0.010387219,0.00255319,0.002957851,-0.003644028,0.003852678,0.018822715,0.002960275,0.05610603,0.06890501,0.035413958,0.012324473
/mnt/sdd/caltech_training/three_classes/train/003.Sooty_Albatross/Sooty_Albatross_0036_796387.jpg,2,0.007254832,0.005509858,0.016744228,0.001859895,0.008436287,0.00664158,0.000188138,0.006632152,0.01740977,0.060986646,0.035785295,0.036658727,0.025228698
/mnt/sdd/caltech_training/three_classes/train/003.Sooty_Albatross/Sooty_Albatross_0022_796398.jpg,2,0.00535194,0.016430154,0.012245593,0.001672926,0.016008807,0.003243785,0.007478044,0.021715734,0.001117138,0.07450801,0.08267251,0.04430319,0.037869286
/mnt/sdd/caltech_training/three_classes/train/003.Sooty_Albatross/Sooty_Albatross_0013_796402.jpg,2,0.01778127,0.008432956,0.010649557,0.001288036,0.002569918,0.021649204,0.013982477,0.034246404,0.01579002,0.050816752,0.061105117,0.04496678,0.015360249
/mnt/sdd/caltech_training/three_classes/train/003.Sooty_Albatross/Sooty_Albatross_0077_1080.jpg,2,0.005315973,0.015575714,0.010607096,0.016216572,0.007664833,0.002782593,0.003796986,0.003924422,-0.007072573,0.03701877,0.04471063,0.050510414,0.05140759
/mnt/sdd/caltech_training/three_classes/train/003.Sooty_Albatross/Sooty_Albatross_0070_796346.jpg,2,0.013893727,-0.004800289,-0.013037853,-0.022148699,-0.008250064,0.011549098,0.008598851,0.02718693,0.014312911,0.05076789,0.045228843,0.02531483,0.02331433
/mnt/sdd/caltech_training/three_classes/train/003.Sooty_Albatross/Sooty_Albatross_0032_1149.jpg,2,0.004115807,0.021269212,0.004163433,0.004591085,0.014737787,-0.00144824,0.007498929,-0.000719361,0.006880992,0.06207318,0.05534289,0.030690683,0.029919356
/mnt/sdd/caltech_training/three_classes/train/003.Sooty_Albatross/Sooty_Albatross_0076_796365.jpg,2,0.002430114,-0.004041969,0.010612726,0.00282454,0.005347547,0.004658841,0.007213766,0.00738817,0.004062449,0.028916331,0.050973393,0.019268923,0.030253267
/mnt/sdd/caltech_training/three_classes/train/003.Sooty_Albatross/Sooty_Albatross_0051_796374.jpg,2,0.012506196,0.010089356,0.01665539,-0.003077335,0.004128761,0.004766586,0.004938523,0.023624225,0.024025548,0.06396625,0.07882485,0.06606911,0.039618626
/mnt/sdd/caltech_training/three_classes/train/003.Sooty_Albatross/Sooty_Albatross_0025_796361.jpg,2,0.015310714,0.013258272,0.008448308,-0.001839471,-0.003110922,0.012078723,0.013041223,0.040866736,0.030175127,0.066485785,0.09031412,0.05209083,0.047389776
/mnt/sdd/caltech_training/three_classes/train/003.Sooty_Albatross/Sooty_Albatross_0074_1221.jpg,2,-0.012865897,0.023871552,0.016291048,0.0102682,0.011506902,-0.014441472,-0.000373437,-0.011979638,-0.019086491,0.06649834,0.06446944,0.0795921,0.065076925
/mnt/sdd/caltech_training/three_classes/train/003.Sooty_Albatross/Sooty_Albatross_0046_1211.jpg,2,0.023006264,-0.00295625,0.013599975,-0.012160085,-8.46E-05,0.029892096,0.007301294,0.03756883,0.030980866,0.066473775,0.06852302,0.030933246,0.052955184
/mnt/sdd/caltech_training/three_classes/train/003.Sooty_Albatross/Sooty_Albatross_0003_1078.jpg,2,-0.008230352,0.005389851,0.005991333,0.016383268,0.007962562,-0.004331858,0.001318031,-0.003766108,-0.016725088,0.0724697,0.091078445,0.05642093,0.044632144
/mnt/sdd/caltech_training/three_classes/train/003.Sooty_Albatross/Sooty_Albatross_0075_796352.jpg,2,0.002928859,0.00692903,0.006879014,-0.014211966,0.010149421,-0.000220721,0.010574653,0.026987225,0.01007803,0.06543143,0.066798225,0.055416826,0.05857019
/mnt/sdd/caltech_training/three_classes/train/003.Sooty_Albatross/Sooty_Albatross_0006_796390.jpg,2,-0.000931573,0.014756173,0.011437714,-0.011939494,0.010169194,-0.005103155,-0.001736402,-0.005344042,0.006425111,0.012624821,0.04735775,0.03825102,0.051961828
/mnt/sdd/caltech_training/three_classes/train/003.Sooty_Albatross/Sooty_Albatross_0042_1210.jpg,2,0.002883124,0.018694296,-0.000946577,0.00034066,0.0194308,0.004715494,0.007737519,0.021469131,0.005287852,0.050608248,0.051569756,0.036848575,0.022892706
/mnt/sdd/caltech_training/three_classes/train/003.Sooty_Albatross/Sooty_Albatross_0073_1171.jpg,2,0.006783019,0.002709501,0.014636776,0.001680725,0.015829949,0.010612603,-0.002182958,0.000139294,0.008480274,0.07896826,0.07587498,0.024939455,0.03569017
/mnt/sdd/caltech_training/three_classes/train/003.Sooty_Albatross/Sooty_Albatross_0038_1065.jpg,2,0.013849601,0.01724759,0.016699541,0.008416062,0.0091204,0.010615337,0.006667535,0.0039914,-0.010768489,0.0388287,0.01684687,0.003184074,0.02488704
/mnt/sdd/caltech_training/three_classes/train/003.Sooty_Albatross/Sooty_Albatross_0040_796375.jpg,2,-0.004597265,0.006160903,0.004211312,-0.001322093,-0.001109707,-0.006177942,0.008716807,0.031210795,0.01449726,0.044946652,0.073106736,0.060218453,0.04681795
/mnt/sdd/caltech_training/three_classes/train/003.Sooty_Albatross/Sooty_Albatross_0016_1075.jpg,2,0.004364865,0.016111063,0.019325735,0.007071337,0.020719912,0.002763843,0.003095274,0.015045119,0.020009298,0.0564854,0.050558202,0.072435506,0.047734663
/mnt/sdd/caltech_training/three_classes/train/003.Sooty_Albatross/Sooty_Albatross_0055_1160.jpg,2,0.004276974,-0.001814649,0.01085473,-0.012357652,0.01020919,0.012482617,0.002764853,0.005452819,0.011861146,0.053595517,0.060238812,0.05198882,0.023683595
/mnt/sdd/caltech_training/three_classes/train/003.Sooty_Albatross/Sooty_Albatross_0057_796354.jpg,2,-0.002846162,0.00904234,0.009829886,-0.012070702,-0.009675521,-0.003194648,0.008737343,-0.00286435,-0.00550831,0.077057794,0.070199266,0.037469193,0.056147177
/mnt/sdd/caltech_training/three_classes/train/003.Sooty_Albatross/Sooty_Albatross_0063_1101.jpg,2,0.006644859,0.001507476,0.009236096,-0.000195194,0.00599735,0.008208104,0.009322117,0.011759118,0.014812411,0.040047824,0.067792,0.029255638,0.04304432
