Layer Name,Lambda Classification,Lambda Alignment,Accuracy Before,Accuracy After,Precision Before,Precision After,Recall Before,Recall After,F1 Before,F1 After,Legacy Accuracy Before,Legacy Accuracy After,Class count  Before,Class count After,TCAV Before (001.Black_footed_Albatross),TCAV After (001.Black_footed_Albatross),Avg Conf 001.Black_footed_Albatross Before,Avg Conf 001.Black_footed_Albatross After,TCAV Before (002.Laysan_Albatross),TCAV After (002.Laysan_Albatross),Avg Conf 002.Laysan_Albatross Before,Avg Conf 002.Laysan_Albatross After,TCAV Before (003.Sooty_Albatross),TCAV After (003.Sooty_Albatross),Avg Conf 003.Sooty_Albatross Before,Avg Conf 003.Sooty_Albatross After
features.11.block.2.fc1,0.5,0.5,0.444,0.472,0.389,0.454,0.444,0.472,0.403,0.454,0.444,0.472,12,12,0.604,0.646,0.535,0.576,0.625,0.562,0.543,0.518,0.435,0.543,0.477,0.523
features.11.block.2.fc1,0.4,0.6,0.444,0.472,0.389,0.454,0.444,0.472,0.403,0.454,0.444,0.472,12,12,0.604,0.5,0.535,0.578,0.625,0.5,0.543,0.498,0.435,0.609,0.477,0.521
features.11.block.2.fc1,0.3,0.7,0.444,0.528,0.389,0.517,0.444,0.528,0.403,0.515,0.444,0.528,12,12,0.604,0.479,0.535,0.592,0.625,0.604,0.543,0.496,0.435,0.609,0.477,0.512
features.11.block.2.fc1,0.2,0.8,0.444,0.556,0.389,0.548,0.444,0.556,0.403,0.548,0.444,0.556,12,12,0.604,0.5,0.535,0.601,0.625,0.604,0.543,0.493,0.435,0.565,0.477,0.506
features.11.block.2.fc2,0.5,0.5,0.444,0.556,0.389,0.566,0.444,0.556,0.403,0.551,0.444,0.556,12,12,0.479,0.667,0.535,0.559,0.583,0.729,0.543,0.549,0.587,0.63,0.477,0.543
features.11.block.2.fc2,0.4,0.6,0.444,0.556,0.389,0.557,0.444,0.556,0.403,0.551,0.444,0.556,12,12,0.479,0.646,0.535,0.529,0.583,0.812,0.543,0.534,0.587,0.674,0.477,0.507
features.11.block.2.fc2,0.3,0.7,0.444,0.583,0.389,0.61,0.444,0.583,0.403,0.589,0.444,0.583,12,12,0.479,0.729,0.535,0.53,0.583,0.542,0.543,0.468,0.587,0.543,0.477,0.476
features.11.block.2.fc2,0.2,0.8,0.444,0.472,0.389,0.507,0.444,0.472,0.403,0.473,0.444,0.472,12,12,0.479,0.729,0.535,0.5,0.583,0.708,0.543,0.434,0.587,0.5,0.477,0.477
features.12.block.2.fc1,0.5,0.5,0.444,0.556,0.389,0.543,0.444,0.556,0.403,0.544,0.444,0.556,12,12,0.583,0.417,0.535,0.542,0.646,0.729,0.543,0.528,0.522,0.565,0.477,0.46
features.12.block.2.fc1,0.4,0.6,0.444,0.556,0.389,0.528,0.444,0.556,0.403,0.533,0.444,0.556,12,12,0.583,0.396,0.535,0.536,0.646,0.792,0.543,0.513,0.522,0.5,0.477,0.435
features.12.block.2.fc1,0.3,0.7,0.444,0.583,0.389,0.575,0.444,0.583,0.403,0.566,0.444,0.583,12,12,0.583,0.458,0.535,0.526,0.646,0.729,0.543,0.493,0.522,0.543,0.477,0.424
features.12.block.2.fc1,0.2,0.8,0.444,0.583,0.389,0.598,0.444,0.583,0.403,0.555,0.444,0.583,12,12,0.583,0.375,0.535,0.493,0.646,0.646,0.543,0.493,0.522,0.478,0.477,0.46
features.12.block.2.fc2,0.5,0.5,0.444,0.611,0.389,0.618,0.444,0.611,0.403,0.612,0.444,0.611,12,12,0.542,0.604,0.535,0.609,0.604,0.854,0.543,0.566,0.391,0.87,0.477,0.514
features.12.block.2.fc2,0.4,0.6,0.444,0.694,0.389,0.698,0.444,0.694,0.403,0.691,0.444,0.694,12,12,0.542,0.708,0.535,0.564,0.604,0.771,0.543,0.53,0.391,0.826,0.477,0.531
features.12.block.2.fc2,0.3,0.7,0.444,0.389,0.389,0.393,0.444,0.389,0.403,0.391,0.444,0.389,12,12,0.542,0.75,0.535,0.506,0.604,0.812,0.543,0.449,0.391,0.63,0.477,0.494
features.12.block.2.fc2,0.2,0.8,0.444,0.556,0.389,0.565,0.444,0.556,0.403,0.549,0.444,0.556,12,12,0.542,0.688,0.535,0.474,0.604,0.667,0.543,0.446,0.391,0.717,0.477,0.417
features.13.block.2.fc1,0.5,0.5,0.444,0.417,0.389,0.435,0.444,0.417,0.403,0.418,0.444,0.417,12,12,0.479,0.833,0.535,0.633,0.479,0.583,0.543,0.552,0.391,0.261,0.477,0.522
features.13.block.2.fc1,0.4,0.6,0.444,0.417,0.389,0.434,0.444,0.417,0.403,0.42,0.444,0.417,12,12,0.479,0.667,0.535,0.588,0.479,0.604,0.543,0.517,0.391,0.261,0.477,0.558
features.13.block.2.fc1,0.3,0.7,0.444,0.472,0.389,0.499,0.444,0.472,0.403,0.477,0.444,0.472,12,12,0.479,0.75,0.535,0.581,0.479,0.625,0.543,0.549,0.391,0.348,0.477,0.531
features.13.block.2.fc1,0.2,0.8,0.444,0.528,0.389,0.558,0.444,0.528,0.403,0.537,0.444,0.528,12,12,0.479,0.625,0.535,0.536,0.479,0.625,0.543,0.528,0.391,0.478,0.477,0.563
features.13.block.2.fc2,0.5,0.5,0.444,0.583,0.389,0.607,0.444,0.583,0.403,0.585,0.444,0.583,12,12,0.458,0.854,0.535,0.693,0.625,0.708,0.543,0.634,0.217,0.478,0.477,0.649
features.13.block.2.fc2,0.4,0.6,0.444,0.528,0.389,0.543,0.444,0.528,0.403,0.526,0.444,0.528,12,12,0.458,0.792,0.535,0.644,0.625,0.667,0.543,0.655,0.217,0.435,0.477,0.618
features.13.block.2.fc2,0.3,0.7,0.444,0.361,0.389,0.365,0.444,0.361,0.403,0.358,0.444,0.361,12,12,0.458,0.833,0.535,0.646,0.625,0.562,0.543,0.651,0.217,0.457,0.477,0.62
features.13.block.2.fc2,0.2,0.8,0.444,0.389,0.389,0.414,0.444,0.389,0.403,0.384,0.444,0.389,12,12,0.458,0.625,0.535,0.525,0.625,0.438,0.543,0.632,0.217,0.543,0.477,0.59
features.14.block.2.fc1,0.5,0.5,0.444,0.444,0.389,0.439,0.444,0.444,0.403,0.441,0.444,0.444,12,12,0.396,0.667,0.535,0.585,0.417,0.729,0.543,0.572,0.435,0.37,0.477,0.524
features.14.block.2.fc1,0.4,0.6,0.444,0.444,0.389,0.437,0.444,0.444,0.403,0.44,0.444,0.444,12,12,0.396,0.583,0.535,0.569,0.417,0.771,0.543,0.57,0.435,0.413,0.477,0.537
features.14.block.2.fc1,0.3,0.7,0.444,0.5,0.389,0.506,0.444,0.5,0.403,0.5,0.444,0.5,12,12,0.396,0.562,0.535,0.535,0.417,0.667,0.543,0.508,0.435,0.326,0.477,0.506
features.14.block.2.fc1,0.2,0.8,0.444,0.528,0.389,0.537,0.444,0.528,0.403,0.53,0.444,0.528,12,12,0.396,0.75,0.535,0.554,0.417,0.646,0.543,0.482,0.435,0.478,0.477,0.491
features.14.block.2.fc2,0.5,0.5,0.444,0.528,0.389,0.533,0.444,0.528,0.403,0.515,0.444,0.528,12,12,0.25,0.917,0.535,0.639,0.438,0.771,0.543,0.702,0.413,0.783,0.477,0.668
features.14.block.2.fc2,0.4,0.6,0.444,0.472,0.389,0.49,0.444,0.472,0.403,0.466,0.444,0.472,12,12,0.25,0.729,0.535,0.609,0.438,0.708,0.543,0.699,0.413,0.957,0.477,0.642
features.14.block.2.fc2,0.3,0.7,0.444,0.5,0.389,0.517,0.444,0.5,0.403,0.496,0.444,0.5,12,12,0.25,0.792,0.535,0.561,0.438,0.708,0.543,0.692,0.413,0.848,0.477,0.629
features.14.block.2.fc2,0.2,0.8,0.444,0.361,0.389,0.366,0.444,0.361,0.403,0.331,0.444,0.361,12,12,0.25,0.604,0.535,0.694,0.438,0.5,0.543,0.645,0.413,0.652,0.477,0.611
features.15.block.2.fc1,0.5,0.5,0.444,0.639,0.389,0.627,0.444,0.639,0.403,0.63,0.444,0.639,12,12,0.479,0.938,0.535,0.799,0.583,1,0.543,0.687,0.696,0.935,0.477,0.672
features.15.block.2.fc1,0.4,0.6,0.444,0.611,0.389,0.606,0.444,0.611,0.403,0.594,0.444,0.611,12,12,0.479,0.562,0.535,0.629,0.583,0.729,0.543,0.684,0.696,0.5,0.477,0.561
features.15.block.2.fc1,0.3,0.7,0.444,0.611,0.389,0.615,0.444,0.611,0.403,0.611,0.444,0.611,12,12,0.479,0.125,0.535,0.653,0.583,0.208,0.543,0.679,0.696,0.261,0.477,0.583
features.15.block.2.fc1,0.2,0.8,0.444,0.583,0.389,0.592,0.444,0.583,0.403,0.585,0.444,0.583,12,12,0.479,0.396,0.535,0.588,0.583,0.208,0.543,0.611,0.696,0.478,0.477,0.532
features.15.block.2.fc2,0.5,0.5,0.444,0.528,0.389,0.539,0.444,0.528,0.403,0.527,0.444,0.528,12,12,0.812,0.5,0.535,0.811,0.562,0.396,0.543,0.776,0.609,0.087,0.477,0.683
features.15.block.2.fc2,0.4,0.6,0.444,0.528,0.389,0.54,0.444,0.528,0.403,0.526,0.444,0.528,12,12,0.812,0.625,0.535,0.806,0.562,0.396,0.543,0.781,0.609,0.152,0.477,0.737
features.15.block.2.fc2,0.3,0.7,0.444,0.528,0.389,0.558,0.444,0.528,0.403,0.529,0.444,0.528,12,12,0.812,0.708,0.535,0.797,0.562,0.5,0.543,0.77,0.609,0.196,0.477,0.757
features.15.block.2.fc2,0.2,0.8,0.444,0.528,0.389,0.518,0.444,0.528,0.403,0.521,0.444,0.528,12,12,0.812,0.75,0.535,0.689,0.562,0.583,0.543,0.849,0.609,0.196,0.477,0.729
features.16.0,0.5,0.5,0.444,0.611,0.389,0.618,0.444,0.611,0.403,0.61,0.444,0.611,12,12,0.833,1,0.535,0.765,0.438,0.875,0.543,0.811,0.457,0.87,0.477,0.8
features.16.0,0.4,0.6,0.444,0.583,0.389,0.588,0.444,0.583,0.403,0.578,0.444,0.583,12,12,0.833,1,0.535,0.71,0.438,0.771,0.543,0.798,0.457,0.891,0.477,0.788
features.16.0,0.3,0.7,0.444,0.583,0.389,0.588,0.444,0.583,0.403,0.578,0.444,0.583,12,12,0.833,1,0.535,0.696,0.438,0.854,0.543,0.779,0.457,0.957,0.477,0.792
features.16.0,0.2,0.8,0.444,0.556,0.389,0.554,0.444,0.556,0.403,0.551,0.444,0.556,12,12,0.833,1,0.535,0.716,0.438,0.75,0.543,0.801,0.457,0.913,0.477,0.74
