Full filepath,Full Class Index,sensitivityscore_before_features.7,sensitivityscore_before_features.19,sensitivityscore_before_features.20,sensitivityscore_before_features.21,sensitivityscore_before_features.22,sensitivityscore_before_features.23,sensitivityscore_before_features.24,sensitivityscore_before_features.25,sensitivityscore_before_features.26,sensitivityscore_before_features.27,sensitivityscore_before_features.28,sensitivityscore_After_features.28_0.5,sensitivityscore_After_features.28_0.6,sensitivityscore_After_features.28_0.7,sensitivityscore_After_features.28_0.8
/mnt/sdd/caltech_training/three_classes/train/001.Black_footed_Albatross/Black_Footed_Albatross_0064_796101.jpg,0,0.0007867001,-0.0038878743,-0.0016959182,-0.01547651,-0.0006572989,-0.02446739,-0.0045820894,-0.0140980985,-0.026245924,-0.019582435,-0.010732814,0.06019386,0.05056225,0.047329523,0.052463904
/mnt/sdd/caltech_training/three_classes/train/001.Black_footed_Albatross/Black_Footed_Albatross_0010_796097.jpg,0,-0.0066800965,-0.007470938,-0.011353353,0.0014256218,0.0010953051,0.0036096834,-0.007323572,-0.011901079,-0.014599628,0.020505251,0.022978535,0.06471173,0.05989539,0.055595532,0.051924385
/mnt/sdd/caltech_training/three_classes/train/001.Black_footed_Albatross/Black_Footed_Albatross_0006_796065.jpg,0,0.0038845912,-0.013274518,-0.013033433,-0.0037647998,-0.0053983843,-0.011326043,-0.0009760709,-0.004929607,0.0011459856,0.022874769,0.030755103,0.06532328,0.05819454,0.05407924,0.057489075
/mnt/sdd/caltech_training/three_classes/train/001.Black_footed_Albatross/Black_Footed_Albatross_0051_796103.jpg,0,0.0045402925,0.000363554,-0.0027869921,-0.0053545535,-0.008103695,-0.014095413,0.002366902,-0.014271194,0.00034877332,0.0073301094,0.029721173,0.05344897,0.053034812,0.051735744,0.04707569
/mnt/sdd/caltech_training/three_classes/train/001.Black_footed_Albatross/Black_Footed_Albatross_0076_417.jpg,0,0.0012410346,0.0073455055,0.00029306475,0.0007531902,0.004043189,0.0035672248,-0.0032065294,0.004572139,0.022876494,0.032954577,0.039373085,0.05370722,0.05479453,0.056314327,0.056011252
/mnt/sdd/caltech_training/three_classes/train/001.Black_footed_Albatross/Black_Footed_Albatross_0082_796121.jpg,0,-0.0012613283,-0.020799875,-0.008635678,-0.0071230303,-0.0043416526,-0.020326376,-0.008366401,-0.0038444588,-0.004011929,0.024248855,0.026878428,0.060343463,0.055164956,0.06043566,0.053060863
/mnt/sdd/caltech_training/three_classes/train/001.Black_footed_Albatross/Black_Footed_Albatross_0046_18.jpg,0,0.0010271948,-0.0011638617,-0.0067481343,-0.0091654705,-0.0017275318,0.009306986,0.00015295879,-0.012449428,-0.01630919,0.0034041465,-0.01250074,0.04412456,0.034692958,0.04506301,0.036183525
/mnt/sdd/caltech_training/three_classes/train/001.Black_footed_Albatross/Black_Footed_Albatross_0001_796111.jpg,0,0.0009302731,-0.0018194203,-0.0033201615,-9.6700096e-05,0.0014383239,0.009352654,0.0017739406,0.015890129,0.009628533,0.024859183,0.028764673,0.057733692,0.039278075,0.056434926,0.05528093
/mnt/sdd/caltech_training/three_classes/train/001.Black_footed_Albatross/Black_Footed_Albatross_0014_89.jpg,0,0.0061247246,0.0028984705,-0.0073058335,-0.007839923,-0.0112909395,-0.014779371,0.015313069,0.0019193646,0.0068746796,-0.006330477,0.02159015,0.05393806,0.042655878,0.047355503,0.049025673
/mnt/sdd/caltech_training/three_classes/train/001.Black_footed_Albatross/Black_Footed_Albatross_0057_796106.jpg,0,0.0020222755,0.0057831765,-0.0033477242,-0.0014346882,0.0013560781,-0.008763417,0.019148288,0.024444904,0.00037302822,-0.0028360812,0.025934998,0.059229463,0.049113475,0.04910272,0.05588613
/mnt/sdd/caltech_training/three_classes/train/001.Black_footed_Albatross/Black_Footed_Albatross_0065_796068.jpg,0,0.0044898335,0.0053264014,-0.00231126,-0.0063756807,-0.0022486206,-0.0029081758,-0.0088308435,-0.0019463797,0.0019002829,0.004360756,0.0059096166,0.06088282,0.053907327,0.054358456,0.05837842
/mnt/sdd/caltech_training/three_classes/train/001.Black_footed_Albatross/Black_Footed_Albatross_0071_796113.jpg,0,-0.00280994,-0.002628358,0.0062672924,-0.0045886086,0.003579359,0.004814991,0.00084473984,0.0003337427,0.0132709285,0.03959536,0.02697392,0.06820248,0.0565028,0.055981092,0.052385416
/mnt/sdd/caltech_training/three_classes/train/001.Black_footed_Albatross/Black_Footed_Albatross_0045_796129.jpg,0,0.0023520996,-0.0019434819,-0.009123194,0.0013248605,0.0016339499,0.013276863,0.015226806,0.01632316,0.024558006,0.024006438,0.035714302,0.06589619,0.05648317,0.05755066,0.060103867
/mnt/sdd/caltech_training/three_classes/train/001.Black_footed_Albatross/Black_Footed_Albatross_0047_796064.jpg,0,-0.00031137967,-0.013261106,-0.015016678,-0.0010091559,0.0013511117,0.008395078,-0.011313157,-0.00078679295,-0.0070167976,0.007728529,0.022064833,0.045948364,0.050017804,0.04740075,0.05259524
/mnt/sdd/caltech_training/three_classes/train/001.Black_footed_Albatross/Black_Footed_Albatross_0039_796132.jpg,0,0.0006432012,0.0053005265,-0.007511162,0.0031603666,0.0031707683,-0.012058678,0.021583542,0.019323217,0.0057766037,0.03847119,0.047492526,0.054756567,0.056923408,0.061802465,0.057336442
/mnt/sdd/caltech_training/three_classes/train/001.Black_footed_Albatross/Black_Footed_Albatross_0085_92.jpg,0,-0.0017320944,0.006916896,-0.002741603,-0.0009291554,0.0011423761,-0.0072652325,0.019753454,0.0017069485,0.007975064,0.029868424,0.04978787,0.05795247,0.047596876,0.041534528,0.048773073
/mnt/sdd/caltech_training/three_classes/train/001.Black_footed_Albatross/Black_Footed_Albatross_0068_796135.jpg,0,-0.0012412297,0.0017249752,0.007468686,-0.0061004846,-0.0006256105,-0.002103651,0.01209753,0.007952768,-0.0022133088,0.018849786,0.039230302,0.059880137,0.05402161,0.048443384,0.057170484
/mnt/sdd/caltech_training/three_classes/train/001.Black_footed_Albatross/Black_Footed_Albatross_0016_796067.jpg,0,-0.001376815,0.017047513,0.008015515,0.0024598031,0.009310074,0.011456724,0.018432545,0.012070252,0.01267053,0.034154043,0.03807875,0.054912843,0.05653683,0.056610253,0.05299078
/mnt/sdd/caltech_training/three_classes/train/001.Black_footed_Albatross/Black_Footed_Albatross_0090_796077.jpg,0,0.0046199244,0.00053673284,0.011701685,6.652635e-05,0.0123131825,0.009510617,0.027744384,0.02064377,0.038331512,0.045661595,0.051526435,0.059358656,0.05482218,0.05214449,0.05521994
/mnt/sdd/caltech_training/three_classes/train/001.Black_footed_Albatross/Black_Footed_Albatross_0089_796069.jpg,0,-0.0011038294,0.009882238,0.008475696,0.002737131,-0.0019711952,0.014234207,0.03799582,0.011416508,0.040035844,0.059681676,0.051575996,0.05697353,0.0614885,0.057376355,0.051430896
/mnt/sdd/caltech_training/three_classes/train/001.Black_footed_Albatross/Black_Footed_Albatross_0005_796090.jpg,0,0.0029360345,0.010925055,0.0111234905,0.0031548848,0.008096781,0.024090655,0.011909777,0.009091239,-0.0031685946,0.026819322,0.016364925,0.056430332,0.051197156,0.05677471,0.056127332
/mnt/sdd/caltech_training/three_classes/train/001.Black_footed_Albatross/Black_Footed_Albatross_0007_796138.jpg,0,0.000856076,0.009363277,-0.0027988278,-0.0053969896,0.0008749818,-0.0002512145,0.018985596,0.0196128,0.008098772,0.010393914,0.030800747,0.055876896,0.04166453,0.046401296,0.049151815
/mnt/sdd/caltech_training/three_classes/train/001.Black_footed_Albatross/Black_Footed_Albatross_0069_796139.jpg,0,0.004903072,0.004988639,0.0071525727,0.006107552,0.0055116536,0.002662806,0.036074143,0.033268154,0.0186866,0.024208043,0.03801399,0.047961213,0.05137922,0.058497727,0.057876386
/mnt/sdd/caltech_training/three_classes/train/001.Black_footed_Albatross/Black_Footed_Albatross_0040_796066.jpg,0,0.00028252776,0.0027873255,0.000638515,-0.0027207106,0.0030624813,-0.009041492,-0.008509892,0.007182361,0.011821655,0.021738162,0.031256244,0.061350875,0.042789284,0.05374268,0.043428652
/mnt/sdd/caltech_training/three_classes/train/001.Black_footed_Albatross/Black_Footed_Albatross_0041_796108.jpg,0,0.0042952253,0.005629089,-0.00032382854,-0.010304147,-0.009225891,-0.004289817,-0.003630071,0.008771364,0.0053385124,0.014192934,0.025057115,0.05712384,0.05785372,0.05499614,0.04980446
/mnt/sdd/caltech_training/three_classes/train/001.Black_footed_Albatross/Black_Footed_Albatross_0074_59.jpg,0,0.0018419479,-0.00056667544,-0.0049027004,-0.011629712,-0.0071370723,-0.008706961,0.0022788565,-0.01490386,0.0041864705,0.0051632673,0.030088766,0.056888588,0.04787398,0.053160753,0.046195544
/mnt/sdd/caltech_training/three_classes/train/001.Black_footed_Albatross/Black_Footed_Albatross_0050_796125.jpg,0,0.0027821348,0.0029791177,0.0034539548,0.0006777259,-0.0013825903,0.009182485,0.010563469,0.0050328663,0.023102028,0.022112187,0.038512625,0.045127563,0.04309857,0.055253632,0.054677542
/mnt/sdd/caltech_training/three_classes/train/001.Black_footed_Albatross/Black_Footed_Albatross_0058_796074.jpg,0,0.00035099202,0.005400541,0.0059023076,-0.0020672183,-0.0009992262,-0.00075157173,0.0073832925,0.015156357,0.015317438,0.015767805,0.041255094,0.05196646,0.046468895,0.047112603,0.047487732
/mnt/sdd/caltech_training/three_classes/train/001.Black_footed_Albatross/Black_Footed_Albatross_0038_212.jpg,0,0.0042056693,0.0029288502,-0.0034334855,-0.0026323507,0.0048854565,0.0040237145,0.026534993,0.010439626,0.0058258995,0.010483477,0.028270815,0.05916749,0.060055558,0.052500427,0.05294567
/mnt/sdd/caltech_training/three_classes/train/001.Black_footed_Albatross/Black_Footed_Albatross_0077_796114.jpg,0,0.000240583,0.0012603062,0.003042596,0.00038173917,-0.009472841,-0.010300649,0.010016822,-0.0032396677,0.0066748047,0.040470287,0.031104773,0.051902466,0.04991295,0.052999523,0.045842323
/mnt/sdd/caltech_training/three_classes/train/001.Black_footed_Albatross/Black_Footed_Albatross_0079_796122.jpg,0,-0.0016342562,-0.0007744251,-0.0006075473,-0.00056443934,-0.0017127829,-0.006558649,0.03327003,0.013139993,0.021771502,0.03792659,0.049004152,0.043209072,0.045733977,0.042226948,0.053647555
/mnt/sdd/caltech_training/three_classes/train/001.Black_footed_Albatross/Black_Footed_Albatross_0088_796133.jpg,0,0.0024036504,-0.012729465,-0.01963251,-0.014921233,-0.012190052,-0.022861978,-0.023592249,-0.008582863,-0.021912863,-0.017947625,0.0196973,0.054572757,0.049781248,0.044320658,0.042633664
/mnt/sdd/caltech_training/three_classes/train/001.Black_footed_Albatross/Black_Footed_Albatross_0024_796089.jpg,0,-0.0016431871,0.009206727,-0.00029178069,0.0011911575,-0.0053601875,0.0022270852,0.006418196,-0.00085401395,-0.0033182064,0.018032994,0.013142683,0.054803036,0.042884156,0.047001887,0.046071704
/mnt/sdd/caltech_training/three_classes/train/001.Black_footed_Albatross/Black_Footed_Albatross_0037_796120.jpg,0,-0.0027996232,0.0032100333,0.0011582368,-0.004053732,-0.005633217,-0.018002622,0.004416971,-0.010419438,-0.011467382,-0.0007208229,0.02439263,0.056710176,0.057009183,0.060758322,0.056554995
/mnt/sdd/caltech_training/three_classes/train/001.Black_footed_Albatross/Black_Footed_Albatross_0060_796076.jpg,0,-0.0022020454,0.0050210645,0.00935738,0.0044551464,0.009404024,0.023200678,0.04818684,0.040366337,0.025519669,0.041569594,0.039029475,0.06376079,0.05696857,0.059260994,0.06440967
/mnt/sdd/caltech_training/three_classes/train/001.Black_footed_Albatross/Black_Footed_Albatross_0049_796063.jpg,0,0.0038044278,-0.0007043214,0.007763743,0.0032083278,0.0018323632,0.00052039116,0.013714841,-0.010648684,-0.015905896,0.008905891,0.019914191,0.039910413,0.033618476,0.039593033,0.04695352
/mnt/sdd/caltech_training/three_classes/train/001.Black_footed_Albatross/Black_Footed_Albatross_0026_796095.jpg,0,-0.0024553284,0.0072271675,0.0060429806,0.00032962812,0.002443354,0.015607882,0.006446899,0.020009302,-0.010150433,0.0005944176,0.012293899,0.05831448,0.034253247,0.047532443,0.05330883
/mnt/sdd/caltech_training/three_classes/train/001.Black_footed_Albatross/Black_Footed_Albatross_0032_796115.jpg,0,0.0032586537,-0.014395227,-0.009487412,-0.003591121,0.0030512523,0.003325854,0.004730411,0.006717937,-0.003982197,0.018144827,0.024136966,0.05868037,0.045840275,0.04975124,0.05742442
/mnt/sdd/caltech_training/three_classes/train/001.Black_footed_Albatross/Black_Footed_Albatross_0053_796109.jpg,0,-0.0032214304,0.009284044,0.009842558,-0.0016900218,0.0007404373,-0.016853595,0.015259675,-0.0013654842,0.028302923,0.028492957,0.0409816,0.063764624,0.05518978,0.05272934,0.054151624
/mnt/sdd/caltech_training/three_classes/train/001.Black_footed_Albatross/Black_Footed_Albatross_0035_796140.jpg,0,0.0004899409,0.0019523501,0.0012447153,-0.0038751164,-0.0054556606,-0.0033196793,0.009844952,0.01434857,0.0036282917,0.013496397,0.02212726,0.06173999,0.046225406,0.051909335,0.044635586
/mnt/sdd/caltech_training/three_classes/train/001.Black_footed_Albatross/Black_Footed_Albatross_0061_796082.jpg,0,8.339799e-05,-0.013180429,-0.013086079,-0.0036541384,0.001179192,-0.0043108487,0.007960106,0.0089117475,0.006381671,0.020457499,0.039217062,0.058639694,0.051668044,0.049515717,0.04948841
/mnt/sdd/caltech_training/three_classes/train/001.Black_footed_Albatross/Black_Footed_Albatross_0023_796059.jpg,0,0.00014620824,0.0021753472,0.0010545542,0.0034068795,0.0035837071,-0.007017827,-0.015369167,-0.014053488,-0.0123225525,0.017026462,0.0036771498,0.06048447,0.045674764,0.05203492,0.048807472
/mnt/sdd/caltech_training/three_classes/train/001.Black_footed_Albatross/Black_Footed_Albatross_0033_796086.jpg,0,0.006030701,0.006464338,0.0040174774,0.0020338553,0.007811218,0.017225422,0.041199416,0.013887026,0.007815705,0.026889762,0.029143568,0.05317165,0.05494056,0.04385016,0.050690748
/mnt/sdd/caltech_training/three_classes/train/001.Black_footed_Albatross/Black_Footed_Albatross_0042_796071.jpg,0,0.0024963073,0.0048146355,-0.001658961,-0.0012330228,0.00041851238,-0.0032781963,0.028265737,0.010962189,0.0110040065,0.019689467,0.046400465,0.05453637,0.05825053,0.05502711,0.050513078
/mnt/sdd/caltech_training/three_classes/train/001.Black_footed_Albatross/Black_Footed_Albatross_0036_796127.jpg,0,0.0019980702,-0.002662377,-0.0044860668,-0.00082984613,0.0035900695,-0.014263465,-0.0079812175,-0.001067267,-0.0075341123,0.005098452,0.03514826,0.054897226,0.05915632,0.06433329,0.056144677
/mnt/sdd/caltech_training/three_classes/train/001.Black_footed_Albatross/Black_Footed_Albatross_0078_796126.jpg,0,-0.00414395,0.0015577439,-0.009499507,0.0074592046,0.008928616,0.024553755,0.008027489,0.009125065,0.009806121,0.038426593,0.024307499,0.057111498,0.051283885,0.0535909,0.053841323
/mnt/sdd/caltech_training/three_classes/train/001.Black_footed_Albatross/Black_Footed_Albatross_0003_796136.jpg,0,0.002090423,-0.0051271534,-0.010116665,0.001855944,-0.0026625083,-0.017335666,0.014882795,0.005862022,0.029024893,0.037222616,0.03471768,0.059500575,0.053974092,0.06122951,0.055564363
/mnt/sdd/caltech_training/three_classes/train/001.Black_footed_Albatross/Black_Footed_Albatross_0063_796141.jpg,0,-0.00033571495,-0.0025259578,0.0013072421,-0.00053236017,0.0042377166,-0.00090121245,0.01033611,0.0018636035,0.033140272,0.03370654,0.036553968,0.057109512,0.061483726,0.05796178,0.058890548
/mnt/sdd/caltech_training/three_classes/train/002.Laysan_Albatross/Laysan_Albatross_0091_602.jpg,1,0.00026576917,0.007602296,-0.0016769925,0.0026312065,0.001902511,0.005603956,-0.00085903285,-0.015025871,0.007874466,0.017487971,0.014159414,0.0364255,0.027343016,0.013238764,0.010126445
/mnt/sdd/caltech_training/three_classes/train/002.Laysan_Albatross/Laysan_Albatross_0017_614.jpg,1,-0.00026423496,0.0077023497,0.018006394,0.006624375,0.006586192,0.023052426,0.028429598,0.024979323,0.042178415,0.036927797,0.027885828,0.032792497,0.02133975,0.01661564,0.017464746
/mnt/sdd/caltech_training/three_classes/train/002.Laysan_Albatross/Laysan_Albatross_0059_488.jpg,1,-0.0011977267,-0.0030320608,-0.0065106107,-0.0021603953,-0.000727303,-0.010547139,-0.0233588,-0.015585009,0.025211606,0.0060445527,0.015606124,0.033887383,0.019223692,0.011441156,0.020925349
/mnt/sdd/caltech_training/three_classes/train/002.Laysan_Albatross/Laysan_Albatross_0085_564.jpg,1,-0.0034905663,-0.008089262,0.0038664625,0.0009277272,-0.001913618,-0.010126387,-0.0077340268,-4.642119e-05,0.012820387,0.013667591,0.014857349,0.038841892,0.023563702,0.02178717,0.01605688
/mnt/sdd/caltech_training/three_classes/train/002.Laysan_Albatross/Laysan_Albatross_0076_671.jpg,1,-0.011238338,0.004473342,-0.0032737392,0.0016342392,0.0030296927,0.0095351,0.022520918,0.015985558,0.04827179,0.03154975,0.021114733,0.028350418,0.013879329,0.014711006,0.017291833
/mnt/sdd/caltech_training/three_classes/train/002.Laysan_Albatross/Laysan_Albatross_0040_472.jpg,1,-0.0010250056,-0.0069490587,-0.004616249,0.0051959762,0.0029812097,-0.004939005,-0.020013712,0.008174584,0.015233714,-0.003775765,0.0119661335,0.0368067,0.01961705,0.011481733,0.014796774
/mnt/sdd/caltech_training/three_classes/train/002.Laysan_Albatross/Laysan_Albatross_0083_756.jpg,1,-0.00021531587,0.005940487,0.008024336,0.0065346113,0.006279851,0.013988232,0.016995039,0.019686962,0.036664475,0.019162282,0.025480662,0.03633077,0.024671229,0.015653972,0.01508992
/mnt/sdd/caltech_training/three_classes/train/002.Laysan_Albatross/Laysan_Albatross_0080_821.jpg,1,-0.0077594453,0.015064688,0.016595233,0.0064633833,0.003732013,0.012057409,-0.0013301927,0.007049785,0.041109458,0.035061,0.03210506,0.028872252,0.013799153,0.010999606,0.015318234
/mnt/sdd/caltech_training/three_classes/train/002.Laysan_Albatross/Laysan_Albatross_0065_809.jpg,1,0.0008321908,0.018219054,0.011597238,0.009771797,0.009020846,0.01600249,0.03923314,0.01972159,0.024569936,0.03680428,0.023748618,0.027187413,0.01254462,0.0077330517,0.008125871
/mnt/sdd/caltech_training/three_classes/train/002.Laysan_Albatross/Laysan_Albatross_0042_801.jpg,1,-0.00033287494,0.012942125,0.0044972533,0.00981954,0.01438964,0.02220877,0.015683621,0.021484982,0.06154588,0.04368475,0.025846306,0.042264614,0.036806464,0.027893567,0.024211105
/mnt/sdd/caltech_training/three_classes/train/002.Laysan_Albatross/Laysan_Albatross_0033_658.jpg,1,-0.0031284555,-0.0036221028,0.0012935437,-0.0019355173,-0.0021477598,-0.003341957,0.017769907,0.026240546,0.04370261,0.038471445,0.044641096,0.026033351,0.026181698,0.00896097,0.020095147
/mnt/sdd/caltech_training/three_classes/train/002.Laysan_Albatross/Laysan_Albatross_0012_696.jpg,1,-0.0015391393,0.009894283,-0.0014380985,0.001957266,0.0013334596,0.008094717,0.016299082,0.018714488,0.035328794,0.024909938,0.029940821,0.027954642,0.020273382,0.015960805,0.01895471
/mnt/sdd/caltech_training/three_classes/train/002.Laysan_Albatross/Laysan_Albatross_0028_643.jpg,1,-0.0015692352,-0.008742514,-0.014751121,-0.0005648597,-0.003382646,-0.0071974793,0.024502624,0.016235195,0.04635433,0.038633153,0.02446156,0.026903892,0.01513969,0.0091766855,0.015140063
/mnt/sdd/caltech_training/three_classes/train/002.Laysan_Albatross/Laysan_Albatross_0099_869.jpg,1,-0.0028963825,-0.017223602,-0.00933969,-0.011919561,-0.0077163847,-0.03057268,-0.025630232,-0.026491893,0.0154235745,0.016188666,0.014597274,0.03535951,0.026472442,0.02005868,0.031161584
/mnt/sdd/caltech_training/three_classes/train/002.Laysan_Albatross/Laysan_Albatross_0056_500.jpg,1,-0.004010815,-0.00072835875,-0.0017536059,0.009124036,0.005453987,0.0151853785,0.014576232,0.013634222,0.027819842,0.029572044,0.029394062,0.026846893,0.019983178,0.015872007,0.0144151375
/mnt/sdd/caltech_training/three_classes/train/002.Laysan_Albatross/Laysan_Albatross_0025_571.jpg,1,-0.0032426727,-0.0005206447,-0.0059680417,-0.00043499167,0.0026555588,0.0017321685,0.010180291,0.015482268,0.034598507,0.02730814,0.026606265,0.03980007,0.029891219,0.01865138,0.019194635
/mnt/sdd/caltech_training/three_classes/train/002.Laysan_Albatross/Laysan_Albatross_0070_788.jpg,1,-0.0061171604,0.010046729,0.014236602,0.0072943843,0.0066232225,0.019690456,0.039988935,0.016609922,0.03697308,0.050502628,0.03096943,0.03360281,0.027462265,0.017396584,0.02470344
/mnt/sdd/caltech_training/three_classes/train/002.Laysan_Albatross/Laysan_Albatross_0100_735.jpg,1,0.0022930284,0.009052273,0.010560792,0.0074125975,0.013250342,0.02386256,0.017218933,0.023638528,0.032492716,0.011090661,0.023262255,0.029769845,0.021534204,0.01939616,0.011306971
/mnt/sdd/caltech_training/three_classes/train/002.Laysan_Albatross/Laysan_Albatross_0013_910.jpg,1,-0.00013513067,-0.00031241227,-0.0011074927,0.0021064072,-0.0015697968,0.012668538,-0.0042564953,-0.001999522,0.022755064,0.017615516,0.022752188,0.023277521,0.018975887,0.020741567,0.016356865
/mnt/sdd/caltech_training/three_classes/train/002.Laysan_Albatross/Laysan_Albatross_0060_777.jpg,1,0.00022487342,-0.0003975213,0.011479364,0.008935333,0.008609604,0.0296235,0.03322522,0.017791,0.057961788,0.06262237,0.024122246,0.034419134,0.020039385,0.023567453,0.020539299
/mnt/sdd/caltech_training/three_classes/train/002.Laysan_Albatross/Laysan_Albatross_0006_702.jpg,1,-0.00019379891,0.010987969,0.00833018,0.0021237726,0.0032668314,-0.0055178367,0.027835365,0.037737694,0.050422147,0.054165766,0.027237259,0.036451284,0.017804287,0.014270246,0.018145852
/mnt/sdd/caltech_training/three_classes/train/002.Laysan_Albatross/Laysan_Albatross_0092_834.jpg,1,-0.00572649,-0.0028867438,0.003293647,0.007584374,0.0060238796,0.027367137,0.019223453,0.022071712,0.024845958,0.025829874,0.018436493,0.032096997,0.019001778,0.00679469,0.011401551
/mnt/sdd/caltech_training/three_classes/train/002.Laysan_Albatross/Laysan_Albatross_0096_673.jpg,1,0.00014254637,0.018143155,0.009321395,0.010675183,0.00988429,0.018431641,0.03988146,0.023874491,0.021266647,0.029957028,0.022599403,0.029292677,0.0129306,0.010071366,0.0069106105
/mnt/sdd/caltech_training/three_classes/train/002.Laysan_Albatross/Laysan_Albatross_0005_565.jpg,1,-0.011095437,0.002080544,0.010280789,0.0018169978,0.0051640356,0.004796701,0.025658065,0.02318846,0.0386665,0.040927984,0.03221695,0.030037701,0.024859816,0.010788448,0.017682303
/mnt/sdd/caltech_training/three_classes/train/002.Laysan_Albatross/Laysan_Albatross_0104_630.jpg,1,-0.0013676516,0.0036956333,-0.0031640744,-0.0051261117,0.00030782312,-0.019564904,-0.011215767,-0.0037883925,-0.03236849,-0.013038698,-0.0070714667,0.0385383,0.024755415,0.025684757,0.02218829
/mnt/sdd/caltech_training/three_classes/train/002.Laysan_Albatross/Laysan_Albatross_0049_918.jpg,1,-0.0070027355,-0.002107851,0.0023322161,0.000776871,0.0036155074,0.014568936,0.0079729045,0.0012215896,0.048387196,0.040493704,0.030083526,0.032367438,0.018687462,0.00783188,0.011100164
/mnt/sdd/caltech_training/three_classes/train/002.Laysan_Albatross/Laysan_Albatross_0075_668.jpg,1,-0.0010949416,0.0077929352,-0.0020661482,-0.00087160885,0.00799045,-0.005128023,0.0073824497,0.023990244,0.041377388,0.025758129,0.0157284,0.039779272,0.024855565,0.0137551585,0.025761683
/mnt/sdd/caltech_training/three_classes/train/002.Laysan_Albatross/Laysan_Albatross_0079_506.jpg,1,-0.0026374105,0.0053883754,0.009797467,0.004329873,-0.00091412454,0.014185151,0.024951126,0.032936625,0.03516738,0.03356607,0.028737297,0.02931158,0.01788594,0.01570892,0.014275399
/mnt/sdd/caltech_training/three_classes/train/002.Laysan_Albatross/Laysan_Albatross_0094_1013.jpg,1,-0.005148004,-0.01845404,-0.012008928,-0.0013258661,-0.00410161,-0.013047231,-0.015739875,0.00067034597,0.026125638,0.029735511,0.020500997,0.032128766,0.032458708,0.013309436,0.0139172375
/mnt/sdd/caltech_training/three_classes/train/002.Laysan_Albatross/Laysan_Albatross_0018_492.jpg,1,-0.0040365034,-0.011968504,-0.010123765,-0.01282637,-0.0021165877,-0.009806944,-0.0152002,-0.012364628,0.021091767,0.007847318,0.015761564,0.024091737,0.014673069,0.0019132122,0.005333481
/mnt/sdd/caltech_training/three_classes/train/002.Laysan_Albatross/Laysan_Albatross_0047_619.jpg,1,0.003157897,0.010449596,0.010112768,0.004339915,0.0017051384,0.010914099,0.002570995,0.0051573846,0.012732552,0.003090355,-0.0016689515,0.04554128,0.028951215,0.023417773,0.020992074
/mnt/sdd/caltech_training/three_classes/train/002.Laysan_Albatross/Laysan_Albatross_0050_870.jpg,1,0.0036043394,0.01683327,0.014225011,0.0071747657,0.00683687,0.01710481,0.0136722475,0.016311908,0.013275827,-0.001144689,0.011042239,0.041905582,0.038037844,0.027929306,0.016156554
/mnt/sdd/caltech_training/three_classes/train/002.Laysan_Albatross/Laysan_Albatross_0044_784.jpg,1,0.0020957317,-0.0027059177,0.0010217424,-0.0077145207,-0.01072204,-0.016852748,-0.024742333,-0.023260407,0.01613139,0.011054391,0.009225134,0.031620413,0.01922962,0.008688696,0.011335865
/mnt/sdd/caltech_training/three_classes/train/002.Laysan_Albatross/Laysan_Albatross_0023_1059.jpg,1,0.00076437904,0.0045512593,0.010175975,0.007535855,0.008736402,0.019381572,0.033969965,0.04078262,0.034443412,0.023778405,0.040791757,0.024113549,0.021005467,0.022290286,0.012955792
/mnt/sdd/caltech_training/three_classes/train/002.Laysan_Albatross/Laysan_Albatross_0034_628.jpg,1,-0.0042266045,-0.0023490703,-0.007175751,0.004048433,-0.002244053,-0.0101375,0.015941381,0.016190406,0.04939831,0.030854871,0.033670433,0.026528561,0.0220537,0.02641631,0.019893626
/mnt/sdd/caltech_training/three_classes/train/002.Laysan_Albatross/Laysan_Albatross_0098_621.jpg,1,-0.0040118424,-0.008553264,-0.012727084,-0.0061669536,-0.008961752,-0.040147543,-0.016498849,-0.00967701,-0.0093963295,-0.022819463,0.007970931,0.031013582,0.017343514,0.0099458825,0.0049707256
/mnt/sdd/caltech_training/three_classes/train/002.Laysan_Albatross/Laysan_Albatross_0053_543.jpg,1,0.00061007636,0.0028875393,0.003686171,-0.0020345123,-0.0010353014,0.0009972694,-0.00020056055,0.017951393,0.012787564,0.008794952,0.008472556,0.03677243,0.025082383,0.010036994,0.02019272
/mnt/sdd/caltech_training/three_classes/train/002.Laysan_Albatross/Laysan_Albatross_0088_883.jpg,1,-0.0074303094,0.014852112,0.020412492,0.019318957,0.015687682,0.0406765,0.044513904,0.045480914,0.08521077,0.06720245,0.03527794,0.037874207,0.024931673,0.02369228,0.021884594
/mnt/sdd/caltech_training/three_classes/train/002.Laysan_Albatross/Laysan_Albatross_0029_482.jpg,1,-0.009818492,0.009822947,0.0082146125,0.017412428,0.0071971877,0.022957897,0.025508795,0.02652131,0.041616343,0.023931954,0.033989135,0.01831222,0.01624867,0.019099679,0.017204206
/mnt/sdd/caltech_training/three_classes/train/002.Laysan_Albatross/Laysan_Albatross_0103_504.jpg,1,-0.0031847688,0.0141536435,0.0047855973,0.004452631,0.004781743,-0.0046384316,0.0053828172,0.010829877,0.020781493,0.023322321,0.029420525,0.03557235,0.029996745,0.022811925,0.016059116
/mnt/sdd/caltech_training/three_classes/train/002.Laysan_Albatross/Laysan_Albatross_0055_570.jpg,1,-0.003273624,0.002148874,0.0005515589,0.0015565945,-0.0012312568,0.001015364,-0.008456,-0.003812546,0.013305305,0.00032923068,0.024352297,0.035577957,0.02064215,0.013331981,0.00974117
/mnt/sdd/caltech_training/three_classes/train/002.Laysan_Albatross/Laysan_Albatross_0002_1027.jpg,1,0.0009296397,0.0072722347,0.0018111441,-0.0079781525,-0.0032428629,-0.0045690914,-0.015408769,0.00576529,0.02794449,0.006704933,0.014105125,0.034715027,0.026097916,0.008952451,0.022513902
/mnt/sdd/caltech_training/three_classes/train/002.Laysan_Albatross/Laysan_Albatross_0039_924.jpg,1,-0.001454466,-0.00036194455,-0.0017163985,-0.0065099397,-0.0026443158,-0.011169562,0.020805273,0.0077282656,0.03178441,0.0067568193,0.023989214,0.03445209,0.013702115,0.015216289,0.012184026
/mnt/sdd/caltech_training/three_classes/train/002.Laysan_Albatross/Laysan_Albatross_0071_792.jpg,1,0.00019156639,-0.0070924032,-0.006475551,-0.0020958015,-0.0031919277,0.0010686187,-0.022760801,-0.00033924961,0.027441883,0.006443185,0.016283315,0.036059253,0.019020922,0.006925646,0.011461798
/mnt/sdd/caltech_training/three_classes/train/002.Laysan_Albatross/Laysan_Albatross_0064_674.jpg,1,-0.007173463,0.011106242,0.0006232783,0.008578032,0.011316214,0.033559404,0.039135948,0.041823514,0.03948868,0.03256357,0.03335611,0.04236044,0.022331126,0.016315209,0.012864331
/mnt/sdd/caltech_training/three_classes/train/002.Laysan_Albatross/Laysan_Albatross_0081_800.jpg,1,-0.0056548845,-0.014542646,-0.0050106244,-0.003991865,0.0010061918,-0.0124534415,-0.0022820313,0.011440282,0.012583897,0.0014723372,0.01381279,0.030204892,0.016592316,0.010651054,0.010645508
/mnt/sdd/caltech_training/three_classes/train/002.Laysan_Albatross/Laysan_Albatross_0061_563.jpg,1,-0.001418928,-0.010157195,-0.004446315,-0.0003080836,0.0041875015,0.012249295,-0.0037192265,0.015469669,0.04401759,0.014471652,0.039007425,0.03749423,0.025740283,0.025193207,0.017031189
/mnt/sdd/caltech_training/three_classes/train/002.Laysan_Albatross/Laysan_Albatross_0037_699.jpg,1,-0.0004506973,-0.009324088,-0.0015814966,-0.0028179297,0.0069451323,0.008884693,-0.022533454,0.0028616698,0.0071945023,-0.011578856,0.009377675,0.035754524,0.02052683,0.011992361,0.014805864
/mnt/sdd/caltech_training/three_classes/train/003.Sooty_Albatross/Sooty_Albatross_0020_796359.jpg,2,0.004117773,0.012628257,0.002278888,0.0104859695,0.009314407,0.007603685,0.026318016,-0.0007506353,0.010265581,0.028436733,0.03555898,0.02495439,0.019223735,0.02071752,0.010271553
/mnt/sdd/caltech_training/three_classes/train/003.Sooty_Albatross/Sooty_Albatross_0069_796358.jpg,2,0.0006371577,0.013860672,0.0038623556,-0.00060426746,0.0067866817,-0.0059938915,0.024042793,-0.002479508,0.026870033,0.041486166,0.039875045,0.023207597,0.040415812,0.03840914,0.017079271
/mnt/sdd/caltech_training/three_classes/train/003.Sooty_Albatross/Sooty_Albatross_0007_796372.jpg,2,0.0021494646,0.0072575854,0.013545189,0.009693997,0.0070685777,0.017783841,0.03477888,0.009502526,0.031481262,0.047888808,0.0431192,0.026562048,0.034726344,0.035018705,0.020466842
/mnt/sdd/caltech_training/three_classes/train/003.Sooty_Albatross/Sooty_Albatross_0005_796342.jpg,2,0.008077043,0.0041403924,0.014127817,0.011034494,0.00090651354,-0.00018405076,0.026384905,0.013420752,0.018946093,0.034620162,0.03803032,0.031024532,0.033767022,0.035837255,0.017901048
/mnt/sdd/caltech_training/three_classes/train/003.Sooty_Albatross/Sooty_Albatross_0010_796355.jpg,2,0.00452457,0.019058757,0.010443051,0.0119919535,0.007017388,0.0083403895,0.008026979,0.0030074045,0.021603722,0.043282248,0.007413679,0.01426801,0.0263521,0.03269926,0.014558846
/mnt/sdd/caltech_training/three_classes/train/003.Sooty_Albatross/Sooty_Albatross_0068_796353.jpg,2,0.0018457543,0.003380759,-0.0037415815,0.007704539,0.0053312024,0.008267899,0.029968806,0.0027846228,0.013282146,0.03976672,0.021434441,0.028459534,0.033336148,0.035410825,0.02074299
/mnt/sdd/caltech_training/three_classes/train/003.Sooty_Albatross/Sooty_Albatross_0001_1071.jpg,2,0.00046602823,0.014953412,0.0114261005,-0.00017704896,0.0008865592,-0.018099975,0.013030414,0.012511787,0.0027074476,0.019708995,0.020729473,0.027970528,0.036400497,0.03728479,0.017628778
/mnt/sdd/caltech_training/three_classes/train/003.Sooty_Albatross/Sooty_Albatross_0002_796395.jpg,2,-0.0010703616,0.0017718172,0.0069356407,0.007373473,-0.00072627375,0.00037477352,0.02126003,-0.00012950227,0.03337089,0.058849987,0.03880699,0.032599032,0.043342017,0.03750599,0.020716388
/mnt/sdd/caltech_training/three_classes/train/003.Sooty_Albatross/Sooty_Albatross_0043_1076.jpg,2,0.00016549596,0.0068556294,-0.010381581,0.0019345102,-0.00014891615,-0.005308694,0.026347112,0.0061123967,-0.000312438,0.008648934,0.030290512,0.026140284,0.03140566,0.02996882,0.007629187
/mnt/sdd/caltech_training/three_classes/train/003.Sooty_Albatross/Sooty_Albatross_0023_796401.jpg,2,-0.0043561193,0.004274259,0.008119458,0.0077463733,0.008045042,0.005093214,0.043813832,0.02610137,0.022262972,0.047908537,0.04653153,0.027048044,0.039131906,0.045717258,0.017060943
/mnt/sdd/caltech_training/three_classes/train/003.Sooty_Albatross/Sooty_Albatross_0058_796360.jpg,2,0.00037537963,0.006225141,0.005081227,0.004014004,0.007479133,0.012278594,0.029694133,-0.0021240856,0.0063994206,0.014305593,0.036665183,0.02624116,0.033721186,0.038725723,0.02296039
/mnt/sdd/caltech_training/three_classes/train/003.Sooty_Albatross/Sooty_Albatross_0072_796371.jpg,2,0.00021784742,-0.011114452,-0.008328592,-0.007156196,-0.0040104426,-0.020660706,0.005129192,-0.008675413,0.014611578,-0.00068416307,0.022293925,0.024356466,0.03148441,0.034929562,0.009802802
/mnt/sdd/caltech_training/three_classes/train/003.Sooty_Albatross/Sooty_Albatross_0030_1122.jpg,2,-0.0007152216,0.0014972832,0.0062557603,-0.006807775,-0.00025402312,-0.0052630166,0.014404763,-0.004084662,0.030818,0.048457216,0.04660096,0.023613568,0.037174918,0.04391569,0.015646482
/mnt/sdd/caltech_training/three_classes/train/003.Sooty_Albatross/Sooty_Albatross_0065_796367.jpg,2,-0.004101863,0.007237491,0.007603215,0.010938086,0.0030111345,0.0018080785,0.045297697,0.0199355,-0.00039034523,0.015995687,0.025363816,0.022695448,0.025813235,0.02834516,0.013815118
/mnt/sdd/caltech_training/three_classes/train/003.Sooty_Albatross/Sooty_Albatross_0041_796364.jpg,2,0.0071135415,0.007450741,0.003097915,0.010334028,-0.0003898685,0.0051497226,0.03739859,0.011650851,0.019394923,0.04484032,0.04578948,0.038498983,0.047396515,0.044842824,0.020596832
/mnt/sdd/caltech_training/three_classes/train/003.Sooty_Albatross/Sooty_Albatross_0031_1066.jpg,2,0.0026606147,0.004487188,0.010175244,-0.0012053617,0.0011542594,0.001934066,0.037303153,-0.0026426236,0.039501697,0.04845614,0.051525086,0.031273358,0.034041125,0.042818543,0.018059902
/mnt/sdd/caltech_training/three_classes/train/003.Sooty_Albatross/Sooty_Albatross_0004_796366.jpg,2,0.0016096624,0.020446807,0.0067634652,0.0059234374,0.0031472945,0.0033426783,0.007310902,-0.021596257,-0.015832694,-0.0026458213,0.018621143,0.025557078,0.02954363,0.02884706,0.011438391
/mnt/sdd/caltech_training/three_classes/train/003.Sooty_Albatross/Sooty_Albatross_0079_796389.jpg,2,-0.0015285508,0.0065020113,0.011659163,0.012200614,0.006470288,0.020831292,0.01663139,-0.0034960797,0.031273372,0.03429059,0.015427672,0.028265726,0.03224551,0.027950227,0.006453799
/mnt/sdd/caltech_training/three_classes/train/003.Sooty_Albatross/Sooty_Albatross_0034_1154.jpg,2,0.003107192,0.013076031,0.0020609782,0.008624257,0.013424669,0.017444644,0.019165186,-0.010402486,0.018046966,0.0400785,0.014192349,0.03202468,0.025936672,0.029781744,0.013281625
/mnt/sdd/caltech_training/three_classes/train/003.Sooty_Albatross/Sooty_Albatross_0050_796351.jpg,2,0.0010697487,0.009682247,0.003480985,0.010356796,0.003701597,0.002257717,0.044616837,0.013767879,0.012192945,0.026386425,0.03635574,0.014299693,0.01741792,0.023966186,0.011974465
/mnt/sdd/caltech_training/three_classes/train/003.Sooty_Albatross/Sooty_Albatross_0048_1130.jpg,2,-0.0013223015,-0.002350311,-0.0013513413,0.00957309,0.0026273886,0.0037026186,0.042070143,0.013722103,0.02902105,0.036415726,0.04362616,0.021690734,0.035473563,0.044817194,0.018358976
/mnt/sdd/caltech_training/three_classes/train/003.Sooty_Albatross/Sooty_Albatross_0024_1161.jpg,2,-0.008752768,0.013787087,0.00906924,-0.0015407153,0.0064766034,0.00020505581,0.015902454,0.0032777947,0.009892812,0.036476865,0.010553802,0.02832799,0.034994647,0.03640609,0.0106556555
/mnt/sdd/caltech_training/three_classes/train/003.Sooty_Albatross/Sooty_Albatross_0014_796373.jpg,2,0.0060697324,0.015316854,0.0142928455,0.008036724,0.007935939,0.012906777,0.03732514,0.021987997,0.038245283,0.071957596,0.038561396,0.027722627,0.028536659,0.040987678,0.011882979
/mnt/sdd/caltech_training/three_classes/train/003.Sooty_Albatross/Sooty_Albatross_0019_796391.jpg,2,0.0033828241,-0.002486708,-0.0054516033,0.0066499594,0.0029952894,-0.0032444056,0.011951454,-0.0008294566,0.03512158,0.055703428,0.04153809,0.021013208,0.020810824,0.027713729,0.008923279
/mnt/sdd/caltech_training/three_classes/train/003.Sooty_Albatross/Sooty_Albatross_0036_796387.jpg,2,0.0035877666,0.00967641,0.016057316,0.00030475634,0.004108774,0.0060932315,0.022403318,0.006606252,0.046744466,0.0655059,0.034237437,0.02546746,0.03533518,0.029678106,0.019266589
/mnt/sdd/caltech_training/three_classes/train/003.Sooty_Albatross/Sooty_Albatross_0022_796398.jpg,2,0.009685201,0.010567403,0.0048298077,0.0021563785,0.0009259288,0.008507127,0.019433612,-0.010099048,0.008085876,0.032267913,0.023442298,0.022029918,0.020771535,0.032468785,0.014335701
/mnt/sdd/caltech_training/three_classes/train/003.Sooty_Albatross/Sooty_Albatross_0013_796402.jpg,2,0.00574015,0.023936218,0.01975367,0.0167183,0.010170815,0.017931715,0.045473564,0.0102099,0.04291711,0.05716322,0.044029824,0.023038983,0.029956497,0.025481256,0.013116768
/mnt/sdd/caltech_training/three_classes/train/003.Sooty_Albatross/Sooty_Albatross_0077_1080.jpg,2,-0.006113054,0.017587863,0.004733312,0.0063612554,0.0006649238,0.0019201908,0.0071591204,-0.020772435,0.004318215,0.0113310255,0.010452505,0.02043673,0.021606758,0.03287092,0.02089473
/mnt/sdd/caltech_training/three_classes/train/003.Sooty_Albatross/Sooty_Albatross_0070_796346.jpg,2,0.0056669046,0.0034128486,0.011059896,0.0052653193,0.005587328,0.001603657,0.04524872,0.029719263,0.04115121,0.04184095,0.04067819,0.029082954,0.02875772,0.031784438,0.0136012295
/mnt/sdd/caltech_training/three_classes/train/003.Sooty_Albatross/Sooty_Albatross_0032_1149.jpg,2,-0.0009210233,0.005226223,-0.0033820784,0.004949848,-0.0019834565,-0.008416032,0.039071172,0.012782498,0.01645706,0.025576537,0.017532125,0.027536888,0.02475661,0.0364773,0.015186636
/mnt/sdd/caltech_training/three_classes/train/003.Sooty_Albatross/Sooty_Albatross_0076_796365.jpg,2,0.0052000014,0.016784959,0.0060489173,0.009710621,0.0019486829,0.015873374,0.014479097,-0.015617926,-0.0379557,-0.00660106,0.016178446,0.02092607,0.01771079,0.04423974,0.016029535
/mnt/sdd/caltech_training/three_classes/train/003.Sooty_Albatross/Sooty_Albatross_0051_796374.jpg,2,0.008015519,0.015108663,0.010447564,0.010305063,0.0075992695,-0.0011897803,0.032033965,0.02748156,0.010732123,0.03065228,0.030108802,0.038270272,0.036801793,0.042430438,0.013957434
/mnt/sdd/caltech_training/three_classes/train/003.Sooty_Albatross/Sooty_Albatross_0025_796361.jpg,2,0.0009806885,0.013664924,0.008247313,0.012120318,0.011539878,0.0046504433,0.059872963,0.042680703,0.046571247,0.05375766,0.049609832,0.029581344,0.039755657,0.04883996,0.013536427
/mnt/sdd/caltech_training/three_classes/train/003.Sooty_Albatross/Sooty_Albatross_0074_1221.jpg,2,0.0041862056,-0.0058067357,-0.0072619678,-0.004317676,-0.004328616,-0.026156206,0.016664997,-0.011606548,0.0058494974,0.04401969,0.03354615,0.02118099,0.030146599,0.033781946,0.016978107
/mnt/sdd/caltech_training/three_classes/train/003.Sooty_Albatross/Sooty_Albatross_0046_1211.jpg,2,-0.001987968,0.034491867,0.022471387,0.0047678617,0.0048406427,0.0035406456,0.05159669,0.04863006,0.016229354,0.045964304,0.042275943,0.023521204,0.033504445,0.03781365,0.027031422
/mnt/sdd/caltech_training/three_classes/train/003.Sooty_Albatross/Sooty_Albatross_0003_1078.jpg,2,-0.0009003296,-0.0030229609,0.0051925667,0.0028296572,-0.0051054647,0.0049529695,-0.0038823956,-0.014214136,0.018553521,0.026325336,0.019225772,0.021032177,0.030290546,0.020117395,0.005656299
/mnt/sdd/caltech_training/three_classes/train/003.Sooty_Albatross/Sooty_Albatross_0075_796352.jpg,2,0.00016275828,0.0022595236,0.006935032,0.0025880313,0.007376747,-0.0012519269,0.021585556,-0.0099023655,0.016040709,0.037076663,0.028717263,0.027417185,0.02942083,0.038109764,0.013878357
/mnt/sdd/caltech_training/three_classes/train/003.Sooty_Albatross/Sooty_Albatross_0006_796390.jpg,2,-0.0009973465,-0.002447028,-0.0068753688,0.0014905559,-0.0014831673,0.0041815313,0.017189309,0.00084353844,-0.01113604,0.018456977,0.0019931775,0.017048828,0.02541351,0.03510513,0.009132819
/mnt/sdd/caltech_training/three_classes/train/003.Sooty_Albatross/Sooty_Albatross_0042_1210.jpg,2,0.0024661336,0.004651163,0.006614932,0.0020881232,-0.0023426302,0.018272543,0.038440265,0.0028792555,0.039027408,0.038871437,0.01473701,0.019290194,0.032563813,0.03456777,0.008587282
/mnt/sdd/caltech_training/three_classes/train/003.Sooty_Albatross/Sooty_Albatross_0073_1171.jpg,2,-0.0012925481,0.007823387,-0.0011806733,0.0021126335,-0.00037574192,-0.013283593,0.019205375,0.0039701234,0.0031688246,0.012261895,0.014874482,0.024833286,0.03503252,0.03244076,0.0142363515
/mnt/sdd/caltech_training/three_classes/train/003.Sooty_Albatross/Sooty_Albatross_0038_1065.jpg,2,-0.0015123494,0.012126796,0.011798267,0.003020701,0.003355228,0.010758075,-0.00054995576,-0.013971398,-0.0027287519,0.0064097727,-0.0002896574,0.01562586,0.014150472,0.017257769,0.0033531543
/mnt/sdd/caltech_training/three_classes/train/003.Sooty_Albatross/Sooty_Albatross_0040_796375.jpg,2,0.004782576,0.0021950607,-0.0015659689,0.0003630726,0.00791925,-0.004113204,0.0321761,0.01636297,0.022339357,0.026532669,0.04486609,0.025376013,0.025687717,0.035601966,0.015404318
/mnt/sdd/caltech_training/three_classes/train/003.Sooty_Albatross/Sooty_Albatross_0016_1075.jpg,2,-0.0027501574,-0.0057194894,0.010280751,0.005382054,0.0051966226,0.006451022,0.022597888,-0.0034207236,-0.002609557,0.023060942,0.02015249,0.018817462,0.016180804,0.025104685,0.007177364
/mnt/sdd/caltech_training/three_classes/train/003.Sooty_Albatross/Sooty_Albatross_0055_1160.jpg,2,0.0039290404,0.017720645,0.01299838,0.0017157383,0.0025374028,-0.00059832376,0.012824182,0.012318131,-0.00083999336,0.017487183,0.003947678,0.028770614,0.03848695,0.045879457,0.025920462
/mnt/sdd/caltech_training/three_classes/train/003.Sooty_Albatross/Sooty_Albatross_0057_796354.jpg,2,0.000531167,0.006531562,0.0018652814,0.008749593,0.00033989002,0.010072151,0.025979973,-0.004584389,0.0035927284,0.024892084,0.022562167,0.026467964,0.03764015,0.041620076,0.0096708145
/mnt/sdd/caltech_training/three_classes/train/003.Sooty_Albatross/Sooty_Albatross_0063_1101.jpg,2,-0.0028015855,-0.00039125676,0.0112273,0.009412717,0.002946491,0.025006732,0.027485017,-0.010888203,0.029433146,0.05108068,0.036710214,0.0037677428,0.02376853,0.019751325,0.0025905217
