Image Path,File Name,true_class,predicted_class,Prediction Confidence
/home/datasets/valid/zebra/n02391049_6267.jpg,n02391049_6267.jpg,zebra,zebra,0.9957377910614014
/home/datasets/valid/zebra/n02391049_3938.jpg,n02391049_3938.jpg,zebra,zebra,0.9979379773139954
/home/datasets/valid/zebra/130.jpg,130.jpg,zebra,zebra,0.9977864027023315
/home/datasets/valid/zebra/n02391049_10047.jpg,n02391049_10047.jpg,zebra,zebra,0.9001697301864624
/home/datasets/valid/zebra/n02391049_351.jpg,n02391049_351.jpg,zebra,zebra,0.9689290523529053
/home/datasets/valid/zebra/040.jpg,040.jpg,zebra,zebra,0.9966228008270264
/home/datasets/valid/zebra/zebra (50).jpg,zebra (50).jpg,zebra,zebra,0.9991441965103149
/home/datasets/valid/zebra/image_18.jpeg,image_18.jpeg,zebra,zebra,0.9933320879936218
/home/datasets/valid/zebra/zebra (62).jpg,zebra (62).jpg,zebra,zebra,0.9956955909729004
/home/datasets/valid/zebra/n02391049_2731.jpg,n02391049_2731.jpg,zebra,zebra,0.9868001937866211
/home/datasets/valid/zebra/n02391049_8209.jpg,n02391049_8209.jpg,zebra,zebra,0.5371870994567871
/home/datasets/valid/zebra/03ac351ca0.jpg,03ac351ca0.jpg,zebra,zebra,0.9929197430610657
/home/datasets/valid/zebra/n02391049_984.jpg,n02391049_984.jpg,zebra,zebra,0.9981348514556885
/home/datasets/valid/zebra/image_189.jpeg,image_189.jpeg,zebra,zebra,0.9994508624076843
/home/datasets/valid/zebra/n02391049_341.jpg,n02391049_341.jpg,zebra,zebra,0.9960013031959534
/home/datasets/valid/zebra/042.jpg,042.jpg,zebra,zebra,0.7464442253112793
/home/datasets/valid/zebra/n02391049_9398.jpg,n02391049_9398.jpg,zebra,zebra,0.9985520243644714
/home/datasets/valid/zebra/n02391049_483.jpg,n02391049_483.jpg,zebra,zebra,0.9823139905929565
/home/datasets/valid/zebra/n02391049_8994.jpg,n02391049_8994.jpg,zebra,zebra,0.9698768258094788
/home/datasets/valid/zebra/n02391049_2239.jpg,n02391049_2239.jpg,zebra,zebra,0.986831545829773
/home/datasets/valid/zebra/n02391049_6208.jpg,n02391049_6208.jpg,zebra,zebra,0.5828198194503784
/home/datasets/valid/zebra/214.jpg,214.jpg,zebra,zebra,0.9815657138824463
/home/datasets/valid/zebra/250.jpg,250.jpg,zebra,zebra,0.9349095821380615
/home/datasets/valid/zebra/n02391049_8696.jpg,n02391049_8696.jpg,zebra,zebra,0.9975823163986206
/home/datasets/valid/zebra/n02391049_146.jpg,n02391049_146.jpg,zebra,zebra,0.990153968334198
/home/datasets/valid/zebra/n02391049_6336.jpg,n02391049_6336.jpg,zebra,zebra,0.9955037236213684
/home/datasets/valid/zebra/n02391049_2901.jpg,n02391049_2901.jpg,zebra,zebra,0.9903175830841064
/home/datasets/valid/zebra/iimage_23 (27).jpeg,iimage_23 (27).jpeg,zebra,deer,0.6298497319221497
/home/datasets/valid/zebra/n02391049_1164.jpg,n02391049_1164.jpg,zebra,zebra,0.986474335193634
/home/datasets/valid/zebra/image_82.jpeg,image_82.jpeg,zebra,zebra,0.9929578304290771
/home/datasets/valid/zebra/n02391049_2111.jpg,n02391049_2111.jpg,zebra,zebra,0.9185262322425842
/home/datasets/valid/zebra/n02391049_274.jpg,n02391049_274.jpg,zebra,zebra,0.7569162249565125
/home/datasets/valid/zebra/n02391049_4693.jpg,n02391049_4693.jpg,zebra,zebra,0.9993725419044495
/home/datasets/valid/zebra/229.jpg,229.jpg,zebra,zebra,0.9995717406272888
/home/datasets/valid/zebra/470f427469.jpg,470f427469.jpg,zebra,zebra,0.9919149875640869
/home/datasets/valid/zebra/161.jpg,161.jpg,zebra,zebra,0.9567381143569946
/home/datasets/valid/zebra/n02391049_808.jpg,n02391049_808.jpg,zebra,zebra,0.9954217076301575
/home/datasets/valid/zebra/135.jpg,135.jpg,zebra,zebra,0.9649285078048706
/home/datasets/valid/zebra/n02391049_3771.jpg,n02391049_3771.jpg,zebra,zebra,0.9085239768028259
/home/datasets/valid/zebra/n02391049_4909.jpg,n02391049_4909.jpg,zebra,zebra,0.8419684767723083
/home/datasets/valid/zebra/image_113.jpeg,image_113.jpeg,zebra,zebra,0.9912638664245605
/home/datasets/valid/zebra/n02391049_3016.jpg,n02391049_3016.jpg,zebra,zebra,0.9871897101402283
/home/datasets/valid/zebra/n02391049_9864.jpg,n02391049_9864.jpg,zebra,zebra,0.9882766604423523
/home/datasets/valid/zebra/365.jpg,365.jpg,zebra,zebra,0.9995638728141785
/home/datasets/valid/zebra/n02391049_7848.jpg,n02391049_7848.jpg,zebra,zebra,0.9917768239974976
/home/datasets/valid/zebra/n02391049_2286.jpg,n02391049_2286.jpg,zebra,zebra,0.9977554678916931
/home/datasets/valid/zebra/n02391049_11181.jpg,n02391049_11181.jpg,zebra,zebra,0.9968716502189636
/home/datasets/valid/zebra/n02391049_7722.jpg,n02391049_7722.jpg,zebra,zebra,0.8979588150978088
/home/datasets/valid/zebra/n02391049_221.jpg,n02391049_221.jpg,zebra,zebra,0.7436500191688538
/home/datasets/valid/zebra/n02391049_2559.jpg,n02391049_2559.jpg,zebra,zebra,0.893252432346344
/home/datasets/valid/zebra/image_5.jpeg,image_5.jpeg,zebra,zebra,0.9951537847518921
/home/datasets/valid/zebra/n02391049_4261.jpg,n02391049_4261.jpg,zebra,zebra,0.9853110313415527
/home/datasets/valid/zebra/n02391049_3317.jpg,n02391049_3317.jpg,zebra,horse,0.5480083227157593
/home/datasets/valid/zebra/n02391049_2191.jpg,n02391049_2191.jpg,zebra,zebra,0.7204669713973999
/home/datasets/valid/zebra/n02391049_4914.jpg,n02391049_4914.jpg,zebra,zebra,0.9968588352203369
/home/datasets/valid/zebra/n02391049_611.jpg,n02391049_611.jpg,zebra,zebra,0.8328456282615662
/home/datasets/valid/zebra/67dce4e834.jpg,67dce4e834.jpg,zebra,zebra,0.9938481450080872
/home/datasets/valid/zebra/118.jpg,118.jpg,zebra,zebra,0.7030968070030212
/home/datasets/valid/zebra/244.jpg,244.jpg,zebra,zebra,0.9977062940597534
/home/datasets/valid/zebra/n02391049_471.jpg,n02391049_471.jpg,zebra,zebra,0.9933285713195801
/home/datasets/valid/zebra/n02391049_173.jpg,n02391049_173.jpg,zebra,zebra,0.9890746474266052
/home/datasets/valid/zebra/n02391049_6023.jpg,n02391049_6023.jpg,zebra,zebra,0.6492294669151306
/home/datasets/valid/zebra/n02391049_39.jpg,n02391049_39.jpg,zebra,zebra,0.9718835949897766
/home/datasets/valid/zebra/n02391049_2746.jpg,n02391049_2746.jpg,zebra,zebra,0.973633348941803
/home/datasets/valid/zebra/7f892f3977.jpg,7f892f3977.jpg,zebra,zebra,0.9923018217086792
/home/datasets/valid/zebra/n02391049_3137.jpg,n02391049_3137.jpg,zebra,zebra,0.9944292306900024
/home/datasets/valid/zebra/309.jpg,309.jpg,zebra,zebra,0.9963887929916382
/home/datasets/valid/zebra/n02391049_2811.jpg,n02391049_2811.jpg,zebra,zebra,0.9990003705024719
/home/datasets/valid/zebra/7f1352d1e8.jpg,7f1352d1e8.jpg,zebra,zebra,0.9899506568908691
/home/datasets/valid/zebra/n02391049_587.jpg,n02391049_587.jpg,zebra,zebra,0.9877102375030518
/home/datasets/valid/zebra/zebra (19).jpg,zebra (19).jpg,zebra,zebra,0.9934250116348267
/home/datasets/valid/zebra/n02391049_2603.jpg,n02391049_2603.jpg,zebra,zebra,0.948327898979187
/home/datasets/valid/zebra/n02391049_817.jpg,n02391049_817.jpg,zebra,zebra,0.9963292479515076
/home/datasets/valid/zebra/n02391049_2495.jpg,n02391049_2495.jpg,zebra,zebra,0.9979789853096008
/home/datasets/valid/zebra/n02391049_2524.jpg,n02391049_2524.jpg,zebra,deer,0.3625859320163727
/home/datasets/valid/zebra/286.jpg,286.jpg,zebra,zebra,0.6869744658470154
/home/datasets/valid/zebra/152.jpg,152.jpg,zebra,zebra,0.979985237121582
/home/datasets/valid/zebra/image_60.jpeg,image_60.jpeg,zebra,zebra,0.9974327683448792
/home/datasets/valid/zebra/n02391049_2897.jpg,n02391049_2897.jpg,zebra,zebra,0.992882490158081
/home/datasets/valid/zebra/iimage_23 (9).jpeg,iimage_23 (9).jpeg,zebra,zebra,0.892767608165741
/home/datasets/valid/zebra/122.jpg,122.jpg,zebra,zebra,0.9968206882476807
/home/datasets/valid/zebra/n02391049_392.jpg,n02391049_392.jpg,zebra,zebra,0.9264312386512756
/home/datasets/valid/zebra/n02391049_4898.jpg,n02391049_4898.jpg,zebra,zebra,0.995109498500824
/home/datasets/valid/zebra/n02391049_10589.jpg,n02391049_10589.jpg,zebra,zebra,0.9834128618240356
/home/datasets/valid/zebra/n02391049_9635.jpg,n02391049_9635.jpg,zebra,zebra,0.9522076845169067
/home/datasets/valid/zebra/n02391049_8859.jpg,n02391049_8859.jpg,zebra,zebra,0.9993864297866821
/home/datasets/valid/zebra/n02391049_7018.jpg,n02391049_7018.jpg,zebra,zebra,0.9965333938598633
/home/datasets/valid/zebra/n02391049_2187.jpg,n02391049_2187.jpg,zebra,zebra,0.9322887063026428
/home/datasets/valid/zebra/n02391049_3296.jpg,n02391049_3296.jpg,zebra,zebra,0.846492350101471
/home/datasets/valid/zebra/n02391049_2141.jpg,n02391049_2141.jpg,zebra,zebra,0.9965927004814148
/home/datasets/valid/zebra/n02391049_3636.jpg,n02391049_3636.jpg,zebra,zebra,0.6582511067390442
/home/datasets/valid/zebra/image_150.jpeg,image_150.jpeg,zebra,zebra,0.991851270198822
/home/datasets/valid/zebra/n02391049_2805.jpg,n02391049_2805.jpg,zebra,zebra,0.9926776885986328
/home/datasets/valid/zebra/image_35.jpeg,image_35.jpeg,zebra,zebra,0.988964319229126
/home/datasets/valid/zebra/n02391049_332.jpg,n02391049_332.jpg,zebra,zebra,0.9638042449951172
/home/datasets/valid/zebra/n02391049_2034.jpg,n02391049_2034.jpg,zebra,zebra,0.9963724613189697
/home/datasets/valid/zebra/n02391049_6074.jpg,n02391049_6074.jpg,zebra,zebra,0.941624104976654
/home/datasets/valid/zebra/279.jpg,279.jpg,zebra,zebra,0.9986363053321838
/home/datasets/valid/zebra/iimage_23 (24).jpeg,iimage_23 (24).jpeg,zebra,zebra,0.994762122631073
/home/datasets/valid/zebra/5c81996bec.jpg,5c81996bec.jpg,zebra,zebra,0.9988033771514893
/home/datasets/valid/zebra/n02391049_459.jpg,n02391049_459.jpg,zebra,zebra,0.9924328327178955
/home/datasets/valid/zebra/n02391049_9705.jpg,n02391049_9705.jpg,zebra,zebra,0.6384239792823792
/home/datasets/valid/zebra/n02391049_109.jpg,n02391049_109.jpg,zebra,zebra,0.9852787256240845
/home/datasets/valid/zebra/n02391049_5208.jpg,n02391049_5208.jpg,zebra,zebra,0.9846307635307312
/home/datasets/valid/zebra/image_61.jpeg,image_61.jpeg,zebra,zebra,0.9809057712554932
/home/datasets/valid/zebra/n02391049_9593.jpg,n02391049_9593.jpg,zebra,zebra,0.9687889814376831
/home/datasets/valid/zebra/image_76.jpeg,image_76.jpeg,zebra,zebra,0.9879060983657837
/home/datasets/valid/zebra/iimage_23 (23).jpeg,iimage_23 (23).jpeg,zebra,zebra,0.973623514175415
/home/datasets/valid/zebra/n02391049_232.jpg,n02391049_232.jpg,zebra,zebra,0.9811073541641235
/home/datasets/valid/zebra/n02391049_1086.jpg,n02391049_1086.jpg,zebra,zebra,0.8838656544685364
/home/datasets/valid/zebra/n02391049_578.jpg,n02391049_578.jpg,zebra,zebra,0.5612097978591919
/home/datasets/valid/zebra/image_78.jpeg,image_78.jpeg,zebra,zebra,0.9982030391693115
/home/datasets/valid/zebra/341.jpg,341.jpg,zebra,zebra,0.9931594133377075
/home/datasets/valid/zebra/n02391049_3044.jpg,n02391049_3044.jpg,zebra,zebra,0.9217639565467834
/home/datasets/valid/zebra/n02391049_3446.jpg,n02391049_3446.jpg,zebra,zebra,0.9993442893028259
/home/datasets/valid/zebra/iimage_23 (14).jpeg,iimage_23 (14).jpeg,zebra,zebra,0.9978390336036682
/home/datasets/valid/zebra/n02391049_7071.jpg,n02391049_7071.jpg,zebra,zebra,0.9923776388168335
/home/datasets/valid/zebra/image_90.jpeg,image_90.jpeg,zebra,zebra,0.9963383674621582
/home/datasets/valid/zebra/n02391049_5908.jpg,n02391049_5908.jpg,zebra,zebra,0.992277979850769
/home/datasets/valid/zebra/iimage_23 (8).jpeg,iimage_23 (8).jpeg,zebra,zebra,0.9895581603050232
/home/datasets/valid/zebra/n02391049_407.jpg,n02391049_407.jpg,zebra,zebra,0.9752072691917419
/home/datasets/valid/zebra/082.jpg,082.jpg,zebra,zebra,0.9775969386100769
/home/datasets/valid/zebra/n02391049_3517.jpg,n02391049_3517.jpg,zebra,zebra,0.9868029952049255
/home/datasets/valid/zebra/n02391049_3105.jpg,n02391049_3105.jpg,zebra,zebra,0.9819052219390869
/home/datasets/valid/zebra/n02391049_2718.jpg,n02391049_2718.jpg,zebra,zebra,0.5651594996452332
/home/datasets/valid/zebra/n02391049_1178.jpg,n02391049_1178.jpg,zebra,zebra,0.9215151071548462
/home/datasets/valid/zebra/n02391049_812.jpg,n02391049_812.jpg,zebra,zebra,0.982157826423645
/home/datasets/valid/zebra/080.jpg,080.jpg,zebra,zebra,0.9805520176887512
/home/datasets/valid/zebra/n02391049_7599.jpg,n02391049_7599.jpg,zebra,zebra,0.6363921165466309
/home/datasets/valid/zebra/n02391049_148.jpg,n02391049_148.jpg,zebra,zebra,0.8585745096206665
/home/datasets/valid/zebra/n02391049_45.jpg,n02391049_45.jpg,zebra,zebra,0.9873119592666626
/home/datasets/valid/zebra/n02391049_6227.jpg,n02391049_6227.jpg,zebra,zebra,0.9821935892105103
/home/datasets/valid/zebra/020.jpg,020.jpg,zebra,zebra,0.9954979419708252
/home/datasets/valid/zebra/n02391049_3153.jpg,n02391049_3153.jpg,zebra,zebra,0.9974972605705261
/home/datasets/valid/zebra/n02391049_3046.jpg,n02391049_3046.jpg,zebra,zebra,0.988897979259491
/home/datasets/valid/zebra/image_152.jpeg,image_152.jpeg,zebra,zebra,0.976015031337738
/home/datasets/valid/zebra/n02391049_501.jpg,n02391049_501.jpg,zebra,deer,0.5140910744667053
/home/datasets/valid/zebra/075.jpg,075.jpg,zebra,zebra,0.98812335729599
/home/datasets/valid/zebra/327.jpg,327.jpg,zebra,zebra,0.9902850985527039
/home/datasets/valid/zebra/zebra (13).jpg,zebra (13).jpg,zebra,zebra,0.9955937266349792
/home/datasets/valid/zebra/n02391049_826.jpg,n02391049_826.jpg,zebra,zebra,0.994758665561676
/home/datasets/valid/zebra/n02391049_2788.jpg,n02391049_2788.jpg,zebra,zebra,0.9933233857154846
/home/datasets/valid/zebra/n02391049_2036.jpg,n02391049_2036.jpg,zebra,zebra,0.9982540011405945
/home/datasets/valid/zebra/n02391049_5236.jpg,n02391049_5236.jpg,zebra,zebra,0.9325301051139832
/home/datasets/valid/zebra/image_134.jpeg,image_134.jpeg,zebra,zebra,0.9873095154762268
/home/datasets/valid/zebra/n02391049_1464.jpg,n02391049_1464.jpg,zebra,zebra,0.9937006235122681
/home/datasets/valid/zebra/n02391049_6467.jpg,n02391049_6467.jpg,zebra,zebra,0.9724206328392029
/home/datasets/valid/zebra/293.jpg,293.jpg,zebra,zebra,0.8901003003120422
/home/datasets/valid/zebra/image_41.jpeg,image_41.jpeg,zebra,zebra,0.9168428778648376
/home/datasets/valid/zebra/n02391049_671.jpg,n02391049_671.jpg,zebra,zebra,0.9923313856124878
/home/datasets/valid/zebra/275.jpg,275.jpg,zebra,zebra,0.9901508092880249
/home/datasets/valid/zebra/n02391049_2157.jpg,n02391049_2157.jpg,zebra,zebra,0.997495174407959
/home/datasets/valid/zebra/image_46.jpeg,image_46.jpeg,zebra,zebra,0.9942136406898499
/home/datasets/valid/zebra/n02391049_2985.jpg,n02391049_2985.jpg,zebra,zebra,0.996335506439209
/home/datasets/valid/zebra/54b4bd58d6.jpg,54b4bd58d6.jpg,zebra,zebra,0.9844712018966675
/home/datasets/valid/zebra/n02391049_1526.jpg,n02391049_1526.jpg,zebra,zebra,0.9978691339492798
/home/datasets/valid/zebra/n02391049_7318.jpg,n02391049_7318.jpg,zebra,zebra,0.8360256552696228
/home/datasets/valid/zebra/n02391049_10134.jpg,n02391049_10134.jpg,zebra,zebra,0.995360791683197
/home/datasets/valid/zebra/n02391049_7344.jpg,n02391049_7344.jpg,zebra,zebra,0.9965444207191467
/home/datasets/valid/zebra/n02391049_8201.jpg,n02391049_8201.jpg,zebra,zebra,0.9607223868370056
/home/datasets/valid/zebra/n02391049_3075.jpg,n02391049_3075.jpg,zebra,zebra,0.9612078666687012
/home/datasets/valid/zebra/image_4.jpeg,image_4.jpeg,zebra,zebra,0.9988247752189636
/home/datasets/valid/zebra/n02391049_718.jpg,n02391049_718.jpg,zebra,zebra,0.9936134219169617
/home/datasets/valid/zebra/image_176.jpeg,image_176.jpeg,zebra,zebra,0.9071086645126343
/home/datasets/valid/zebra/308.jpg,308.jpg,zebra,zebra,0.8150189518928528
/home/datasets/valid/zebra/109.jpg,109.jpg,zebra,zebra,0.9934455156326294
/home/datasets/valid/zebra/1bc0f43045.jpg,1bc0f43045.jpg,zebra,zebra,0.9801417589187622
/home/datasets/valid/zebra/n02391049_9062.jpg,n02391049_9062.jpg,zebra,zebra,0.9370494484901428
/home/datasets/valid/zebra/n02391049_2871.jpg,n02391049_2871.jpg,zebra,zebra,0.9951747059822083
/home/datasets/valid/zebra/n02391049_1952.jpg,n02391049_1952.jpg,zebra,zebra,0.8344110250473022
/home/datasets/valid/zebra/n02391049_2798.jpg,n02391049_2798.jpg,zebra,zebra,0.6549219489097595
/home/datasets/valid/zebra/330.jpg,330.jpg,zebra,zebra,0.9934000968933105
/home/datasets/valid/zebra/116.jpg,116.jpg,zebra,zebra,0.9994844198226929
/home/datasets/valid/zebra/289.jpg,289.jpg,zebra,zebra,0.5873193144798279
/home/datasets/valid/zebra/n02391049_9193.jpg,n02391049_9193.jpg,zebra,zebra,0.9977787137031555
/home/datasets/valid/zebra/n02391049_475.jpg,n02391049_475.jpg,zebra,zebra,0.995621383190155
/home/datasets/valid/zebra/n02391049_8764.jpg,n02391049_8764.jpg,zebra,deer,0.46776241064071655
/home/datasets/valid/zebra/237.jpg,237.jpg,zebra,zebra,0.9897017478942871
/home/datasets/valid/zebra/n02391049_115.jpg,n02391049_115.jpg,zebra,zebra,0.8809736371040344
/home/datasets/valid/zebra/n02391049_9519.jpg,n02391049_9519.jpg,zebra,zebra,0.9663238525390625
/home/datasets/valid/zebra/251.jpg,251.jpg,zebra,zebra,0.9984250068664551
/home/datasets/valid/zebra/n02391049_2306.jpg,n02391049_2306.jpg,zebra,zebra,0.712512195110321
/home/datasets/valid/zebra/n02391049_7368.jpg,n02391049_7368.jpg,zebra,zebra,0.741188645362854
/home/datasets/valid/zebra/n02391049_744.jpg,n02391049_744.jpg,zebra,zebra,0.7451301217079163
/home/datasets/valid/zebra/326.jpg,326.jpg,zebra,zebra,0.8993608951568604
/home/datasets/valid/zebra/n02391049_8782.jpg,n02391049_8782.jpg,zebra,zebra,0.9266036748886108
/home/datasets/valid/zebra/zebra (34).jpg,zebra (34).jpg,zebra,zebra,0.992915153503418
/home/datasets/valid/zebra/n02391049_2523.jpg,n02391049_2523.jpg,zebra,zebra,0.9879271388053894
/home/datasets/valid/zebra/225.jpg,225.jpg,zebra,zebra,0.9987363219261169
/home/datasets/valid/zebra/n02391049_225.jpg,n02391049_225.jpg,zebra,zebra,0.9964518547058105
/home/datasets/valid/zebra/235.jpg,235.jpg,zebra,zebra,0.9916178584098816
/home/datasets/valid/zebra/649e04b7c0.jpg,649e04b7c0.jpg,zebra,zebra,0.9927575588226318
/home/datasets/valid/zebra/245.jpg,245.jpg,zebra,zebra,0.9986068606376648
/home/datasets/valid/zebra/n02391049_2776.jpg,n02391049_2776.jpg,zebra,zebra,0.812786340713501
/home/datasets/valid/zebra/n02391049_1869.jpg,n02391049_1869.jpg,zebra,zebra,0.9913151860237122
/home/datasets/valid/zebra/n02391049_2819.jpg,n02391049_2819.jpg,zebra,zebra,0.997798502445221
/home/datasets/valid/zebra/113.jpg,113.jpg,zebra,zebra,0.9935383200645447
/home/datasets/valid/zebra/n02391049_3053.jpg,n02391049_3053.jpg,zebra,zebra,0.9802722334861755
/home/datasets/valid/zebra/n02391049_7077.jpg,n02391049_7077.jpg,zebra,zebra,0.9974203109741211
/home/datasets/valid/zebra/n02391049_276.jpg,n02391049_276.jpg,zebra,deer,0.7657999396324158
/home/datasets/valid/zebra/n02391049_3092.jpg,n02391049_3092.jpg,zebra,zebra,0.959377646446228
/home/datasets/valid/zebra/iimage_23 (11).jpeg,iimage_23 (11).jpeg,zebra,zebra,0.9212355613708496
/home/datasets/valid/zebra/n02391049_7398.jpg,n02391049_7398.jpg,zebra,zebra,0.9719781875610352
/home/datasets/valid/zebra/image_53.jpeg,image_53.jpeg,zebra,zebra,0.9783121347427368
/home/datasets/valid/zebra/n02391049_6236.jpg,n02391049_6236.jpg,zebra,zebra,0.9948986172676086
/home/datasets/valid/zebra/n02391049_3079.jpg,n02391049_3079.jpg,zebra,zebra,0.8528764843940735
/home/datasets/valid/zebra/image_149.jpeg,image_149.jpeg,zebra,zebra,0.9983968138694763
/home/datasets/valid/zebra/n02391049_2973.jpg,n02391049_2973.jpg,zebra,zebra,0.8881160616874695
/home/datasets/valid/zebra/n02391049_7487.jpg,n02391049_7487.jpg,zebra,zebra,0.9971427321434021
/home/datasets/valid/zebra/n02391049_7851.jpg,n02391049_7851.jpg,zebra,zebra,0.9982642531394958
/home/datasets/valid/zebra/218.jpg,218.jpg,zebra,zebra,0.9998064637184143
/home/datasets/valid/zebra/image_162.jpeg,image_162.jpeg,zebra,zebra,0.9994612336158752
/home/datasets/valid/zebra/n02391049_6524.jpg,n02391049_6524.jpg,zebra,zebra,0.9849527478218079
/home/datasets/valid/zebra/n02391049_428.jpg,n02391049_428.jpg,zebra,zebra,0.9733919501304626
/home/datasets/valid/zebra/image_166.jpeg,image_166.jpeg,zebra,zebra,0.9986076951026917
/home/datasets/valid/zebra/n02391049_41.jpg,n02391049_41.jpg,zebra,zebra,0.9873976111412048
/home/datasets/valid/zebra/n02391049_8288.jpg,n02391049_8288.jpg,zebra,zebra,0.9643111228942871
/home/datasets/valid/zebra/271.jpg,271.jpg,zebra,deer,0.5026236772537231
/home/datasets/valid/zebra/n02391049_8857.jpg,n02391049_8857.jpg,zebra,zebra,0.9910398125648499
/home/datasets/valid/zebra/n02391049_2356.jpg,n02391049_2356.jpg,zebra,zebra,0.9931372404098511
/home/datasets/valid/zebra/n02391049_2104.jpg,n02391049_2104.jpg,zebra,zebra,0.9882617592811584
/home/datasets/valid/zebra/n02391049_125.jpg,n02391049_125.jpg,zebra,zebra,0.9607691168785095
/home/datasets/valid/zebra/n02391049_6436.jpg,n02391049_6436.jpg,zebra,zebra,0.9954642653465271
/home/datasets/valid/zebra/379.jpg,379.jpg,zebra,zebra,0.7788350582122803
/home/datasets/valid/zebra/2eab8fe49e.jpg,2eab8fe49e.jpg,zebra,deer,0.6825790405273438
/home/datasets/valid/zebra/n02391049_1817.jpg,n02391049_1817.jpg,zebra,zebra,0.9788206219673157
/home/datasets/valid/zebra/n02391049_3115.jpg,n02391049_3115.jpg,zebra,zebra,0.983630895614624
/home/datasets/valid/zebra/zebra (6).jpg,zebra (6).jpg,zebra,zebra,0.9775940179824829
/home/datasets/valid/zebra/n02391049_6582.jpg,n02391049_6582.jpg,zebra,zebra,0.7775888442993164
/home/datasets/valid/zebra/307.jpg,307.jpg,zebra,zebra,0.9924622774124146
/home/datasets/valid/zebra/n02391049_2785.jpg,n02391049_2785.jpg,zebra,zebra,0.9927504062652588
/home/datasets/valid/zebra/n02391049_10295.jpg,n02391049_10295.jpg,zebra,zebra,0.9984813332557678
/home/datasets/valid/zebra/n02391049_2999.jpg,n02391049_2999.jpg,zebra,zebra,0.8214654326438904
/home/datasets/valid/zebra/n02391049_9357.jpg,n02391049_9357.jpg,zebra,zebra,0.9893485307693481
/home/datasets/valid/zebra/n02391049_3148.jpg,n02391049_3148.jpg,zebra,zebra,0.9859086871147156
/home/datasets/valid/zebra/n02391049_267.jpg,n02391049_267.jpg,zebra,zebra,0.9993435740470886
/home/datasets/valid/zebra/n02391049_1855.jpg,n02391049_1855.jpg,zebra,zebra,0.7108513116836548
/home/datasets/valid/zebra/image_137.jpeg,image_137.jpeg,zebra,zebra,0.9909393787384033
/home/datasets/valid/zebra/n02391049_6987.jpg,n02391049_6987.jpg,zebra,zebra,0.9894354343414307
/home/datasets/valid/zebra/zebra (58).jpg,zebra (58).jpg,zebra,zebra,0.9785972237586975
/home/datasets/valid/zebra/344.jpg,344.jpg,zebra,zebra,0.5461753606796265
/home/datasets/valid/zebra/n02391049_8633.jpg,n02391049_8633.jpg,zebra,zebra,0.9901071786880493
/home/datasets/valid/zebra/n02391049_4475.jpg,n02391049_4475.jpg,zebra,horse,0.5690638422966003
/home/datasets/valid/zebra/333.jpg,333.jpg,zebra,zebra,0.9761384725570679
/home/datasets/valid/zebra/n02391049_7979.jpg,n02391049_7979.jpg,zebra,zebra,0.9826213717460632
/home/datasets/valid/zebra/190.jpg,190.jpg,zebra,zebra,0.9993458390235901
/home/datasets/valid/zebra/n02391049_1303.jpg,n02391049_1303.jpg,zebra,zebra,0.9893219470977783
/home/datasets/valid/zebra/n02391049_2837.jpg,n02391049_2837.jpg,zebra,zebra,0.8327370285987854
/home/datasets/valid/zebra/n02391049_1852.jpg,n02391049_1852.jpg,zebra,zebra,0.9890502691268921
/home/datasets/valid/zebra/n02391049_8015.jpg,n02391049_8015.jpg,zebra,zebra,0.4299810528755188
/home/datasets/valid/zebra/image_22.jpeg,image_22.jpeg,zebra,zebra,0.993222713470459
/home/datasets/valid/zebra/n02391049_164.jpg,n02391049_164.jpg,zebra,zebra,0.9960283041000366
/home/datasets/valid/zebra/n02391049_4474.jpg,n02391049_4474.jpg,zebra,zebra,0.9833394289016724
/home/datasets/valid/zebra/n02391049_985.jpg,n02391049_985.jpg,zebra,zebra,0.9823318123817444
/home/datasets/valid/zebra/n02391049_10824.jpg,n02391049_10824.jpg,zebra,zebra,0.9713048338890076
/home/datasets/valid/zebra/n02391049_1159.jpg,n02391049_1159.jpg,zebra,zebra,0.9981967806816101
/home/datasets/valid/zebra/n02391049_4161.jpg,n02391049_4161.jpg,zebra,zebra,0.9888918995857239
/home/datasets/valid/zebra/n02391049_2061.jpg,n02391049_2061.jpg,zebra,zebra,0.9961153268814087
/home/datasets/valid/zebra/n02391049_3084.jpg,n02391049_3084.jpg,zebra,zebra,0.7141005396842957
/home/datasets/valid/zebra/n02391049_1024.jpg,n02391049_1024.jpg,zebra,zebra,0.9952505826950073
/home/datasets/valid/zebra/image_26.jpeg,image_26.jpeg,zebra,zebra,0.9839816689491272
/home/datasets/valid/zebra/n02391049_2375.jpg,n02391049_2375.jpg,zebra,zebra,0.9964556694030762
/home/datasets/valid/zebra/124.jpg,124.jpg,zebra,zebra,0.9973840117454529
/home/datasets/valid/zebra/n02391049_6993.jpg,n02391049_6993.jpg,zebra,zebra,0.9940756559371948
/home/datasets/valid/zebra/n02391049_5209.jpg,n02391049_5209.jpg,zebra,zebra,0.8984144330024719
/home/datasets/valid/zebra/n02391049_1104.jpg,n02391049_1104.jpg,zebra,zebra,0.9586475491523743
/home/datasets/valid/zebra/n02391049_10269.jpg,n02391049_10269.jpg,zebra,zebra,0.9795503616333008
/home/datasets/valid/zebra/n02391049_6818.jpg,n02391049_6818.jpg,zebra,zebra,0.9969403743743896
/home/datasets/valid/zebra/n02391049_865.jpg,n02391049_865.jpg,zebra,zebra,0.9899483919143677
/home/datasets/valid/zebra/n02391049_2591.jpg,n02391049_2591.jpg,zebra,horse,0.4747793674468994
/home/datasets/valid/zebra/n02391049_2437.jpg,n02391049_2437.jpg,zebra,zebra,0.9641708135604858
/home/datasets/valid/zebra/n02391049_642.jpg,n02391049_642.jpg,zebra,zebra,0.9563196301460266
/home/datasets/valid/zebra/zebra (51).jpg,zebra (51).jpg,zebra,zebra,0.8672983050346375
/home/datasets/valid/zebra/198.jpg,198.jpg,zebra,zebra,0.9695119261741638
/home/datasets/valid/zebra/083.jpg,083.jpg,zebra,deer,0.7262392044067383
/home/datasets/valid/zebra/n02391049_639.jpg,n02391049_639.jpg,zebra,zebra,0.9547944068908691
/home/datasets/valid/zebra/n02391049_3693.jpg,n02391049_3693.jpg,zebra,zebra,0.9674122929573059
/home/datasets/valid/zebra/n02391049_9665.jpg,n02391049_9665.jpg,zebra,zebra,0.9002019762992859
/home/datasets/valid/zebra/n02391049_2588.jpg,n02391049_2588.jpg,zebra,zebra,0.9739862084388733
/home/datasets/valid/zebra/n02391049_2293.jpg,n02391049_2293.jpg,zebra,zebra,0.9990585446357727
/home/datasets/valid/zebra/172.jpg,172.jpg,zebra,zebra,0.8746747970581055
/home/datasets/valid/zebra/n02391049_2771.jpg,n02391049_2771.jpg,zebra,zebra,0.9928867220878601
/home/datasets/valid/zebra/272.jpg,272.jpg,zebra,zebra,0.9265188574790955
/home/datasets/valid/zebra/n02391049_584.jpg,n02391049_584.jpg,zebra,zebra,0.9977996945381165
/home/datasets/valid/zebra/n02391049_2816.jpg,n02391049_2816.jpg,zebra,zebra,0.8997371196746826
/home/datasets/valid/zebra/323.jpg,323.jpg,zebra,zebra,0.9842421412467957
/home/datasets/valid/zebra/133f1c1e4a.jpg,133f1c1e4a.jpg,zebra,zebra,0.8294968008995056
/home/datasets/valid/zebra/n02391049_8178.jpg,n02391049_8178.jpg,zebra,zebra,0.9961077570915222
/home/datasets/valid/zebra/image_127.jpeg,image_127.jpeg,zebra,zebra,0.9112033247947693
/home/datasets/valid/zebra/093.jpg,093.jpg,zebra,zebra,0.9993762373924255
/home/datasets/valid/zebra/n02391049_986.jpg,n02391049_986.jpg,zebra,zebra,0.9507765173912048
/home/datasets/valid/zebra/n02391049_9149.jpg,n02391049_9149.jpg,zebra,zebra,0.980097234249115
/home/datasets/valid/zebra/n02391049_224.jpg,n02391049_224.jpg,zebra,zebra,0.5596020817756653
/home/datasets/valid/zebra/339.jpg,339.jpg,zebra,zebra,0.9327054023742676
/home/datasets/valid/zebra/n02391049_3041.jpg,n02391049_3041.jpg,zebra,zebra,0.9402670860290527
/home/datasets/valid/zebra/n02391049_4528.jpg,n02391049_4528.jpg,zebra,zebra,0.9936793446540833
/home/datasets/valid/zebra/image_96.jpeg,image_96.jpeg,zebra,zebra,0.989173412322998
/home/datasets/valid/zebra/image_160.jpeg,image_160.jpeg,zebra,zebra,0.99843829870224
/home/datasets/valid/zebra/n02391049_2758.jpg,n02391049_2758.jpg,zebra,zebra,0.9909342527389526
/home/datasets/valid/zebra/n02391049_8075.jpg,n02391049_8075.jpg,zebra,deer,0.5622277855873108
/home/datasets/valid/zebra/n02391049_3221.jpg,n02391049_3221.jpg,zebra,zebra,0.9332295060157776
/home/datasets/valid/zebra/19e238a4fc.jpg,19e238a4fc.jpg,zebra,deer,0.6587263941764832
/home/datasets/valid/zebra/n02391049_717.jpg,n02391049_717.jpg,zebra,zebra,0.5171858668327332
/home/datasets/valid/zebra/n02391049_77.jpg,n02391049_77.jpg,zebra,zebra,0.6045535206794739
/home/datasets/valid/zebra/iimage_23 (1).jpeg,iimage_23 (1).jpeg,zebra,zebra,0.9437409043312073
/home/datasets/valid/zebra/n02391049_957.jpg,n02391049_957.jpg,zebra,zebra,0.47680890560150146
/home/datasets/valid/zebra/n02391049_3947.jpg,n02391049_3947.jpg,zebra,zebra,0.9843398332595825
/home/datasets/valid/zebra/image_65.jpeg,image_65.jpeg,zebra,zebra,0.9933265447616577
/home/datasets/valid/zebra/n02391049_7096.jpg,n02391049_7096.jpg,zebra,zebra,0.9993264675140381
/home/datasets/valid/zebra/n02391049_2957.jpg,n02391049_2957.jpg,zebra,zebra,0.9630351066589355
/home/datasets/valid/zebra/153.jpg,153.jpg,zebra,zebra,0.9975308775901794
/home/datasets/valid/zebra/n02391049_2612.jpg,n02391049_2612.jpg,zebra,zebra,0.9919064044952393
/home/datasets/valid/zebra/image_34.jpeg,image_34.jpeg,zebra,zebra,0.9519752860069275
/home/datasets/valid/zebra/n02391049_2766.jpg,n02391049_2766.jpg,zebra,zebra,0.9607121348381042
/home/datasets/valid/zebra/n02391049_2364.jpg,n02391049_2364.jpg,zebra,zebra,0.9670868515968323
/home/datasets/valid/zebra/n02391049_10132.jpg,n02391049_10132.jpg,zebra,zebra,0.9786649346351624
/home/datasets/valid/zebra/100.jpg,100.jpg,zebra,zebra,0.986504077911377
/home/datasets/valid/zebra/n02391049_2826.jpg,n02391049_2826.jpg,zebra,zebra,0.970669150352478
/home/datasets/valid/zebra/n02391049_2057.jpg,n02391049_2057.jpg,zebra,zebra,0.7760508060455322
/home/datasets/valid/zebra/199.jpg,199.jpg,zebra,zebra,0.8009664416313171
/home/datasets/valid/zebra/121.jpg,121.jpg,zebra,zebra,0.9816911816596985
/home/datasets/valid/zebra/n02391049_6561.jpg,n02391049_6561.jpg,zebra,zebra,0.9538118243217468
/home/datasets/valid/zebra/n02391049_10738.jpg,n02391049_10738.jpg,zebra,zebra,0.9925434589385986
/home/datasets/valid/zebra/n02391049_3211.jpg,n02391049_3211.jpg,zebra,zebra,0.9747976064682007
/home/datasets/valid/zebra/n02391049_10027.jpg,n02391049_10027.jpg,zebra,zebra,0.9665038585662842
/home/datasets/valid/zebra/242.jpg,242.jpg,zebra,zebra,0.9916537404060364
/home/datasets/valid/zebra/099.jpg,099.jpg,zebra,zebra,0.9244795441627502
/home/datasets/valid/zebra/026.jpg,026.jpg,zebra,zebra,0.9868053197860718
/home/datasets/valid/zebra/n02391049_2638.jpg,n02391049_2638.jpg,zebra,zebra,0.9978587031364441
/home/datasets/valid/zebra/n02391049_3266.jpg,n02391049_3266.jpg,zebra,zebra,0.9986074566841125
/home/datasets/valid/zebra/n02391049_1112.jpg,n02391049_1112.jpg,zebra,zebra,0.7490537762641907
/home/datasets/valid/zebra/n02391049_2907.jpg,n02391049_2907.jpg,zebra,zebra,0.9966313242912292
/home/datasets/valid/zebra/086.jpg,086.jpg,zebra,zebra,0.9767051339149475
/home/datasets/valid/zebra/n02391049_4329.jpg,n02391049_4329.jpg,zebra,zebra,0.9989665746688843
/home/datasets/valid/zebra/n02391049_10432.jpg,n02391049_10432.jpg,zebra,deer,0.6567343473434448
/home/datasets/valid/zebra/380.jpg,380.jpg,zebra,zebra,0.9946978092193604
/home/datasets/valid/zebra/n02391049_10917.jpg,n02391049_10917.jpg,zebra,zebra,0.9963036775588989
/home/datasets/valid/zebra/n02391049_3165.jpg,n02391049_3165.jpg,zebra,zebra,0.9898900985717773
/home/datasets/valid/zebra/n02391049_2116.jpg,n02391049_2116.jpg,zebra,zebra,0.7736858129501343
/home/datasets/valid/zebra/n02391049_283.jpg,n02391049_283.jpg,zebra,zebra,0.9627467393875122
/home/datasets/valid/zebra/n02391049_3339.jpg,n02391049_3339.jpg,zebra,zebra,0.891738772392273
/home/datasets/valid/zebra/n02391049_3018.jpg,n02391049_3018.jpg,zebra,zebra,0.9907089471817017
/home/datasets/valid/zebra/301.jpg,301.jpg,zebra,zebra,0.9979376792907715
/home/datasets/valid/zebra/n02391049_10244.jpg,n02391049_10244.jpg,zebra,zebra,0.8937605023384094
/home/datasets/valid/zebra/n02391049_6386.jpg,n02391049_6386.jpg,zebra,zebra,0.9820144176483154
/home/datasets/valid/zebra/n02391049_2821.jpg,n02391049_2821.jpg,zebra,zebra,0.998258650302887
/home/datasets/valid/zebra/n02391049_7236.jpg,n02391049_7236.jpg,zebra,zebra,0.9970165491104126
/home/datasets/valid/zebra/image_103.jpeg,image_103.jpeg,zebra,zebra,0.9900597333908081
/home/datasets/valid/zebra/iimage_23 (18).jpeg,iimage_23 (18).jpeg,zebra,zebra,0.9923548698425293
/home/datasets/valid/zebra/zebra (17).jpg,zebra (17).jpg,zebra,zebra,0.9405930638313293
/home/datasets/valid/zebra/n02391049_2974.jpg,n02391049_2974.jpg,zebra,zebra,0.9985628724098206
/home/datasets/valid/zebra/n02391049_1174.jpg,n02391049_1174.jpg,zebra,zebra,0.705294668674469
/home/datasets/valid/zebra/158.jpg,158.jpg,zebra,zebra,0.7475720047950745
/home/datasets/valid/zebra/image_97.jpeg,image_97.jpeg,zebra,zebra,0.9961634874343872
/home/datasets/valid/zebra/367.jpg,367.jpg,zebra,zebra,0.9971498847007751
/home/datasets/valid/zebra/zebra (61).jpg,zebra (61).jpg,zebra,zebra,0.9956955909729004
/home/datasets/valid/zebra/n02391049_2405.jpg,n02391049_2405.jpg,zebra,zebra,0.9159289002418518
/home/datasets/valid/zebra/261.jpg,261.jpg,zebra,zebra,0.9996032118797302
/home/datasets/valid/zebra/222.jpg,222.jpg,zebra,zebra,0.9819674491882324
/home/datasets/valid/zebra/n02391049_2408.jpg,n02391049_2408.jpg,zebra,zebra,0.9874833822250366
/home/datasets/valid/zebra/n02391049_6565.jpg,n02391049_6565.jpg,zebra,zebra,0.985139787197113
/home/datasets/valid/zebra/zebra (4).jpg,zebra (4).jpg,zebra,zebra,0.999219536781311
/home/datasets/valid/zebra/n02391049_925.jpg,n02391049_925.jpg,zebra,zebra,0.9982839226722717
/home/datasets/valid/zebra/n02391049_514.jpg,n02391049_514.jpg,zebra,zebra,0.95161372423172
/home/datasets/valid/zebra/zebra (15).jpg,zebra (15).jpg,zebra,zebra,0.7377303242683411
/home/datasets/valid/zebra/n02391049_3749.jpg,n02391049_3749.jpg,zebra,deer,0.8399503827095032
/home/datasets/valid/zebra/n02391049_3333.jpg,n02391049_3333.jpg,zebra,zebra,0.9887235164642334
/home/datasets/valid/zebra/image_44.jpeg,image_44.jpeg,zebra,zebra,0.8077267408370972
/home/datasets/valid/zebra/image_70.jpeg,image_70.jpeg,zebra,zebra,0.973406970500946
/home/datasets/valid/zebra/n02391049_1053.jpg,n02391049_1053.jpg,zebra,zebra,0.9987431168556213
/home/datasets/valid/zebra/n02391049_10426.jpg,n02391049_10426.jpg,zebra,zebra,0.9043073058128357
/home/datasets/valid/zebra/n02391049_699.jpg,n02391049_699.jpg,zebra,zebra,0.8641291260719299
/home/datasets/valid/zebra/n02391049_4879.jpg,n02391049_4879.jpg,zebra,zebra,0.9980102181434631
/home/datasets/valid/zebra/041.jpg,041.jpg,zebra,zebra,0.9738876819610596
/home/datasets/valid/zebra/n02391049_9762.jpg,n02391049_9762.jpg,zebra,zebra,0.6376413702964783
/home/datasets/valid/zebra/n02391049_2596.jpg,n02391049_2596.jpg,zebra,zebra,0.8297557234764099
/home/datasets/valid/zebra/n02391049_1712.jpg,n02391049_1712.jpg,zebra,zebra,0.9047471284866333
/home/datasets/valid/zebra/n02391049_1076.jpg,n02391049_1076.jpg,zebra,zebra,0.9986010193824768
/home/datasets/valid/zebra/n02391049_2379.jpg,n02391049_2379.jpg,zebra,zebra,0.9965755343437195
/home/datasets/valid/zebra/872a4e6a25.jpg,872a4e6a25.jpg,zebra,zebra,0.9963037967681885
/home/datasets/valid/zebra/image_145.jpeg,image_145.jpeg,zebra,zebra,0.9989714622497559
/home/datasets/valid/zebra/183.jpg,183.jpg,zebra,zebra,0.9979840517044067
/home/datasets/valid/zebra/n02391049_675.jpg,n02391049_675.jpg,zebra,zebra,0.9938749670982361
/home/datasets/valid/zebra/n02391049_3415.jpg,n02391049_3415.jpg,zebra,zebra,0.9948650002479553
/home/datasets/valid/zebra/n02391049_8028.jpg,n02391049_8028.jpg,zebra,zebra,0.9979580640792847
/home/datasets/valid/zebra/n02391049_487.jpg,n02391049_487.jpg,zebra,zebra,0.8537697792053223
/home/datasets/valid/zebra/294.jpg,294.jpg,zebra,zebra,0.5487310886383057
/home/datasets/valid/zebra/image_20.jpeg,image_20.jpeg,zebra,zebra,0.9695999026298523
/home/datasets/valid/zebra/145.jpg,145.jpg,zebra,zebra,0.9943789839744568
/home/datasets/valid/zebra/223.jpg,223.jpg,zebra,zebra,0.9971883893013
/home/datasets/valid/zebra/image_99.jpeg,image_99.jpeg,zebra,zebra,0.9802128672599792
/home/datasets/valid/zebra/n02391049_5633.jpg,n02391049_5633.jpg,zebra,zebra,0.9806406497955322
/home/datasets/valid/zebra/155.jpg,155.jpg,zebra,deer,0.5724394917488098
/home/datasets/valid/zebra/053.jpg,053.jpg,zebra,zebra,0.9902994632720947
/home/datasets/valid/zebra/n02391049_2217.jpg,n02391049_2217.jpg,zebra,zebra,0.8926037549972534
/home/datasets/valid/zebra/n02391049_9441.jpg,n02391049_9441.jpg,zebra,zebra,0.9672213196754456
/home/datasets/valid/zebra/image_43.jpeg,image_43.jpeg,zebra,zebra,0.9971101880073547
/home/datasets/valid/zebra/0c3b8c44ab.jpg,0c3b8c44ab.jpg,zebra,zebra,0.9962610602378845
/home/datasets/valid/zebra/n02391049_8593.jpg,n02391049_8593.jpg,zebra,zebra,0.9895723462104797
/home/datasets/valid/zebra/n02391049_9497.jpg,n02391049_9497.jpg,zebra,zebra,0.9429308772087097
/home/datasets/valid/zebra/image_186.jpeg,image_186.jpeg,zebra,deer,0.5786020755767822
/home/datasets/valid/zebra/n02391049_601.jpg,n02391049_601.jpg,zebra,zebra,0.9657770395278931
/home/datasets/valid/zebra/iimage_23 (30).jpeg,iimage_23 (30).jpeg,zebra,zebra,0.9923215508460999
/home/datasets/valid/zebra/n02391049_6664.jpg,n02391049_6664.jpg,zebra,zebra,0.7270206212997437
/home/datasets/valid/zebra/zebra (18).jpg,zebra (18).jpg,zebra,zebra,0.9405930638313293
/home/datasets/valid/zebra/350.jpg,350.jpg,zebra,zebra,0.5941146612167358
/home/datasets/valid/zebra/n02391049_2372.jpg,n02391049_2372.jpg,zebra,horse,0.5938596129417419
/home/datasets/valid/zebra/n02391049_2831.jpg,n02391049_2831.jpg,zebra,deer,0.5795151591300964
/home/datasets/valid/zebra/n02391049_4496.jpg,n02391049_4496.jpg,zebra,zebra,0.8490997552871704
/home/datasets/valid/horse/02_051.png,02_051.png,horse,horse,0.7767013907432556
/home/datasets/valid/horse/06_076.png,06_076.png,horse,deer,0.5547001957893372
/home/datasets/valid/horse/02_043.png,02_043.png,horse,horse,0.5106903314590454
/home/datasets/valid/horse/horse25-4.png,horse25-4.png,horse,horse,0.991617739200592
/home/datasets/valid/horse/horse39-2.png,horse39-2.png,horse,horse,0.963794469833374
/home/datasets/valid/horse/horse38-9.png,horse38-9.png,horse,horse,0.9682692289352417
/home/datasets/valid/horse/horse30-7.png,horse30-7.png,horse,horse,0.9676507711410522
/home/datasets/valid/horse/07_068.png,07_068.png,horse,horse,0.9948031306266785
/home/datasets/valid/horse/07_081.png,07_081.png,horse,horse,0.979201078414917
/home/datasets/valid/horse/horse07-1.png,horse07-1.png,horse,horse,0.9717710018157959
/home/datasets/valid/horse/horse50-6.png,horse50-6.png,horse,horse,0.731877326965332
/home/datasets/valid/horse/06_023.png,06_023.png,horse,horse,0.9215825796127319
/home/datasets/valid/horse/05_016.png,05_016.png,horse,horse,0.9464942216873169
/home/datasets/valid/horse/07_031.png,07_031.png,horse,horse,0.8719592094421387
/home/datasets/valid/horse/03_014.png,03_014.png,horse,deer,0.5702800750732422
/home/datasets/valid/horse/horse46-3.png,horse46-3.png,horse,horse,0.9810623526573181
/home/datasets/valid/horse/07_090.png,07_090.png,horse,horse,0.9831183552742004
/home/datasets/valid/horse/03_024.png,03_024.png,horse,horse,0.9774860143661499
/home/datasets/valid/horse/horse08-0.png,horse08-0.png,horse,horse,0.9567075371742249
/home/datasets/valid/horse/07_080.png,07_080.png,horse,horse,0.599649965763092
/home/datasets/valid/horse/horse16-7.png,horse16-7.png,horse,horse,0.9683443307876587
/home/datasets/valid/horse/horse19-6.png,horse19-6.png,horse,horse,0.9625586271286011
/home/datasets/valid/horse/01_090.png,01_090.png,horse,horse,0.909795343875885
/home/datasets/valid/horse/0428fff264.jpg,0428fff264.jpg,horse,horse,0.4672541320323944
/home/datasets/valid/horse/5d8185d3ef.jpg,5d8185d3ef.jpg,horse,deer,0.6272364854812622
/home/datasets/valid/horse/02_011.png,02_011.png,horse,horse,0.8959469795227051
/home/datasets/valid/horse/horse39-5.png,horse39-5.png,horse,horse,0.8186450004577637
/home/datasets/valid/horse/07_058.png,07_058.png,horse,horse,0.9050990343093872
/home/datasets/valid/horse/horse31-0.png,horse31-0.png,horse,horse,0.8996397256851196
/home/datasets/valid/horse/horse47-6.png,horse47-6.png,horse,horse,0.7815254330635071
/home/datasets/valid/horse/03_070.png,03_070.png,horse,horse,0.9104419350624084
/home/datasets/valid/horse/06_093.png,06_093.png,horse,horse,0.6649535298347473
/home/datasets/valid/horse/horse28-0.png,horse28-0.png,horse,horse,0.8364811539649963
/home/datasets/valid/horse/horse11-1.png,horse11-1.png,horse,horse,0.7524881958961487
/home/datasets/valid/horse/05_049.png,05_049.png,horse,horse,0.97882479429245
/home/datasets/valid/horse/horse23-8.png,horse23-8.png,horse,horse,0.9683033227920532
/home/datasets/valid/horse/01_041.png,01_041.png,horse,horse,0.832666277885437
/home/datasets/valid/horse/07_038.png,07_038.png,horse,horse,0.9451563954353333
/home/datasets/valid/horse/horse27-8.png,horse27-8.png,horse,horse,0.9281578660011292
/home/datasets/valid/horse/horse30-1.png,horse30-1.png,horse,horse,0.9261699318885803
/home/datasets/valid/horse/04_031.png,04_031.png,horse,horse,0.8565443158149719
/home/datasets/valid/horse/03_103.png,03_103.png,horse,horse,0.9951186180114746
/home/datasets/valid/horse/horse16-2.png,horse16-2.png,horse,horse,0.9602547883987427
/home/datasets/valid/horse/horse17-0.png,horse17-0.png,horse,horse,0.953619122505188
/home/datasets/valid/horse/horse50-7.png,horse50-7.png,horse,horse,0.5626776218414307
/home/datasets/valid/horse/horse28-6.png,horse28-6.png,horse,horse,0.9330264925956726
/home/datasets/valid/horse/horse11-6.png,horse11-6.png,horse,horse,0.9611020088195801
/home/datasets/valid/horse/02_017.png,02_017.png,horse,deer,0.691299319267273
/home/datasets/valid/horse/horse36-8.png,horse36-8.png,horse,horse,0.7490549683570862
/home/datasets/valid/horse/06_070.png,06_070.png,horse,horse,0.9862111210823059
/home/datasets/valid/horse/03_037.png,03_037.png,horse,horse,0.6419973373413086
/home/datasets/valid/horse/horse49-9.png,horse49-9.png,horse,horse,0.9459842443466187
/home/datasets/valid/horse/horse50-1.png,horse50-1.png,horse,horse,0.7504693269729614
/home/datasets/valid/horse/03_099.png,03_099.png,horse,horse,0.9949348568916321
/home/datasets/valid/horse/horse50-5.png,horse50-5.png,horse,horse,0.9376522898674011
/home/datasets/valid/horse/06_084.png,06_084.png,horse,horse,0.9362212419509888
/home/datasets/valid/horse/horse10-1.png,horse10-1.png,horse,horse,0.9454776644706726
/home/datasets/valid/horse/01_123.png,01_123.png,horse,horse,0.9890505075454712
/home/datasets/valid/horse/07_001.png,07_001.png,horse,horse,0.5591921210289001
/home/datasets/valid/horse/horse44-5.png,horse44-5.png,horse,horse,0.8505011796951294
/home/datasets/valid/horse/01_051.png,01_051.png,horse,horse,0.7306305766105652
/home/datasets/valid/horse/07_098.png,07_098.png,horse,horse,0.9954279661178589
/home/datasets/valid/horse/06_119.png,06_119.png,horse,horse,0.967094898223877
/home/datasets/valid/horse/horse35-9.png,horse35-9.png,horse,horse,0.9766140580177307
/home/datasets/valid/horse/02_016.png,02_016.png,horse,horse,0.8019735217094421
/home/datasets/valid/horse/07_002.png,07_002.png,horse,horse,0.7050501704216003
/home/datasets/valid/horse/06_082.png,06_082.png,horse,horse,0.6207115054130554
/home/datasets/valid/horse/07_049.png,07_049.png,horse,horse,0.8822249174118042
/home/datasets/valid/horse/horse33-9.png,horse33-9.png,horse,horse,0.9748353362083435
/home/datasets/valid/horse/horse44-4.png,horse44-4.png,horse,horse,0.9727734923362732
/home/datasets/valid/horse/06_117.png,06_117.png,horse,horse,0.9728005528450012
/home/datasets/valid/horse/01_093.png,01_093.png,horse,horse,0.7185170650482178
/home/datasets/valid/horse/horse16-8.png,horse16-8.png,horse,horse,0.8607760667800903
/home/datasets/valid/horse/horse22-0.png,horse22-0.png,horse,horse,0.9916592240333557
/home/datasets/valid/horse/horse04-5.png,horse04-5.png,horse,horse,0.9840192794799805
/home/datasets/valid/horse/02_015.png,02_015.png,horse,horse,0.5266571640968323
/home/datasets/valid/horse/horse36-3.png,horse36-3.png,horse,horse,0.9837533235549927
/home/datasets/valid/horse/01_083.png,01_083.png,horse,horse,0.9634576439857483
/home/datasets/valid/horse/5b4a686fdc.jpg,5b4a686fdc.jpg,horse,horse,0.6434940695762634
/home/datasets/valid/horse/horse20-4.png,horse20-4.png,horse,horse,0.9880115985870361
/home/datasets/valid/horse/horse43-4.png,horse43-4.png,horse,horse,0.43626219034194946
/home/datasets/valid/horse/07_075.png,07_075.png,horse,horse,0.8205793499946594
/home/datasets/valid/horse/horse42-9.png,horse42-9.png,horse,horse,0.9755159616470337
/home/datasets/valid/horse/horse03-5.png,horse03-5.png,horse,horse,0.9859865307807922
/home/datasets/valid/horse/horse10-4.png,horse10-4.png,horse,horse,0.826167643070221
/home/datasets/valid/horse/horse48-1.png,horse48-1.png,horse,horse,0.8903766870498657
/home/datasets/valid/horse/06_087.png,06_087.png,horse,horse,0.7631100416183472
/home/datasets/valid/horse/04_020.png,04_020.png,horse,horse,0.9394584894180298
/home/datasets/valid/horse/06_100.png,06_100.png,horse,horse,0.9400033950805664
/home/datasets/valid/horse/horse27-4.png,horse27-4.png,horse,horse,0.9885485172271729
/home/datasets/valid/horse/horse46-7.png,horse46-7.png,horse,horse,0.9084208607673645
/home/datasets/valid/horse/horse41-0.png,horse41-0.png,horse,horse,0.9714701771736145
/home/datasets/valid/horse/horse15-9.png,horse15-9.png,horse,horse,0.9260544776916504
/home/datasets/valid/horse/horse09-0.png,horse09-0.png,horse,horse,0.9891364574432373
/home/datasets/valid/horse/horse06-9.png,horse06-9.png,horse,horse,0.9734321236610413
/home/datasets/valid/horse/02_082.png,02_082.png,horse,horse,0.5515866279602051
/home/datasets/valid/horse/05_048.png,05_048.png,horse,horse,0.8211807012557983
/home/datasets/valid/horse/02_066.png,02_066.png,horse,horse,0.9557802677154541
/home/datasets/valid/horse/02_067.png,02_067.png,horse,horse,0.8544463515281677
/home/datasets/valid/horse/horse13-9.png,horse13-9.png,horse,horse,0.9930686950683594
/home/datasets/valid/horse/05_042.png,05_042.png,horse,horse,0.9982302784919739
/home/datasets/valid/horse/03_079.png,03_079.png,horse,horse,0.8956143856048584
/home/datasets/valid/horse/01_017.png,01_017.png,horse,horse,0.9805243015289307
/home/datasets/valid/horse/03_100.png,03_100.png,horse,horse,0.6430195569992065
/home/datasets/valid/horse/horse44-8.png,horse44-8.png,horse,horse,0.8990233540534973
/home/datasets/valid/horse/01_054.png,01_054.png,horse,horse,0.5894675254821777
/home/datasets/valid/horse/horse28-1.png,horse28-1.png,horse,horse,0.9570682048797607
/home/datasets/valid/horse/03_021.png,03_021.png,horse,horse,0.789578378200531
/home/datasets/valid/horse/05_001.png,05_001.png,horse,horse,0.9945144653320312
/home/datasets/valid/horse/01_110.png,01_110.png,horse,horse,0.9772696495056152
/home/datasets/valid/horse/9c3b0ff68e.jpg,9c3b0ff68e.jpg,horse,horse,0.9320241808891296
/home/datasets/valid/horse/horse21-5.png,horse21-5.png,horse,horse,0.9473748207092285
/home/datasets/valid/horse/horse31-6.png,horse31-6.png,horse,horse,0.7020605206489563
/home/datasets/valid/horse/03_073.png,03_073.png,horse,horse,0.9091944694519043
/home/datasets/valid/horse/03_034.png,03_034.png,horse,horse,0.9543463587760925
/home/datasets/valid/horse/horse02-9.png,horse02-9.png,horse,horse,0.7984251379966736
/home/datasets/valid/horse/02_084.png,02_084.png,horse,horse,0.9500476121902466
/home/datasets/valid/horse/horse44-9.png,horse44-9.png,horse,horse,0.9685338139533997
/home/datasets/valid/horse/horse09-2.png,horse09-2.png,horse,horse,0.953885018825531
/home/datasets/valid/horse/03_049.png,03_049.png,horse,horse,0.8074749708175659
/home/datasets/valid/horse/horse18-1.png,horse18-1.png,horse,horse,0.9975683093070984
/home/datasets/valid/horse/horse09-1.png,horse09-1.png,horse,horse,0.9101765155792236
/home/datasets/valid/horse/02_076.png,02_076.png,horse,deer,0.7837510108947754
/home/datasets/valid/horse/horse45-2.png,horse45-2.png,horse,horse,0.9769535660743713
/home/datasets/valid/horse/horse48-9.png,horse48-9.png,horse,horse,0.9848286509513855
/home/datasets/valid/horse/horse22-4.png,horse22-4.png,horse,horse,0.9858136773109436
/home/datasets/valid/horse/05_055.png,05_055.png,horse,horse,0.6608731150627136
/home/datasets/valid/horse/04_005.png,04_005.png,horse,horse,0.9819118976593018
/home/datasets/valid/horse/06_094.png,06_094.png,horse,horse,0.9848576784133911
/home/datasets/valid/horse/horse23-3.png,horse23-3.png,horse,horse,0.6824208498001099
/home/datasets/valid/horse/horse35-7.png,horse35-7.png,horse,horse,0.9669091701507568
/home/datasets/valid/horse/07_072.png,07_072.png,horse,zebra,0.49972692131996155
/home/datasets/valid/horse/horse34-1.png,horse34-1.png,horse,horse,0.9751234650611877
/home/datasets/valid/horse/01_121.png,01_121.png,horse,deer,0.8792011737823486
/home/datasets/valid/horse/03_015.png,03_015.png,horse,horse,0.9801281094551086
/home/datasets/valid/horse/07_102.png,07_102.png,horse,horse,0.9821435809135437
/home/datasets/valid/horse/03_028.png,03_028.png,horse,horse,0.8850057721138
/home/datasets/valid/horse/horse14-7.png,horse14-7.png,horse,horse,0.9293565154075623
/home/datasets/valid/horse/horse22-8.png,horse22-8.png,horse,horse,0.8049617409706116
/home/datasets/valid/horse/07_077.png,07_077.png,horse,horse,0.9695340991020203
/home/datasets/valid/horse/01_021.png,01_021.png,horse,horse,0.9285542964935303
/home/datasets/valid/horse/horse31-9.png,horse31-9.png,horse,horse,0.9489752650260925
/home/datasets/valid/horse/06_085.png,06_085.png,horse,deer,0.7083687782287598
/home/datasets/valid/horse/41f3fc188d.jpg,41f3fc188d.jpg,horse,horse,0.6102516055107117
/home/datasets/valid/horse/horse36-4.png,horse36-4.png,horse,horse,0.9796874523162842
/home/datasets/valid/horse/01_031.png,01_031.png,horse,horse,0.8694749474525452
/home/datasets/valid/horse/07_092.png,07_092.png,horse,horse,0.8655217885971069
/home/datasets/valid/horse/horse11-7.png,horse11-7.png,horse,horse,0.5127873420715332
/home/datasets/valid/horse/02_001.png,02_001.png,horse,deer,0.769187331199646
/home/datasets/valid/horse/horse15-4.png,horse15-4.png,horse,horse,0.9409083127975464
/home/datasets/valid/horse/06_014.png,06_014.png,horse,horse,0.8547543883323669
/home/datasets/valid/horse/07_010.png,07_010.png,horse,horse,0.9709774255752563
/home/datasets/valid/horse/horse21-1.png,horse21-1.png,horse,horse,0.9628603458404541
/home/datasets/valid/horse/03_002.png,03_002.png,horse,horse,0.7894642353057861
/home/datasets/valid/horse/01_105.png,01_105.png,horse,horse,0.9527209401130676
/home/datasets/valid/horse/05_043.png,05_043.png,horse,horse,0.9933833479881287
/home/datasets/valid/horse/9a4e3fd565.jpg,9a4e3fd565.jpg,horse,deer,0.7063653469085693
/home/datasets/valid/horse/horse12-3.png,horse12-3.png,horse,horse,0.9238107204437256
/home/datasets/valid/horse/06_052.png,06_052.png,horse,horse,0.8683763146400452
/home/datasets/valid/horse/horse22-7.png,horse22-7.png,horse,horse,0.989352822303772
/home/datasets/valid/horse/02_005.png,02_005.png,horse,horse,0.747310996055603
/home/datasets/valid/horse/9baac95cd3.jpg,9baac95cd3.jpg,horse,deer,0.45190590620040894
/home/datasets/valid/horse/06_114.png,06_114.png,horse,horse,0.8740112781524658
/home/datasets/valid/horse/06_091.png,06_091.png,horse,horse,0.9391361474990845
/home/datasets/valid/horse/03_003.png,03_003.png,horse,horse,0.9485486745834351
/home/datasets/valid/horse/04_027.png,04_027.png,horse,horse,0.9278841614723206
/home/datasets/valid/horse/05_004.png,05_004.png,horse,horse,0.9506998062133789
/home/datasets/valid/horse/horse05-8.png,horse05-8.png,horse,horse,0.9880202412605286
/home/datasets/valid/horse/06_027.png,06_027.png,horse,horse,0.9756307601928711
/home/datasets/valid/horse/03_017.png,03_017.png,horse,horse,0.9284960627555847
/home/datasets/valid/horse/03_071.png,03_071.png,horse,horse,0.9421032667160034
/home/datasets/valid/horse/horse21-7.png,horse21-7.png,horse,horse,0.9876194000244141
/home/datasets/valid/horse/horse14-8.png,horse14-8.png,horse,horse,0.935053825378418
/home/datasets/valid/horse/07_019.png,07_019.png,horse,horse,0.9606600999832153
/home/datasets/valid/horse/02_060.png,02_060.png,horse,horse,0.7572859525680542
/home/datasets/valid/horse/06_069.png,06_069.png,horse,horse,0.9833690524101257
/home/datasets/valid/horse/07_088.png,07_088.png,horse,horse,0.941547691822052
/home/datasets/valid/horse/06_101.png,06_101.png,horse,horse,0.9219754338264465
/home/datasets/valid/horse/horse05-1.png,horse05-1.png,horse,horse,0.9948487281799316
/home/datasets/valid/horse/horse31-8.png,horse31-8.png,horse,horse,0.97210693359375
/home/datasets/valid/horse/01_082.png,01_082.png,horse,horse,0.9791750311851501
/home/datasets/valid/horse/horse41-4.png,horse41-4.png,horse,horse,0.8484182357788086
/home/datasets/valid/horse/03_095.png,03_095.png,horse,horse,0.8804439902305603
/home/datasets/valid/horse/06_059.png,06_059.png,horse,horse,0.9605861902236938
/home/datasets/valid/horse/01_048.png,01_048.png,horse,horse,0.9463176131248474
/home/datasets/valid/horse/03_052.png,03_052.png,horse,horse,0.9385156035423279
/home/datasets/valid/horse/horse50-9.png,horse50-9.png,horse,horse,0.9256553649902344
/home/datasets/valid/horse/07_029.png,07_029.png,horse,horse,0.9921185970306396
/home/datasets/valid/horse/02_003.png,02_003.png,horse,horse,0.625016450881958
/home/datasets/valid/horse/horse48-0.png,horse48-0.png,horse,horse,0.8564145565032959
/home/datasets/valid/horse/01_015.png,01_015.png,horse,horse,0.9828413724899292
/home/datasets/valid/horse/01_013.png,01_013.png,horse,horse,0.9579284191131592
/home/datasets/valid/horse/horse08-5.png,horse08-5.png,horse,deer,0.535444974899292
/home/datasets/valid/horse/01_119.png,01_119.png,horse,horse,0.9914025664329529
/home/datasets/valid/horse/01_045.png,01_045.png,horse,horse,0.9214984774589539
/home/datasets/valid/horse/03_105.png,03_105.png,horse,horse,0.9611181020736694
/home/datasets/valid/horse/06_108.png,06_108.png,horse,horse,0.9593284726142883
/home/datasets/valid/horse/06_024.png,06_024.png,horse,deer,0.6109511256217957
/home/datasets/valid/horse/horse22-1.png,horse22-1.png,horse,horse,0.9720190763473511
/home/datasets/valid/horse/horse38-5.png,horse38-5.png,horse,horse,0.7793707847595215
/home/datasets/valid/horse/01_039.png,01_039.png,horse,horse,0.9447537064552307
/home/datasets/valid/horse/7adafe8448.jpg,7adafe8448.jpg,horse,horse,0.6594011783599854
/home/datasets/valid/horse/02_014.png,02_014.png,horse,horse,0.7640985250473022
/home/datasets/valid/horse/02_050.png,02_050.png,horse,horse,0.6846096515655518
/home/datasets/valid/horse/01_040.png,01_040.png,horse,horse,0.9785940647125244
/home/datasets/valid/horse/517fe194b9.jpg,517fe194b9.jpg,horse,horse,0.6000245809555054
/home/datasets/valid/horse/06_055.png,06_055.png,horse,horse,0.9123532176017761
/home/datasets/valid/horse/06_022.png,06_022.png,horse,horse,0.8235805034637451
/home/datasets/valid/horse/horse21-2.png,horse21-2.png,horse,horse,0.9710545539855957
/home/datasets/valid/horse/horse16-5.png,horse16-5.png,horse,horse,0.9399767518043518
/home/datasets/valid/horse/horse46-8.png,horse46-8.png,horse,horse,0.9198440313339233
/home/datasets/valid/horse/03_098.png,03_098.png,horse,horse,0.9984380602836609
/home/datasets/valid/horse/06_011.png,06_011.png,horse,horse,0.8805966973304749
/home/datasets/valid/horse/horse43-8.png,horse43-8.png,horse,horse,0.9453221559524536
/home/datasets/valid/horse/01_099.png,01_099.png,horse,horse,0.9653323888778687
/home/datasets/valid/horse/02_078.png,02_078.png,horse,horse,0.8406034708023071
/home/datasets/valid/horse/horse40-1.png,horse40-1.png,horse,horse,0.9759505391120911
/home/datasets/valid/horse/01_108.png,01_108.png,horse,horse,0.9801805019378662
/home/datasets/valid/horse/02_097.png,02_097.png,horse,horse,0.948006272315979
/home/datasets/valid/horse/831b98d254.jpg,831b98d254.jpg,horse,deer,0.8287578821182251
/home/datasets/valid/horse/horse44-1.png,horse44-1.png,horse,horse,0.9114291667938232
/home/datasets/valid/horse/01_067.png,01_067.png,horse,horse,0.9937028288841248
/home/datasets/valid/horse/horse16-9.png,horse16-9.png,horse,horse,0.815840482711792
/home/datasets/valid/horse/horse23-4.png,horse23-4.png,horse,horse,0.9765472412109375
/home/datasets/valid/horse/01_097.png,01_097.png,horse,horse,0.9034811854362488
/home/datasets/valid/horse/horse43-7.png,horse43-7.png,horse,horse,0.9361078143119812
/home/datasets/valid/horse/horse35-4.png,horse35-4.png,horse,horse,0.9617931842803955
/home/datasets/valid/horse/01_024.png,01_024.png,horse,horse,0.9382495880126953
/home/datasets/valid/horse/8c10e7ab82.jpg,8c10e7ab82.jpg,horse,horse,0.5104374289512634
/home/datasets/valid/horse/horse25-2.png,horse25-2.png,horse,horse,0.9894059300422668
/home/datasets/valid/horse/07_023.png,07_023.png,horse,horse,0.924631655216217
/home/datasets/valid/horse/03_035.png,03_035.png,horse,deer,0.8061663508415222
/home/datasets/valid/horse/horse17-5.png,horse17-5.png,horse,horse,0.9471766948699951
/home/datasets/valid/horse/horse07-0.png,horse07-0.png,horse,horse,0.9502257108688354
/home/datasets/valid/horse/horse01-2.png,horse01-2.png,horse,horse,0.8413037657737732
/home/datasets/valid/horse/06_043.png,06_043.png,horse,horse,0.8591848015785217
/home/datasets/valid/horse/07_007.png,07_007.png,horse,horse,0.9026598930358887
/home/datasets/valid/horse/horse40-4.png,horse40-4.png,horse,horse,0.6899292469024658
/home/datasets/valid/horse/04_025.png,04_025.png,horse,horse,0.984098494052887
/home/datasets/valid/horse/horse33-7.png,horse33-7.png,horse,horse,0.972419261932373
/home/datasets/valid/horse/horse13-5.png,horse13-5.png,horse,horse,0.9274794459342957
/home/datasets/valid/horse/04_012.png,04_012.png,horse,horse,0.752526044845581
/home/datasets/valid/horse/horse31-2.png,horse31-2.png,horse,horse,0.9527480006217957
/home/datasets/valid/horse/05_047.png,05_047.png,horse,horse,0.6433643698692322
/home/datasets/valid/horse/horse40-6.png,horse40-6.png,horse,horse,0.7720990777015686
/home/datasets/valid/horse/horse23-2.png,horse23-2.png,horse,horse,0.9719869494438171
/home/datasets/valid/deer/i-2022-04-05T154425-201_jpg.rf.f6eface2f3d917d9442f24b1e6ee1d0d.jpg,i-2022-04-05T154425-201_jpg.rf.f6eface2f3d917d9442f24b1e6ee1d0d.jpg,deer,deer,0.8289753794670105
/home/datasets/valid/deer/90ba01432c.jpg,90ba01432c.jpg,deer,deer,0.8312370181083679
/home/datasets/valid/deer/image_69.jpg,image_69.jpg,deer,deer,0.8953519463539124
/home/datasets/valid/deer/i-2022-04-05T152555-320_jpg.rf.708cc03daf0fbc2d55bb97a7691c8de1.jpg,i-2022-04-05T152555-320_jpg.rf.708cc03daf0fbc2d55bb97a7691c8de1.jpg,deer,deer,0.9647568464279175
/home/datasets/valid/deer/0ae84f6f7f.jpg,0ae84f6f7f.jpg,deer,deer,0.6635153293609619
/home/datasets/valid/deer/i-2022-04-05T172612-591_jpg.rf.4c9040a14fc6872eccd2563552cbb42b.jpg,i-2022-04-05T172612-591_jpg.rf.4c9040a14fc6872eccd2563552cbb42b.jpg,deer,deer,0.5671717524528503
/home/datasets/valid/deer/06f3ac2cd6.jpg,06f3ac2cd6.jpg,deer,deer,0.6927432417869568
/home/datasets/valid/deer/c2575fa57e.jpg,c2575fa57e.jpg,deer,horse,0.5090652704238892
/home/datasets/valid/deer/df14f85bd4.jpg,df14f85bd4.jpg,deer,deer,0.7108271718025208
/home/datasets/valid/deer/83f21bad50.jpg,83f21bad50.jpg,deer,deer,0.6343050003051758
/home/datasets/valid/deer/1fde67f6c4.jpg,1fde67f6c4.jpg,deer,deer,0.8142720460891724
/home/datasets/valid/deer/i-2022-03-21T182610-599_jpg.rf.484b24bdc82e74643b45462fcf59fabd.jpg,i-2022-03-21T182610-599_jpg.rf.484b24bdc82e74643b45462fcf59fabd.jpg,deer,deer,0.9318228960037231
/home/datasets/valid/deer/e65993dffc.jpg,e65993dffc.jpg,deer,deer,0.8704175353050232
/home/datasets/valid/deer/00993ccf39.jpg,00993ccf39.jpg,deer,deer,0.9571202993392944
/home/datasets/valid/deer/491c404fa8.jpg,491c404fa8.jpg,deer,deer,0.6708796620368958
/home/datasets/valid/deer/37a905ebc1.jpg,37a905ebc1.jpg,deer,deer,0.9376327395439148
/home/datasets/valid/deer/62791f3e34.jpg,62791f3e34.jpg,deer,deer,0.9104127883911133
/home/datasets/valid/deer/image_51.jpg,image_51.jpg,deer,deer,0.9823655486106873
/home/datasets/valid/deer/6b6fdb8b97.jpg,6b6fdb8b97.jpg,deer,deer,0.5782238245010376
/home/datasets/valid/deer/c8eee0732f.jpg,c8eee0732f.jpg,deer,deer,0.8434357643127441
/home/datasets/valid/deer/e24e2855f7.jpg,e24e2855f7.jpg,deer,deer,0.9558972120285034
/home/datasets/valid/deer/a8be34dbd0.jpg,a8be34dbd0.jpg,deer,deer,0.9627829790115356
/home/datasets/valid/deer/9364d23e1b.jpg,9364d23e1b.jpg,deer,deer,0.9093273282051086
/home/datasets/valid/deer/60f2e66c04.jpg,60f2e66c04.jpg,deer,deer,0.9813669323921204
/home/datasets/valid/deer/14c840f203.jpg,14c840f203.jpg,deer,deer,0.48833388090133667
/home/datasets/valid/deer/b6c78ef04c.jpg,b6c78ef04c.jpg,deer,deer,0.9052118062973022
/home/datasets/valid/deer/703e19c222.jpg,703e19c222.jpg,deer,deer,0.946299135684967
/home/datasets/valid/deer/173809911c.jpg,173809911c.jpg,deer,deer,0.5256046652793884
/home/datasets/valid/deer/0904a4f9db.jpg,0904a4f9db.jpg,deer,deer,0.9774142503738403
/home/datasets/valid/deer/32be6ee1f0.jpg,32be6ee1f0.jpg,deer,deer,0.935226321220398
/home/datasets/valid/deer/7dd8a4c612.jpg,7dd8a4c612.jpg,deer,deer,0.9805498719215393
/home/datasets/valid/deer/1ce429c41d.jpg,1ce429c41d.jpg,deer,deer,0.9184468984603882
/home/datasets/valid/deer/1e908d9363.jpg,1e908d9363.jpg,deer,deer,0.6640135049819946
/home/datasets/valid/deer/2a135bc00b.jpg,2a135bc00b.jpg,deer,deer,0.9679434299468994
/home/datasets/valid/deer/28317688c5.jpg,28317688c5.jpg,deer,horse,0.5640003085136414
/home/datasets/valid/deer/dbd0301d17.jpg,dbd0301d17.jpg,deer,horse,0.4859454333782196
/home/datasets/valid/deer/i-2022-04-05T145129-611_jpg.rf.87c16863c93f253a876890e8a4cb1919.jpg,i-2022-04-05T145129-611_jpg.rf.87c16863c93f253a876890e8a4cb1919.jpg,deer,deer,0.9213643670082092
/home/datasets/valid/deer/7f33246830.jpg,7f33246830.jpg,deer,horse,0.47212815284729004
/home/datasets/valid/deer/5928770098_a807761734_b.jpg,5928770098_a807761734_b.jpg,deer,deer,0.9624729156494141
/home/datasets/valid/deer/8951f7548e.jpg,8951f7548e.jpg,deer,deer,0.5923947691917419
/home/datasets/valid/deer/fd90334e3b.jpg,fd90334e3b.jpg,deer,deer,0.809333086013794
/home/datasets/valid/deer/image_31.jpg,image_31.jpg,deer,deer,0.9480812549591064
/home/datasets/valid/deer/fbd8d25122.jpg,fbd8d25122.jpg,deer,deer,0.8975614309310913
/home/datasets/valid/deer/cb47ccac33.jpg,cb47ccac33.jpg,deer,deer,0.5861537456512451
/home/datasets/valid/deer/5a916f6a5d.jpg,5a916f6a5d.jpg,deer,deer,0.9114067554473877
/home/datasets/valid/deer/36174d48d1.jpg,36174d48d1.jpg,deer,deer,0.8957237601280212
/home/datasets/valid/deer/a6837ee3ca.jpg,a6837ee3ca.jpg,deer,deer,0.8498752117156982
/home/datasets/valid/deer/979647c116.jpg,979647c116.jpg,deer,deer,0.8553857207298279
/home/datasets/valid/deer/98308d90b0.jpg,98308d90b0.jpg,deer,deer,0.9000398516654968
/home/datasets/valid/deer/image_66.jpg,image_66.jpg,deer,deer,0.9885886907577515
/home/datasets/valid/deer/chital.jpg,chital.jpg,deer,deer,0.5289165377616882
/home/datasets/valid/deer/34ce1d5b23.jpg,34ce1d5b23.jpg,deer,deer,0.7177397012710571
/home/datasets/valid/deer/i-2022-04-05T170858-893_jpg.rf.d29275ac46b462e3d87b438bd78a4c29.jpg,i-2022-04-05T170858-893_jpg.rf.d29275ac46b462e3d87b438bd78a4c29.jpg,deer,zebra,0.8061752319335938
/home/datasets/valid/deer/90c42885c3.jpg,90c42885c3.jpg,deer,deer,0.9656059741973877
/home/datasets/valid/deer/7c9caec3e3.jpg,7c9caec3e3.jpg,deer,deer,0.9528858661651611
/home/datasets/valid/deer/a3b2caff49.jpg,a3b2caff49.jpg,deer,deer,0.9809775948524475
/home/datasets/valid/deer/i-2022-04-05T155304-349_jpg.rf.037431e5f95cc34523bb8aacfaff2ff6.jpg,i-2022-04-05T155304-349_jpg.rf.037431e5f95cc34523bb8aacfaff2ff6.jpg,deer,deer,0.9446753859519958
/home/datasets/valid/deer/981c9900c5.jpg,981c9900c5.jpg,deer,deer,0.6371054649353027
/home/datasets/valid/deer/63988c4569.jpg,63988c4569.jpg,deer,deer,0.8873406648635864
/home/datasets/valid/deer/8f3496d19a.jpg,8f3496d19a.jpg,deer,deer,0.8240991830825806
/home/datasets/valid/deer/9a7b1ce7ae.jpg,9a7b1ce7ae.jpg,deer,deer,0.9825797080993652
/home/datasets/valid/deer/a6944df02d.jpg,a6944df02d.jpg,deer,deer,0.8896654844284058
/home/datasets/valid/deer/59f25264d5.jpg,59f25264d5.jpg,deer,deer,0.9335126280784607
/home/datasets/valid/deer/bdcd03bf5e.jpg,bdcd03bf5e.jpg,deer,horse,0.5704491138458252
/home/datasets/valid/deer/3070aece1c.jpg,3070aece1c.jpg,deer,deer,0.973764955997467
/home/datasets/valid/deer/3070ec331d.jpg,3070ec331d.jpg,deer,deer,0.9600740075111389
/home/datasets/valid/deer/d2872f9922.jpg,d2872f9922.jpg,deer,deer,0.9961689114570618
/home/datasets/valid/deer/707122d746.jpg,707122d746.jpg,deer,deer,0.49648624658584595
/home/datasets/valid/deer/0ca373e3bd.jpg,0ca373e3bd.jpg,deer,horse,0.8798715472221375
/home/datasets/valid/deer/ede866ae2c.jpg,ede866ae2c.jpg,deer,deer,0.7184919714927673
/home/datasets/valid/deer/f5bdb64263.jpg,f5bdb64263.jpg,deer,deer,0.9394792318344116
/home/datasets/valid/deer/d243131d9c.jpg,d243131d9c.jpg,deer,deer,0.8288982510566711
/home/datasets/valid/deer/e2a50bf176.jpg,e2a50bf176.jpg,deer,deer,0.883970320224762
/home/datasets/valid/deer/e368f88468.jpg,e368f88468.jpg,deer,deer,0.9850680232048035
/home/datasets/valid/deer/651a852462.jpg,651a852462.jpg,deer,deer,0.9346414804458618
/home/datasets/valid/deer/c6f732e875.jpg,c6f732e875.jpg,deer,deer,0.9590449333190918
/home/datasets/valid/deer/14819227766_bf104a084b_b.jpg,14819227766_bf104a084b_b.jpg,deer,deer,0.37202200293540955
/home/datasets/valid/deer/451cef6159.jpg,451cef6159.jpg,deer,deer,0.7796996831893921
/home/datasets/valid/deer/fd937c042d.jpg,fd937c042d.jpg,deer,deer,0.9029015302658081
/home/datasets/valid/deer/0dfac13bf6.jpg,0dfac13bf6.jpg,deer,deer,0.9926797151565552
/home/datasets/valid/deer/715a61e5f3.jpg,715a61e5f3.jpg,deer,deer,0.9328734278678894
/home/datasets/valid/deer/8a804ec4fe.jpg,8a804ec4fe.jpg,deer,deer,0.8997763991355896
/home/datasets/valid/deer/58b4b53bf4.jpg,58b4b53bf4.jpg,deer,deer,0.8893275856971741
/home/datasets/valid/deer/8549513295_d6444790e3_b.jpg,8549513295_d6444790e3_b.jpg,deer,deer,0.9540382027626038
/home/datasets/valid/deer/1670f02ee5.jpg,1670f02ee5.jpg,deer,zebra,0.4601276218891144
/home/datasets/valid/deer/i-73-_jpg.rf.7b040823fe1372cbcb700a0e0f1df5c7.jpg,i-73-_jpg.rf.7b040823fe1372cbcb700a0e0f1df5c7.jpg,deer,deer,0.951375424861908
/home/datasets/valid/deer/ed3b61c6f4.jpg,ed3b61c6f4.jpg,deer,deer,0.9234204292297363
/home/datasets/valid/deer/6624aa4d24.jpg,6624aa4d24.jpg,deer,deer,0.9545733332633972
/home/datasets/valid/deer/c4614678f6.jpg,c4614678f6.jpg,deer,zebra,0.48413634300231934
/home/datasets/valid/deer/831c0c950d.jpg,831c0c950d.jpg,deer,deer,0.9622212052345276
/home/datasets/valid/deer/9cfc79e973.jpg,9cfc79e973.jpg,deer,deer,0.8852959275245667
/home/datasets/valid/deer/image_45.jpg,image_45.jpg,deer,deer,0.40291139483451843
/home/datasets/valid/deer/bb5333a665.jpg,bb5333a665.jpg,deer,deer,0.8860634565353394
/home/datasets/valid/deer/2373e175f0.jpg,2373e175f0.jpg,deer,deer,0.9074913859367371
/home/datasets/valid/deer/a1ead1e327.jpg,a1ead1e327.jpg,deer,deer,0.9746135473251343
/home/datasets/valid/deer/e9a0ba9eab.jpg,e9a0ba9eab.jpg,deer,deer,0.9411497712135315
/home/datasets/valid/deer/df5c3f8e38.jpg,df5c3f8e38.jpg,deer,deer,0.9592017531394958
/home/datasets/valid/deer/e4f889493f.jpg,e4f889493f.jpg,deer,deer,0.9794251322746277
/home/datasets/valid/deer/d1a2bbff64.jpg,d1a2bbff64.jpg,deer,deer,0.9435024857521057
/home/datasets/valid/deer/0c3d0789f7.jpg,0c3d0789f7.jpg,deer,deer,0.9545081257820129
/home/datasets/valid/deer/8b12c0a806.jpg,8b12c0a806.jpg,deer,deer,0.9669895172119141
/home/datasets/valid/deer/9556f4105d.jpg,9556f4105d.jpg,deer,deer,0.8808259963989258
/home/datasets/valid/deer/e12a861c34.jpg,e12a861c34.jpg,deer,deer,0.9566792845726013
/home/datasets/valid/deer/b96222cf49.jpg,b96222cf49.jpg,deer,deer,0.9072201251983643
/home/datasets/valid/deer/ef9cc3edbe.jpg,ef9cc3edbe.jpg,deer,deer,0.8823191523551941
/home/datasets/valid/deer/2a6311ad96.jpg,2a6311ad96.jpg,deer,deer,0.7280193567276001
/home/datasets/valid/deer/01374336.jpg,01374336.jpg,deer,deer,0.9278661012649536
/home/datasets/valid/deer/c440a0c3ac.jpg,c440a0c3ac.jpg,deer,deer,0.8042414784431458
/home/datasets/valid/deer/i-2022-04-05T145136-518_jpg.rf.8667f8edb09ba92ed102b6032619cd45.jpg,i-2022-04-05T145136-518_jpg.rf.8667f8edb09ba92ed102b6032619cd45.jpg,deer,horse,0.43353334069252014
/home/datasets/valid/deer/image_52.jpg,image_52.jpg,deer,deer,0.6144254207611084
/home/datasets/valid/deer/1c09847269.jpg,1c09847269.jpg,deer,deer,0.9808719158172607
/home/datasets/valid/deer/0642fbe48b.jpg,0642fbe48b.jpg,deer,deer,0.6107563972473145
/home/datasets/valid/deer/image_80.jpg,image_80.jpg,deer,zebra,0.6300600171089172
/home/datasets/valid/deer/fa3d44f75e.jpg,fa3d44f75e.jpg,deer,deer,0.9354283213615417
/home/datasets/valid/deer/72d8deba5e.jpg,72d8deba5e.jpg,deer,deer,0.6665045022964478
/home/datasets/valid/deer/b94d14cfee.jpg,b94d14cfee.jpg,deer,deer,0.48194819688796997
/home/datasets/valid/deer/9ff0ea7dc4.jpg,9ff0ea7dc4.jpg,deer,deer,0.978388249874115
/home/datasets/valid/deer/e914cfdd9e.jpg,e914cfdd9e.jpg,deer,deer,0.9775911569595337
/home/datasets/valid/deer/eb4ab6cc5e.jpg,eb4ab6cc5e.jpg,deer,deer,0.500556468963623
/home/datasets/valid/deer/07e8e12589.jpg,07e8e12589.jpg,deer,deer,0.8152415156364441
/home/datasets/valid/deer/0bdd8b2ba3.jpg,0bdd8b2ba3.jpg,deer,deer,0.9556018114089966
/home/datasets/valid/deer/148b796f18.jpg,148b796f18.jpg,deer,deer,0.912582278251648
/home/datasets/valid/deer/fc828d1d86.jpg,fc828d1d86.jpg,deer,deer,0.8596729636192322
/home/datasets/valid/deer/b50a1c1cbe.jpg,b50a1c1cbe.jpg,deer,deer,0.7834340333938599
/home/datasets/valid/deer/e9ffebaec1.jpg,e9ffebaec1.jpg,deer,deer,0.8862329721450806
/home/datasets/valid/deer/c87c75a04d.jpg,c87c75a04d.jpg,deer,deer,0.9615971446037292
/home/datasets/valid/deer/f8c5fa3dfa.jpg,f8c5fa3dfa.jpg,deer,deer,0.6433123350143433
/home/datasets/valid/deer/69d4b53cf9.jpg,69d4b53cf9.jpg,deer,deer,0.7839315533638
/home/datasets/valid/deer/image_8.jpg,image_8.jpg,deer,deer,0.9562269449234009
/home/datasets/valid/deer/03900d6ad0.jpg,03900d6ad0.jpg,deer,deer,0.978131115436554
/home/datasets/valid/deer/f3301b9ee2.jpg,f3301b9ee2.jpg,deer,horse,0.5289160013198853
/home/datasets/valid/deer/1e20bc349d.jpg,1e20bc349d.jpg,deer,deer,0.9043797850608826
/home/datasets/valid/deer/8783e3d5d1.jpg,8783e3d5d1.jpg,deer,deer,0.5741792917251587
/home/datasets/valid/deer/11c50c6e4a.jpg,11c50c6e4a.jpg,deer,deer,0.798785924911499
/home/datasets/valid/deer/e4953127ce.jpg,e4953127ce.jpg,deer,deer,0.7109646201133728
/home/datasets/valid/deer/f1f102905f.jpg,f1f102905f.jpg,deer,deer,0.8639188408851624
/home/datasets/valid/deer/image_56.jpg,image_56.jpg,deer,deer,0.6776610016822815
/home/datasets/valid/deer/c6df31c97f.jpg,c6df31c97f.jpg,deer,deer,0.8734220862388611
/home/datasets/valid/deer/06f74810f9.jpg,06f74810f9.jpg,deer,deer,0.9826483726501465
/home/datasets/valid/deer/18e9b21780.jpg,18e9b21780.jpg,deer,deer,0.708685576915741
/home/datasets/valid/deer/39580a8cad.jpg,39580a8cad.jpg,deer,deer,0.9237909317016602
/home/datasets/valid/deer/d8d52061b7.jpg,d8d52061b7.jpg,deer,deer,0.9088719487190247
/home/datasets/valid/deer/5bda8edb71.jpg,5bda8edb71.jpg,deer,deer,0.9721207618713379
/home/datasets/valid/deer/614fef8790.jpg,614fef8790.jpg,deer,deer,0.9533705115318298
/home/datasets/valid/deer/image_43.jpg,image_43.jpg,deer,deer,0.7695989608764648
/home/datasets/valid/deer/33d9cd8274.jpg,33d9cd8274.jpg,deer,deer,0.9291254281997681
/home/datasets/valid/deer/8af64a31eb.jpg,8af64a31eb.jpg,deer,deer,0.8974980115890503
/home/datasets/valid/deer/d92901035b.jpg,d92901035b.jpg,deer,deer,0.9736383557319641
/home/datasets/valid/deer/10416b1dac.jpg,10416b1dac.jpg,deer,deer,0.9394649863243103
/home/datasets/valid/deer/3d502429df.jpg,3d502429df.jpg,deer,deer,0.8403095006942749
/home/datasets/valid/deer/c01b01fce6.jpg,c01b01fce6.jpg,deer,deer,0.9872357249259949
/home/datasets/valid/deer/13cfa67484.jpg,13cfa67484.jpg,deer,deer,0.965104341506958
/home/datasets/valid/deer/5f2f1004d4.jpg,5f2f1004d4.jpg,deer,deer,0.8877502083778381
/home/datasets/valid/deer/ef8970979a.jpg,ef8970979a.jpg,deer,deer,0.9850008487701416
/home/datasets/valid/deer/c0825528fc.jpg,c0825528fc.jpg,deer,deer,0.9675297737121582
/home/datasets/valid/deer/bcf0b3d08a.jpg,bcf0b3d08a.jpg,deer,deer,0.9738332033157349
/home/datasets/valid/deer/Chital_sparring_Kanha-e1500463542471.jpg,Chital_sparring_Kanha-e1500463542471.jpg,deer,deer,0.7671507000923157
/home/datasets/valid/deer/c4b0e70817.jpg,c4b0e70817.jpg,deer,deer,0.7650267481803894
/home/datasets/valid/deer/bfd6958565.jpg,bfd6958565.jpg,deer,deer,0.8001481890678406
/home/datasets/valid/deer/068f7dffb2.jpg,068f7dffb2.jpg,deer,deer,0.956698477268219
/home/datasets/valid/deer/8e9bed6d68.jpg,8e9bed6d68.jpg,deer,deer,0.9728177189826965
/home/datasets/valid/deer/70f862b4c02.jpg,70f862b4c02.jpg,deer,deer,0.4987514913082123
/home/datasets/valid/deer/3ee6cfed4a.jpg,3ee6cfed4a.jpg,deer,deer,0.8859764933586121
/home/datasets/valid/deer/d6f44e16c0.jpg,d6f44e16c0.jpg,deer,deer,0.8734303116798401
/home/datasets/valid/deer/a55f421533.jpg,a55f421533.jpg,deer,deer,0.7875229120254517
/home/datasets/valid/deer/068f8bb738.jpg,068f8bb738.jpg,deer,deer,0.9748455286026001
/home/datasets/valid/deer/fd6d92ca20.jpg,fd6d92ca20.jpg,deer,deer,0.8763532042503357
/home/datasets/valid/deer/aebc664610.jpg,aebc664610.jpg,deer,deer,0.8732804656028748
/home/datasets/valid/deer/01c2d116b3.jpg,01c2d116b3.jpg,deer,deer,0.9494807124137878
/home/datasets/valid/deer/119fa80fe6.jpg,119fa80fe6.jpg,deer,deer,0.6914917230606079
/home/datasets/valid/deer/1712662262_Chital.png,1712662262_Chital.png,deer,deer,0.9465303421020508
/home/datasets/valid/deer/image_78.jpg,image_78.jpg,deer,deer,0.6651844382286072
/home/datasets/valid/deer/fe6618639d.jpg,fe6618639d.jpg,deer,deer,0.8172903656959534
/home/datasets/valid/deer/4908a0675c.jpg,4908a0675c.jpg,deer,deer,0.9703726768493652
/home/datasets/valid/deer/chital-deer-animal-chintamani-karambelkar.jpg,chital-deer-animal-chintamani-karambelkar.jpg,deer,deer,0.9583454728126526
/home/datasets/valid/deer/10965310c4.jpg,10965310c4.jpg,deer,deer,0.9672034978866577
/home/datasets/valid/deer/c6b9ede45b.jpg,c6b9ede45b.jpg,deer,deer,0.9593433737754822
