Precision,Recall,F1-Score,Support,Class_Name,Class_ID,Pred_0,Pred_1,Pred_2,model,patching_option,mode,src_class,concept_class,concept
0.667,0.956,0.7858,704.0,deer,0,673,12,19.0,resnet50,patched_out,train,zebra,deer,face
0.9687,0.9673,0.968,704.0,horse,1,11,681,12.0,resnet50,patched_out,train,zebra,deer,face
0.8473,0.3393,0.4845,507.0,zebra,2,325,10,172.0,resnet50,patched_out,train,zebra,deer,face
0.9611,0.7916,0.8681,499.0,deer,0,395,103,1.0,resnet50,patched_out,train,deer,horse,legs
0.862,0.9673,0.9116,704.0,horse,1,11,681,12.0,resnet50,patched_out,train,deer,horse,legs
0.9816,0.9844,0.983,704.0,zebra,2,5,6,693.0,resnet50,patched_out,train,deer,horse,legs
0.9641,0.8617,0.9101,499.0,deer,0,430,30,39.0,resnet50,patched_out,train,deer,zebra,background
0.9498,0.9673,0.9585,704.0,horse,1,11,681,12.0,resnet50,patched_out,train,deer,zebra,background
0.9315,0.9844,0.9572,704.0,zebra,2,5,6,693.0,resnet50,patched_out,train,deer,zebra,background
0.9656,0.956,0.9607,704.0,deer,0,673,12,19.0,resnet50,patched_out,train,zebra,deer,coat
0.9784,0.9673,0.9729,704.0,horse,1,11,681,12.0,resnet50,patched_out,train,zebra,deer,coat
0.4561,0.619,0.5253,42.0,zebra,2,13,3,26.0,resnet50,patched_out,train,zebra,deer,coat
0.8684,0.956,0.9101,704.0,deer,0,673,12,19.0,resnet50,patched_out,train,zebra,horse,face
0.7919,0.9673,0.8708,704.0,horse,1,11,681,12.0,resnet50,patched_out,train,zebra,horse,face
0.8893,0.4911,0.6328,507.0,zebra,2,91,167,249.0,resnet50,patched_out,train,zebra,horse,face
0.9181,0.956,0.9367,704.0,deer,0,673,12,19.0,resnet50,patched_out,train,horse,zebra,legs
0.9685,0.8738,0.9187,634.0,horse,1,55,554,25.0,resnet50,patched_out,train,horse,zebra,legs
0.9403,0.9844,0.9618,704.0,zebra,2,5,6,693.0,resnet50,patched_out,train,horse,zebra,legs
0.789,0.956,0.8645,704.0,deer,0,673,12,19.0,resnet50,patched_out,train,horse,deer,legs
0.9619,0.7177,0.822,634.0,horse,1,175,455,4.0,resnet50,patched_out,train,horse,deer,legs
0.9679,0.9844,0.9761,704.0,zebra,2,5,6,693.0,resnet50,patched_out,train,horse,deer,legs
0.9549,0.6794,0.7939,499.0,deer,0,339,59,101.0,resnet50,patched_out,train,deer,zebra,face
0.9129,0.9673,0.9393,704.0,horse,1,11,681,12.0,resnet50,patched_out,train,deer,zebra,face
0.8598,0.9844,0.9179,704.0,zebra,2,5,6,693.0,resnet50,patched_out,train,deer,zebra,face
0.9144,0.7277,0.8104,235.0,deer,0,171,60,4.0,resnet50,patched_out,train,deer,horse,background
0.9116,0.9673,0.9387,704.0,horse,1,11,681,12.0,resnet50,patched_out,train,deer,horse,background
0.9774,0.9844,0.9809,704.0,zebra,2,5,6,693.0,resnet50,patched_out,train,deer,horse,background
0.889,0.956,0.9213,704.0,deer,0,673,12,19.0,resnet50,patched_out,train,horse,zebra,background
0.965,0.7823,0.8641,634.0,horse,1,79,496,59.0,resnet50,patched_out,train,horse,zebra,background
0.8988,0.9844,0.9397,704.0,zebra,2,5,6,693.0,resnet50,patched_out,train,horse,zebra,background
0.7114,0.956,0.8158,704.0,deer,0,673,12,19.0,resnet50,patched_out,train,horse,deer,background
0.9521,0.5647,0.7089,634.0,horse,1,268,358,8.0,resnet50,patched_out,train,horse,deer,background
0.9625,0.9844,0.9733,704.0,zebra,2,5,6,693.0,resnet50,patched_out,train,horse,deer,background
0.77,0.956,0.853,704.0,deer,0,673,12,19.0,resnet50,patched_out,train,zebra,deer,legs
0.9329,0.9673,0.9498,704.0,horse,1,11,681,12.0,resnet50,patched_out,train,zebra,deer,legs
0.9003,0.5523,0.6846,507.0,zebra,2,190,37,280.0,resnet50,patched_out,train,zebra,deer,legs
0.9583,0.7375,0.8335,499.0,deer,0,368,131,0.0,resnet50,patched_out,train,deer,horse,face
0.8325,0.9673,0.8949,704.0,horse,1,11,681,12.0,resnet50,patched_out,train,deer,horse,face
0.983,0.9844,0.9837,704.0,zebra,2,5,6,693.0,resnet50,patched_out,train,deer,horse,face
0.9754,0.956,0.9656,704.0,deer,0,673,12,19.0,resnet50,patched_out,train,zebra,horse,background
0.9646,0.9673,0.966,704.0,horse,1,11,681,12.0,resnet50,patched_out,train,zebra,horse,background
0.663,0.7625,0.7093,80.0,zebra,2,6,13,61.0,resnet50,patched_out,train,zebra,horse,background
0.9926,0.956,0.974,704.0,deer,0,673,12,19.0,resnet50,patched_out,train,horse,zebra,face
0.0,0.0,0.0,0.0,horse,1,0,0,0.0,resnet50,patched_out,train,horse,zebra,face
0.9733,0.9844,0.9788,704.0,zebra,2,5,6,693.0,resnet50,patched_out,train,horse,zebra,face
0.7727,0.956,0.8546,704.0,deer,0,673,12,19.0,resnet50,patched_out,train,zebra,deer,background
0.9756,0.9673,0.9715,704.0,horse,1,11,681,12.0,resnet50,patched_out,train,zebra,deer,background
0.9104,0.6213,0.7386,507.0,zebra,2,187,5,315.0,resnet50,patched_out,train,zebra,deer,background
0.9322,0.4409,0.5986,499.0,deer,0,220,5,274.0,resnet50,patched_out,train,deer,zebra,coat
0.9841,0.9673,0.9756,704.0,horse,1,11,681,12.0,resnet50,patched_out,train,deer,zebra,coat
0.7079,0.9844,0.8235,704.0,zebra,2,5,6,693.0,resnet50,patched_out,train,deer,zebra,coat
0.9625,0.8236,0.8877,499.0,deer,0,411,80,8.0,resnet50,patched_out,train,deer,horse,coat
0.8879,0.9673,0.9259,704.0,horse,1,11,681,12.0,resnet50,patched_out,train,deer,horse,coat
0.9719,0.9844,0.9781,704.0,zebra,2,5,6,693.0,resnet50,patched_out,train,deer,horse,coat
0.9584,0.7395,0.8348,499.0,deer,0,369,73,57.0,resnet50,patched_out,train,deer,zebra,legs
0.8961,0.9673,0.9303,704.0,horse,1,11,681,12.0,resnet50,patched_out,train,deer,zebra,legs
0.9094,0.9844,0.9454,704.0,zebra,2,5,6,693.0,resnet50,patched_out,train,deer,zebra,legs
0.9754,0.956,0.9656,704.0,deer,0,673,12,19.0,resnet50,patched_out,train,horse,zebra,coat
0.9283,0.3675,0.5266,634.0,horse,1,12,233,389.0,resnet50,patched_out,train,horse,zebra,coat
0.6294,0.9844,0.7679,704.0,zebra,2,5,6,693.0,resnet50,patched_out,train,horse,zebra,coat
0.9347,0.956,0.9452,704.0,deer,0,673,12,19.0,resnet50,patched_out,train,zebra,horse,legs
0.8315,0.9673,0.8943,704.0,horse,1,11,681,12.0,resnet50,patched_out,train,zebra,horse,legs
0.9176,0.6805,0.7814,507.0,zebra,2,36,126,345.0,resnet50,patched_out,train,zebra,horse,legs
0.9308,0.956,0.9432,704.0,deer,0,673,12,19.0,resnet50,patched_out,train,horse,deer,coat
0.7,0.4565,0.5526,92.0,horse,1,45,42,5.0,resnet50,patched_out,train,horse,deer,coat
0.9665,0.9844,0.9754,704.0,zebra,2,5,6,693.0,resnet50,patched_out,train,horse,deer,coat
0.6974,0.956,0.8065,704.0,deer,0,673,12,19.0,resnet50,patched_out,train,horse,deer,face
0.9505,0.5457,0.6934,634.0,horse,1,287,346,1.0,resnet50,patched_out,train,horse,deer,face
0.9719,0.9844,0.9781,704.0,zebra,2,5,6,693.0,resnet50,patched_out,train,horse,deer,face
0.9601,0.956,0.958,704.0,deer,0,673,12,19.0,resnet50,patched_out,train,zebra,horse,coat
0.9116,0.9673,0.9387,704.0,horse,1,11,681,12.0,resnet50,patched_out,train,zebra,horse,coat
0.9336,0.86,0.8953,507.0,zebra,2,17,54,436.0,resnet50,patched_out,train,zebra,horse,coat
0.7752,0.9548,0.8557,177.0,deer,0,169,1,7.0,resnet50,patched_out,valid,horse,zebra,background
0.9632,0.7072,0.8156,222.0,horse,1,42,157,23.0,resnet50,patched_out,valid,horse,zebra,background
0.9297,0.9707,0.9498,409.0,zebra,2,7,5,397.0,resnet50,patched_out,valid,horse,zebra,background
0.879,0.845,0.8617,129.0,deer,0,109,7,13.0,resnet50,patched_out,valid,deer,zebra,background
0.9514,0.9553,0.9533,246.0,horse,1,8,235,3.0,resnet50,patched_out,valid,deer,zebra,background
0.9613,0.9707,0.9659,409.0,zebra,2,7,5,397.0,resnet50,patched_out,valid,deer,zebra,background
0.8244,0.9548,0.8848,177.0,deer,0,169,1,7.0,resnet50,patched_out,valid,zebra,horse,legs
0.8423,0.9553,0.8952,246.0,horse,1,8,235,3.0,resnet50,patched_out,valid,zebra,horse,legs
0.9554,0.7509,0.8409,285.0,zebra,2,28,43,214.0,resnet50,patched_out,valid,zebra,horse,legs
0.8544,0.6822,0.7586,129.0,deer,0,88,15,26.0,resnet50,patched_out,valid,deer,zebra,face
0.9216,0.9553,0.9381,246.0,horse,1,8,235,3.0,resnet50,patched_out,valid,deer,zebra,face
0.9319,0.9707,0.9509,409.0,zebra,2,7,5,397.0,resnet50,patched_out,valid,deer,zebra,face
0.8171,0.7791,0.7976,86.0,deer,0,67,19,0.0,resnet50,patched_out,valid,deer,horse,background
0.9073,0.9553,0.9307,246.0,horse,1,8,235,3.0,resnet50,patched_out,valid,deer,horse,background
0.9925,0.9707,0.9815,409.0,zebra,2,7,5,397.0,resnet50,patched_out,valid,deer,horse,background
0.9086,0.9548,0.9311,177.0,deer,0,169,1,7.0,resnet50,patched_out,valid,horse,zebra,face
0.967,0.7928,0.8713,222.0,horse,1,10,176,36.0,resnet50,patched_out,valid,horse,zebra,face
0.9023,0.9707,0.9352,409.0,zebra,2,7,5,397.0,resnet50,patched_out,valid,horse,zebra,face
0.8,0.4651,0.5882,129.0,deer,0,60,1,68.0,resnet50,patched_out,valid,deer,zebra,coat
0.9751,0.9553,0.9651,246.0,horse,1,8,235,3.0,resnet50,patched_out,valid,deer,zebra,coat
0.8483,0.9707,0.9054,409.0,zebra,2,7,5,397.0,resnet50,patched_out,valid,deer,zebra,coat
0.8667,0.9548,0.9086,177.0,deer,0,169,1,7.0,resnet50,patched_out,valid,horse,zebra,legs
0.97,0.8739,0.9194,222.0,horse,1,19,194,9.0,resnet50,patched_out,valid,horse,zebra,legs
0.9613,0.9707,0.9659,409.0,zebra,2,7,5,397.0,resnet50,patched_out,valid,horse,zebra,legs
0.5951,0.9548,0.7332,177.0,deer,0,169,1,7.0,resnet50,patched_out,valid,zebra,deer,legs
0.9363,0.9553,0.9457,246.0,horse,1,8,235,3.0,resnet50,patched_out,valid,zebra,deer,legs
0.9422,0.5719,0.7118,285.0,zebra,2,107,15,163.0,resnet50,patched_out,valid,zebra,deer,legs
0.6259,0.9548,0.7562,177.0,deer,0,169,1,7.0,resnet50,patched_out,valid,horse,deer,background
0.9542,0.5631,0.7082,222.0,horse,1,94,125,3.0,resnet50,patched_out,valid,horse,deer,background
0.9754,0.9707,0.973,409.0,zebra,2,7,5,397.0,resnet50,patched_out,valid,horse,deer,background
0.4856,0.9548,0.6438,177.0,deer,0,169,1,7.0,resnet50,patched_out,valid,zebra,deer,face
0.9592,0.9553,0.9572,246.0,horse,1,8,235,3.0,resnet50,patched_out,valid,zebra,deer,face
0.913,0.3684,0.525,285.0,zebra,2,171,9,105.0,resnet50,patched_out,valid,zebra,deer,face
0.8739,0.8062,0.8387,129.0,deer,0,104,23,2.0,resnet50,patched_out,valid,deer,horse,coat
0.8935,0.9553,0.9234,246.0,horse,1,8,235,3.0,resnet50,patched_out,valid,deer,horse,coat
0.9876,0.9707,0.979,409.0,zebra,2,7,5,397.0,resnet50,patched_out,valid,deer,horse,coat
0.8684,0.7674,0.8148,129.0,deer,0,99,30,0.0,resnet50,patched_out,valid,deer,horse,face
0.8704,0.9553,0.9109,246.0,horse,1,8,235,3.0,resnet50,patched_out,valid,deer,horse,face
0.9925,0.9707,0.9815,409.0,zebra,2,7,5,397.0,resnet50,patched_out,valid,deer,horse,face
0.9235,0.9548,0.9389,177.0,deer,0,169,1,7.0,resnet50,patched_out,valid,horse,zebra,coat
0.9394,0.4189,0.5794,222.0,horse,1,7,93,122.0,resnet50,patched_out,valid,horse,zebra,coat
0.7548,0.9707,0.8492,409.0,zebra,2,7,5,397.0,resnet50,patched_out,valid,horse,zebra,coat
0.5951,0.9548,0.7332,177.0,deer,0,169,1,7.0,resnet50,patched_out,valid,horse,deer,coat
0.9417,0.4369,0.5969,222.0,horse,1,108,97,17.0,resnet50,patched_out,valid,horse,deer,coat
0.943,0.9707,0.9566,409.0,zebra,2,7,5,397.0,resnet50,patched_out,valid,horse,deer,coat
0.8895,0.9548,0.921,177.0,deer,0,169,1,7.0,resnet50,patched_out,valid,zebra,horse,coat
0.9004,0.9553,0.927,246.0,horse,1,8,235,3.0,resnet50,patched_out,valid,zebra,horse,coat
0.9611,0.8667,0.9114,285.0,zebra,2,13,25,247.0,resnet50,patched_out,valid,zebra,horse,coat
0.687,0.9548,0.7991,177.0,deer,0,169,1,7.0,resnet50,patched_out,valid,horse,deer,legs
0.9613,0.6712,0.7905,222.0,horse,1,70,149,3.0,resnet50,patched_out,valid,horse,deer,legs
0.9754,0.9707,0.973,409.0,zebra,2,7,5,397.0,resnet50,patched_out,valid,horse,deer,legs
0.9185,0.9548,0.9363,177.0,deer,0,169,1,7.0,resnet50,patched_out,valid,zebra,horse,background
0.9363,0.9553,0.9457,246.0,horse,1,8,235,3.0,resnet50,patched_out,valid,zebra,horse,background
0.8913,0.7885,0.8367,104.0,zebra,2,7,15,82.0,resnet50,patched_out,valid,zebra,horse,background
0.8649,0.7442,0.8,129.0,deer,0,96,31,2.0,resnet50,patched_out,valid,deer,horse,legs
0.8672,0.9553,0.9091,246.0,horse,1,8,235,3.0,resnet50,patched_out,valid,deer,horse,legs
0.9876,0.9707,0.979,409.0,zebra,2,7,5,397.0,resnet50,patched_out,valid,deer,horse,legs
0.6036,0.9548,0.7396,177.0,deer,0,169,1,7.0,resnet50,patched_out,valid,horse,deer,face
0.9516,0.5315,0.6821,222.0,horse,1,104,118,0.0,resnet50,patched_out,valid,horse,deer,face
0.9827,0.9707,0.9766,409.0,zebra,2,7,5,397.0,resnet50,patched_out,valid,horse,deer,face
0.7284,0.9548,0.8264,177.0,deer,0,169,1,7.0,resnet50,patched_out,valid,zebra,horse,face
0.7508,0.9553,0.8408,246.0,horse,1,8,235,3.0,resnet50,patched_out,valid,zebra,horse,face
0.9387,0.5368,0.683,285.0,zebra,2,55,77,153.0,resnet50,patched_out,valid,zebra,horse,face
0.8707,0.7829,0.8245,129.0,deer,0,101,14,14.0,resnet50,patched_out,valid,deer,zebra,legs
0.9252,0.9553,0.94,246.0,horse,1,8,235,3.0,resnet50,patched_out,valid,deer,zebra,legs
0.9589,0.9707,0.9648,409.0,zebra,2,7,5,397.0,resnet50,patched_out,valid,deer,zebra,legs
0.6475,0.9548,0.7717,177.0,deer,0,169,1,7.0,resnet50,patched_out,valid,zebra,deer,coat
0.9833,0.9553,0.9691,246.0,horse,1,8,235,3.0,resnet50,patched_out,valid,zebra,deer,coat
0.9444,0.6615,0.778,257.0,zebra,2,84,3,170.0,resnet50,patched_out,valid,zebra,deer,coat
0.6168,0.9548,0.7494,177.0,deer,0,169,1,7.0,resnet50,patched_out,valid,zebra,deer,background
0.9833,0.9553,0.9691,246.0,horse,1,8,235,3.0,resnet50,patched_out,valid,zebra,deer,background
0.9487,0.6491,0.7708,285.0,zebra,2,97,3,185.0,resnet50,patched_out,valid,zebra,deer,background
0.8083,0.9943,0.8917,704.0,deer,0,700,0,4.0,inception_v3,patched_out,train,zebra,deer,face
1.0,0.9929,0.9964,704.0,horse,1,5,699,0.0,inception_v3,patched_out,train,zebra,deer,face
0.9886,0.6824,0.8075,507.0,zebra,2,161,0,346.0,inception_v3,patched_out,train,zebra,deer,face
0.9841,0.992,0.988,499.0,deer,0,495,3,1.0,inception_v3,patched_out,train,deer,horse,legs
0.9957,0.9929,0.9943,704.0,horse,1,5,699,0.0,inception_v3,patched_out,train,deer,horse,legs
0.9986,0.9957,0.9972,704.0,zebra,2,3,0,701.0,inception_v3,patched_out,train,deer,horse,legs
0.984,0.986,0.985,499.0,deer,0,492,1,6.0,inception_v3,patched_out,train,deer,zebra,background
0.9986,0.9929,0.9957,704.0,horse,1,5,699,0.0,inception_v3,patched_out,train,deer,zebra,background
0.9915,0.9957,0.9936,704.0,zebra,2,3,0,701.0,inception_v3,patched_out,train,deer,zebra,background
0.9915,0.9943,0.9929,704.0,deer,0,700,0,4.0,inception_v3,patched_out,train,zebra,deer,coat
1.0,0.9929,0.9964,704.0,horse,1,5,699,0.0,inception_v3,patched_out,train,zebra,deer,coat
0.9111,0.9762,0.9425,42.0,zebra,2,1,0,41.0,inception_v3,patched_out,train,zebra,deer,coat
0.9777,0.9943,0.9859,704.0,deer,0,700,0,4.0,inception_v3,patched_out,train,zebra,horse,face
0.9628,0.9929,0.9776,704.0,horse,1,5,699,0.0,inception_v3,patched_out,train,zebra,horse,face
0.9915,0.925,0.9571,507.0,zebra,2,11,27,469.0,inception_v3,patched_out,train,zebra,horse,face
0.9511,0.9943,0.9722,704.0,deer,0,700,0,4.0,inception_v3,patched_out,train,horse,zebra,legs
1.0,0.8013,0.8897,634.0,horse,1,33,508,93.0,inception_v3,patched_out,train,horse,zebra,legs
0.8784,0.9957,0.9334,704.0,zebra,2,3,0,701.0,inception_v3,patched_out,train,horse,zebra,legs
0.8121,0.9943,0.894,704.0,deer,0,700,0,4.0,inception_v3,patched_out,train,horse,deer,legs
1.0,0.7445,0.8535,634.0,horse,1,159,472,3.0,inception_v3,patched_out,train,horse,deer,legs
0.9901,0.9957,0.9929,704.0,zebra,2,3,0,701.0,inception_v3,patched_out,train,horse,deer,legs
0.9733,0.5852,0.7309,499.0,deer,0,292,0,207.0,inception_v3,patched_out,train,deer,zebra,face
1.0,0.9929,0.9964,704.0,horse,1,5,699,0.0,inception_v3,patched_out,train,deer,zebra,face
0.772,0.9957,0.8697,704.0,zebra,2,3,0,701.0,inception_v3,patched_out,train,deer,zebra,face
0.966,0.966,0.966,235.0,deer,0,227,3,5.0,inception_v3,patched_out,train,deer,horse,background
0.9957,0.9929,0.9943,704.0,horse,1,5,699,0.0,inception_v3,patched_out,train,deer,horse,background
0.9929,0.9957,0.9943,704.0,zebra,2,3,0,701.0,inception_v3,patched_out,train,deer,horse,background
0.9669,0.9943,0.9804,704.0,deer,0,700,0,4.0,inception_v3,patched_out,train,horse,zebra,background
1.0,0.9574,0.9782,634.0,horse,1,21,607,6.0,inception_v3,patched_out,train,horse,zebra,background
0.9859,0.9957,0.9908,704.0,zebra,2,3,0,701.0,inception_v3,patched_out,train,horse,zebra,background
0.9223,0.9943,0.9569,704.0,deer,0,700,0,4.0,inception_v3,patched_out,train,horse,deer,background
1.0,0.8975,0.946,634.0,horse,1,56,569,9.0,inception_v3,patched_out,train,horse,deer,background
0.9818,0.9957,0.9887,704.0,zebra,2,3,0,701.0,inception_v3,patched_out,train,horse,deer,background
0.9138,0.9943,0.9524,704.0,deer,0,700,0,4.0,inception_v3,patched_out,train,zebra,deer,legs
1.0,0.9929,0.9964,704.0,horse,1,5,699,0.0,inception_v3,patched_out,train,zebra,deer,legs
0.9911,0.8797,0.9321,507.0,zebra,2,61,0,446.0,inception_v3,patched_out,train,zebra,deer,legs
0.9832,0.9399,0.9611,499.0,deer,0,469,28,2.0,inception_v3,patched_out,train,deer,horse,face
0.9615,0.9929,0.9769,704.0,horse,1,5,699,0.0,inception_v3,patched_out,train,deer,horse,face
0.9972,0.9957,0.9964,704.0,zebra,2,3,0,701.0,inception_v3,patched_out,train,deer,horse,face
0.9915,0.9943,0.9929,704.0,deer,0,700,0,4.0,inception_v3,patched_out,train,zebra,horse,background
1.0,0.9929,0.9964,704.0,horse,1,5,699,0.0,inception_v3,patched_out,train,zebra,horse,background
0.9518,0.9875,0.9693,80.0,zebra,2,1,0,79.0,inception_v3,patched_out,train,zebra,horse,background
0.9957,0.9943,0.995,704.0,deer,0,700,4,,inception_v3,patched_out,train,horse,zebra,face
0.9943,0.9957,0.995,704.0,zebra,2,3,701,,inception_v3,patched_out,train,horse,zebra,face
0.9831,0.9943,0.9887,704.0,deer,0,700,0,4.0,inception_v3,patched_out,train,zebra,deer,background
1.0,0.9929,0.9964,704.0,horse,1,5,699,0.0,inception_v3,patched_out,train,zebra,deer,background
0.9921,0.9862,0.9891,507.0,zebra,2,7,0,500.0,inception_v3,patched_out,train,zebra,deer,background
0.9807,0.8136,0.8894,499.0,deer,0,406,0,93.0,inception_v3,patched_out,train,deer,zebra,coat
1.0,0.9929,0.9964,704.0,horse,1,5,699,0.0,inception_v3,patched_out,train,deer,zebra,coat
0.8829,0.9957,0.9359,704.0,zebra,2,3,0,701.0,inception_v3,patched_out,train,deer,zebra,coat
0.9839,0.978,0.9809,499.0,deer,0,488,6,5.0,inception_v3,patched_out,train,deer,horse,coat
0.9915,0.9929,0.9922,704.0,horse,1,5,699,0.0,inception_v3,patched_out,train,deer,horse,coat
0.9929,0.9957,0.9943,704.0,zebra,2,3,0,701.0,inception_v3,patched_out,train,deer,horse,coat
0.981,0.8257,0.8966,499.0,deer,0,412,2,85.0,inception_v3,patched_out,train,deer,zebra,legs
0.9971,0.9929,0.995,704.0,horse,1,5,699,0.0,inception_v3,patched_out,train,deer,zebra,legs
0.8919,0.9957,0.9409,704.0,zebra,2,3,0,701.0,inception_v3,patched_out,train,deer,zebra,legs
0.9056,0.9943,0.9479,704.0,deer,0,700,0,4.0,inception_v3,patched_out,train,horse,zebra,coat
1.0,0.6199,0.7653,634.0,horse,1,70,393,171.0,inception_v3,patched_out,train,horse,zebra,coat
0.8002,0.9957,0.8873,704.0,zebra,2,3,0,701.0,inception_v3,patched_out,train,horse,zebra,coat
0.9831,0.9943,0.9887,704.0,deer,0,700,0,4.0,inception_v3,patched_out,train,zebra,horse,legs
0.9943,0.9929,0.9936,704.0,horse,1,5,699,0.0,inception_v3,patched_out,train,zebra,horse,legs
0.992,0.9783,0.9851,507.0,zebra,2,7,4,496.0,inception_v3,patched_out,train,zebra,horse,legs
0.9629,0.9943,0.9783,704.0,deer,0,700,0,4.0,inception_v3,patched_out,train,horse,deer,coat
1.0,0.7283,0.8428,92.0,horse,1,24,67,1.0,inception_v3,patched_out,train,horse,deer,coat
0.9929,0.9957,0.9943,704.0,zebra,2,3,0,701.0,inception_v3,patched_out,train,horse,deer,coat
0.6673,0.9943,0.7986,704.0,deer,0,700,0,4.0,inception_v3,patched_out,train,horse,deer,face
1.0,0.4543,0.6247,634.0,horse,1,346,288,0.0,inception_v3,patched_out,train,horse,deer,face
0.9943,0.9957,0.995,704.0,zebra,2,3,0,701.0,inception_v3,patched_out,train,horse,deer,face
0.9831,0.9943,0.9887,704.0,deer,0,700,0,4.0,inception_v3,patched_out,train,zebra,horse,coat
0.9971,0.9929,0.995,704.0,horse,1,5,699,0.0,inception_v3,patched_out,train,zebra,horse,coat
0.992,0.9822,0.9871,507.0,zebra,2,7,2,498.0,inception_v3,patched_out,train,zebra,horse,coat
0.9462,0.9944,0.9697,177.0,deer,0,176,0,1.0,inception_v3,patched_out,valid,horse,zebra,background
0.9906,0.9505,0.9701,222.0,horse,1,8,211,3.0,inception_v3,patched_out,valid,horse,zebra,background
0.9902,0.9902,0.9902,409.0,zebra,2,2,2,405.0,inception_v3,patched_out,valid,horse,zebra,background
0.9552,0.9922,0.9734,129.0,deer,0,128,0,1.0,inception_v3,patched_out,valid,deer,zebra,background
0.9918,0.9837,0.9878,246.0,horse,1,4,242,0.0,inception_v3,patched_out,valid,deer,zebra,background
0.9975,0.9902,0.9939,409.0,zebra,2,2,2,405.0,inception_v3,patched_out,valid,deer,zebra,background
0.967,0.9944,0.9805,177.0,deer,0,176,0,1.0,inception_v3,patched_out,valid,zebra,horse,legs
0.9959,0.9837,0.9898,246.0,horse,1,4,242,0.0,inception_v3,patched_out,valid,zebra,horse,legs
0.9965,0.9895,0.993,285.0,zebra,2,2,1,282.0,inception_v3,patched_out,valid,zebra,horse,legs
0.9268,0.5891,0.7204,129.0,deer,0,76,1,52.0,inception_v3,patched_out,valid,deer,zebra,face
0.9878,0.9837,0.9857,246.0,horse,1,4,242,0.0,inception_v3,patched_out,valid,deer,zebra,face
0.8862,0.9902,0.9353,409.0,zebra,2,2,2,405.0,inception_v3,patched_out,valid,deer,zebra,face
0.9341,0.9884,0.9605,86.0,deer,0,85,0,1.0,inception_v3,patched_out,valid,deer,horse,background
0.9918,0.9837,0.9878,246.0,horse,1,4,242,0.0,inception_v3,patched_out,valid,deer,horse,background
0.9975,0.9902,0.9939,409.0,zebra,2,2,2,405.0,inception_v3,patched_out,valid,deer,horse,background
0.9026,0.9944,0.9462,177.0,deer,0,176,0,1.0,inception_v3,patched_out,valid,horse,zebra,face
0.9811,0.4685,0.6341,222.0,horse,1,17,104,101.0,inception_v3,patched_out,valid,horse,zebra,face
0.7988,0.9902,0.8843,409.0,zebra,2,2,2,405.0,inception_v3,patched_out,valid,horse,zebra,face
0.9439,0.7829,0.8559,129.0,deer,0,101,0,28.0,inception_v3,patched_out,valid,deer,zebra,coat
0.9918,0.9837,0.9878,246.0,horse,1,4,242,0.0,inception_v3,patched_out,valid,deer,zebra,coat
0.9353,0.9902,0.962,409.0,zebra,2,2,2,405.0,inception_v3,patched_out,valid,deer,zebra,coat
0.9072,0.9944,0.9488,177.0,deer,0,176,0,1.0,inception_v3,patched_out,valid,horse,zebra,legs
0.9886,0.7838,0.8744,222.0,horse,1,16,174,32.0,inception_v3,patched_out,valid,horse,zebra,legs
0.9247,0.9902,0.9563,409.0,zebra,2,2,2,405.0,inception_v3,patched_out,valid,horse,zebra,legs
0.8544,0.9944,0.9191,177.0,deer,0,176,0,1.0,inception_v3,patched_out,valid,zebra,deer,legs
1.0,0.9837,0.9918,246.0,horse,1,4,242,0.0,inception_v3,patched_out,valid,zebra,deer,legs
0.9962,0.9088,0.9505,285.0,zebra,2,26,0,259.0,inception_v3,patched_out,valid,zebra,deer,legs
0.898,0.9944,0.9437,177.0,deer,0,176,0,1.0,inception_v3,patched_out,valid,horse,deer,background
0.9901,0.9009,0.9434,222.0,horse,1,18,200,4.0,inception_v3,patched_out,valid,horse,deer,background
0.9878,0.9902,0.989,409.0,zebra,2,2,2,405.0,inception_v3,patched_out,valid,horse,deer,background
0.6848,0.9944,0.8111,177.0,deer,0,176,0,1.0,inception_v3,patched_out,valid,zebra,deer,face
1.0,0.9837,0.9918,246.0,horse,1,4,242,0.0,inception_v3,patched_out,valid,zebra,deer,face
0.9952,0.7298,0.8421,285.0,zebra,2,77,0,208.0,inception_v3,patched_out,valid,zebra,deer,face
0.9552,0.9922,0.9734,129.0,deer,0,128,1,0.0,inception_v3,patched_out,valid,deer,horse,coat
0.9878,0.9837,0.9857,246.0,horse,1,4,242,0.0,inception_v3,patched_out,valid,deer,horse,coat
1.0,0.9902,0.9951,409.0,zebra,2,2,2,405.0,inception_v3,patched_out,valid,deer,horse,coat
0.9538,0.9612,0.9575,129.0,deer,0,124,5,0.0,inception_v3,patched_out,valid,deer,horse,face
0.9719,0.9837,0.9778,246.0,horse,1,4,242,0.0,inception_v3,patched_out,valid,deer,horse,face
1.0,0.9902,0.9951,409.0,zebra,2,2,2,405.0,inception_v3,patched_out,valid,deer,horse,face
0.88,0.9944,0.9337,177.0,deer,0,176,0,1.0,inception_v3,patched_out,valid,horse,zebra,coat
0.9867,0.6667,0.7957,222.0,horse,1,22,148,52.0,inception_v3,patched_out,valid,horse,zebra,coat
0.8843,0.9902,0.9343,409.0,zebra,2,2,2,405.0,inception_v3,patched_out,valid,horse,zebra,coat
0.7489,0.9944,0.8544,177.0,deer,0,176,0,1.0,inception_v3,patched_out,valid,horse,deer,coat
0.9878,0.7297,0.8394,222.0,horse,1,57,162,3.0,inception_v3,patched_out,valid,horse,deer,coat
0.9902,0.9902,0.9902,409.0,zebra,2,2,2,405.0,inception_v3,patched_out,valid,horse,deer,coat
0.967,0.9944,0.9805,177.0,deer,0,176,0,1.0,inception_v3,patched_out,valid,zebra,horse,coat
0.9878,0.9837,0.9857,246.0,horse,1,4,242,0.0,inception_v3,patched_out,valid,zebra,horse,coat
0.9964,0.9825,0.9894,285.0,zebra,2,2,3,280.0,inception_v3,patched_out,valid,zebra,horse,coat
0.7489,0.9944,0.8544,177.0,deer,0,176,0,1.0,inception_v3,patched_out,valid,horse,deer,legs
0.9878,0.7297,0.8394,222.0,horse,1,57,162,3.0,inception_v3,patched_out,valid,horse,deer,legs
0.9902,0.9902,0.9902,409.0,zebra,2,2,2,405.0,inception_v3,patched_out,valid,horse,deer,legs
0.9724,0.9944,0.9832,177.0,deer,0,176,0,1.0,inception_v3,patched_out,valid,zebra,horse,background
1.0,0.9837,0.9918,246.0,horse,1,4,242,0.0,inception_v3,patched_out,valid,zebra,horse,background
0.9904,0.9904,0.9904,104.0,zebra,2,1,0,103.0,inception_v3,patched_out,valid,zebra,horse,background
0.9552,0.9922,0.9734,129.0,deer,0,128,0,1.0,inception_v3,patched_out,valid,deer,horse,legs
0.9918,0.9837,0.9878,246.0,horse,1,4,242,0.0,inception_v3,patched_out,valid,deer,horse,legs
0.9975,0.9902,0.9939,409.0,zebra,2,2,2,405.0,inception_v3,patched_out,valid,deer,horse,legs
0.5886,0.9944,0.7395,177.0,deer,0,176,0,1.0,inception_v3,patched_out,valid,horse,deer,face
0.9806,0.455,0.6215,222.0,horse,1,121,101,0.0,inception_v3,patched_out,valid,horse,deer,face
0.9975,0.9902,0.9939,409.0,zebra,2,2,2,405.0,inception_v3,patched_out,valid,horse,deer,face
0.9565,0.9944,0.9751,177.0,deer,0,176,0,1.0,inception_v3,patched_out,valid,zebra,horse,face
0.968,0.9837,0.9758,246.0,horse,1,4,242,0.0,inception_v3,patched_out,valid,zebra,horse,face
0.9964,0.9579,0.9767,285.0,zebra,2,4,8,273.0,inception_v3,patched_out,valid,zebra,horse,face
0.9478,0.845,0.8934,129.0,deer,0,109,0,20.0,inception_v3,patched_out,valid,deer,zebra,legs
0.9918,0.9837,0.9878,246.0,horse,1,4,242,0.0,inception_v3,patched_out,valid,deer,zebra,legs
0.9529,0.9902,0.9712,409.0,zebra,2,2,2,405.0,inception_v3,patched_out,valid,deer,zebra,legs
0.8889,0.9944,0.9387,177.0,deer,0,176,0,1.0,inception_v3,patched_out,valid,zebra,deer,coat
1.0,0.9837,0.9918,246.0,horse,1,4,242,0.0,inception_v3,patched_out,valid,zebra,deer,coat
0.9958,0.93,0.9618,257.0,zebra,2,18,0,239.0,inception_v3,patched_out,valid,zebra,deer,coat
0.9462,0.9944,0.9697,177.0,deer,0,176,0,1.0,inception_v3,patched_out,valid,zebra,deer,background
1.0,0.9837,0.9918,246.0,horse,1,4,242,0.0,inception_v3,patched_out,valid,zebra,deer,background
0.9964,0.9789,0.9876,285.0,zebra,2,6,0,279.0,inception_v3,patched_out,valid,zebra,deer,background
0.6615,0.9162,0.7683,704.0,deer,0,645,36,23.0,mobilenet_v3_large,patched_out,train,zebra,deer,face
0.8649,0.7457,0.8009,704.0,horse,1,124,525,55.0,mobilenet_v3_large,patched_out,train,zebra,deer,face
0.7658,0.503,0.6071,507.0,zebra,2,206,46,255.0,mobilenet_v3_large,patched_out,train,zebra,deer,face
0.7191,0.7335,0.7262,499.0,deer,0,366,53,80.0,mobilenet_v3_large,patched_out,train,deer,horse,legs
0.8959,0.7457,0.814,704.0,horse,1,124,525,55.0,mobilenet_v3_large,patched_out,train,deer,horse,legs
0.8337,0.9616,0.8931,704.0,zebra,2,19,8,677.0,mobilenet_v3_large,patched_out,train,deer,horse,legs
0.7513,0.8657,0.8045,499.0,deer,0,432,27,40.0,mobilenet_v3_large,patched_out,train,deer,zebra,background
0.9375,0.7457,0.8307,704.0,horse,1,124,525,55.0,mobilenet_v3_large,patched_out,train,deer,zebra,background
0.8769,0.9616,0.9173,704.0,zebra,2,19,8,677.0,mobilenet_v3_large,patched_out,train,deer,zebra,background
0.8269,0.9162,0.8693,704.0,deer,0,645,36,23.0,mobilenet_v3_large,patched_out,train,zebra,deer,coat
0.9292,0.7457,0.8274,704.0,horse,1,124,525,55.0,mobilenet_v3_large,patched_out,train,zebra,deer,coat
0.2571,0.6429,0.3673,42.0,zebra,2,11,4,27.0,mobilenet_v3_large,patched_out,train,zebra,deer,coat
0.8175,0.9162,0.864,704.0,deer,0,645,36,23.0,mobilenet_v3_large,patched_out,train,zebra,horse,face
0.8564,0.7457,0.7973,704.0,horse,1,124,525,55.0,mobilenet_v3_large,patched_out,train,zebra,horse,face
0.848,0.858,0.8529,507.0,zebra,2,20,52,435.0,mobilenet_v3_large,patched_out,train,zebra,horse,face
0.8377,0.9162,0.8752,704.0,deer,0,645,36,23.0,mobilenet_v3_large,patched_out,train,horse,zebra,legs
0.8791,0.5047,0.6413,634.0,horse,1,106,320,208.0,mobilenet_v3_large,patched_out,train,horse,zebra,legs
0.7456,0.9616,0.84,704.0,zebra,2,19,8,677.0,mobilenet_v3_large,patched_out,train,horse,zebra,legs
0.6542,0.9162,0.7633,704.0,deer,0,645,36,23.0,mobilenet_v3_large,patched_out,train,horse,deer,legs
0.8625,0.4353,0.5786,634.0,horse,1,322,276,36.0,mobilenet_v3_large,patched_out,train,horse,deer,legs
0.9198,0.9616,0.9403,704.0,zebra,2,19,8,677.0,mobilenet_v3_large,patched_out,train,horse,deer,legs
0.5843,0.4028,0.4769,499.0,deer,0,201,104,194.0,mobilenet_v3_large,patched_out,train,deer,zebra,face
0.8242,0.7457,0.783,704.0,horse,1,124,525,55.0,mobilenet_v3_large,patched_out,train,deer,zebra,face
0.7311,0.9616,0.8307,704.0,zebra,2,19,8,677.0,mobilenet_v3_large,patched_out,train,deer,zebra,face
0.5489,0.7404,0.6304,235.0,deer,0,174,44,17.0,mobilenet_v3_large,patched_out,train,deer,horse,background
0.9099,0.7457,0.8197,704.0,horse,1,124,525,55.0,mobilenet_v3_large,patched_out,train,deer,horse,background
0.9039,0.9616,0.9319,704.0,zebra,2,19,8,677.0,mobilenet_v3_large,patched_out,train,deer,horse,background
0.7535,0.9162,0.8269,704.0,deer,0,645,36,23.0,mobilenet_v3_large,patched_out,train,horse,zebra,background
0.886,0.5394,0.6706,634.0,horse,1,192,342,100.0,mobilenet_v3_large,patched_out,train,horse,zebra,background
0.8462,0.9616,0.9003,704.0,zebra,2,19,8,677.0,mobilenet_v3_large,patched_out,train,horse,zebra,background
0.6367,0.9162,0.7513,704.0,deer,0,645,36,23.0,mobilenet_v3_large,patched_out,train,horse,deer,background
0.8508,0.3959,0.5404,634.0,horse,1,349,251,34.0,mobilenet_v3_large,patched_out,train,horse,deer,background
0.9223,0.9616,0.9416,704.0,zebra,2,19,8,677.0,mobilenet_v3_large,patched_out,train,horse,deer,background
0.7026,0.9162,0.7953,704.0,deer,0,645,36,23.0,mobilenet_v3_large,patched_out,train,zebra,deer,legs
0.9162,0.7457,0.8222,704.0,horse,1,124,525,55.0,mobilenet_v3_large,patched_out,train,zebra,deer,legs
0.816,0.6824,0.7433,507.0,zebra,2,149,12,346.0,mobilenet_v3_large,patched_out,train,zebra,deer,legs
0.7168,0.7255,0.7211,499.0,deer,0,362,109,28.0,mobilenet_v3_large,patched_out,train,deer,horse,face
0.8178,0.7457,0.7801,704.0,horse,1,124,525,55.0,mobilenet_v3_large,patched_out,train,deer,horse,face
0.8908,0.9616,0.9249,704.0,zebra,2,19,8,677.0,mobilenet_v3_large,patched_out,train,deer,horse,face
0.8366,0.9162,0.8746,704.0,deer,0,645,36,23.0,mobilenet_v3_large,patched_out,train,zebra,horse,background
0.9309,0.7457,0.8281,704.0,horse,1,124,525,55.0,mobilenet_v3_large,patched_out,train,zebra,horse,background
0.4902,0.9375,0.6438,80.0,zebra,2,2,3,75.0,mobilenet_v3_large,patched_out,train,zebra,horse,background
0.9714,0.9162,0.943,704.0,deer,0,645,36,23.0,mobilenet_v3_large,patched_out,train,horse,zebra,face
0.0,0.0,0.0,0.0,horse,1,0,0,0.0,mobilenet_v3_large,patched_out,train,horse,zebra,face
0.9671,0.9616,0.9644,704.0,zebra,2,19,8,677.0,mobilenet_v3_large,patched_out,train,horse,zebra,face
0.7397,0.9162,0.8185,704.0,deer,0,645,36,23.0,mobilenet_v3_large,patched_out,train,zebra,deer,background
0.9276,0.7457,0.8268,704.0,horse,1,124,525,55.0,mobilenet_v3_large,patched_out,train,zebra,deer,background
0.8365,0.787,0.811,507.0,zebra,2,103,5,399.0,mobilenet_v3_large,patched_out,train,zebra,deer,background
0.6416,0.513,0.5702,499.0,deer,0,256,62,181.0,mobilenet_v3_large,patched_out,train,deer,zebra,coat
0.8824,0.7457,0.8083,704.0,horse,1,124,525,55.0,mobilenet_v3_large,patched_out,train,deer,zebra,coat
0.7415,0.9616,0.8374,704.0,zebra,2,19,8,677.0,mobilenet_v3_large,patched_out,train,deer,zebra,coat
0.7179,0.7295,0.7237,499.0,deer,0,364,46,89.0,mobilenet_v3_large,patched_out,train,deer,horse,coat
0.9067,0.7457,0.8184,704.0,horse,1,124,525,55.0,mobilenet_v3_large,patched_out,train,deer,horse,coat
0.8246,0.9616,0.8879,704.0,zebra,2,19,8,677.0,mobilenet_v3_large,patched_out,train,deer,horse,coat
0.6836,0.6192,0.6498,499.0,deer,0,309,41,149.0,mobilenet_v3_large,patched_out,train,deer,zebra,legs
0.9146,0.7457,0.8216,704.0,horse,1,124,525,55.0,mobilenet_v3_large,patched_out,train,deer,zebra,legs
0.7684,0.9616,0.8543,704.0,zebra,2,19,8,677.0,mobilenet_v3_large,patched_out,train,deer,zebra,legs
0.9097,0.9162,0.913,704.0,deer,0,645,36,23.0,mobilenet_v3_large,patched_out,train,horse,zebra,coat
0.8886,0.5536,0.6822,634.0,horse,1,45,351,238.0,mobilenet_v3_large,patched_out,train,horse,zebra,coat
0.7217,0.9616,0.8246,704.0,zebra,2,19,8,677.0,mobilenet_v3_large,patched_out,train,horse,zebra,coat
0.8269,0.9162,0.8693,704.0,deer,0,645,36,23.0,mobilenet_v3_large,patched_out,train,zebra,horse,legs
0.9259,0.7457,0.8261,704.0,horse,1,124,525,55.0,mobilenet_v3_large,patched_out,train,zebra,horse,legs
0.8627,0.9665,0.9116,507.0,zebra,2,11,6,490.0,mobilenet_v3_large,patched_out,train,zebra,horse,legs
0.8983,0.9162,0.9072,704.0,deer,0,645,36,23.0,mobilenet_v3_large,patched_out,train,horse,deer,coat
0.443,0.3804,0.4094,92.0,horse,1,54,35,3.0,mobilenet_v3_large,patched_out,train,horse,deer,coat
0.963,0.9616,0.9623,704.0,zebra,2,19,8,677.0,mobilenet_v3_large,patched_out,train,horse,deer,coat
0.6244,0.9162,0.7427,704.0,deer,0,645,36,23.0,mobilenet_v3_large,patched_out,train,horse,deer,face
0.8514,0.3975,0.5419,634.0,horse,1,369,252,13.0,mobilenet_v3_large,patched_out,train,horse,deer,face
0.9495,0.9616,0.9555,704.0,zebra,2,19,8,677.0,mobilenet_v3_large,patched_out,train,horse,deer,face
0.8206,0.9162,0.8658,704.0,deer,0,645,36,23.0,mobilenet_v3_large,patched_out,train,zebra,horse,coat
0.9194,0.7457,0.8235,704.0,horse,1,124,525,55.0,mobilenet_v3_large,patched_out,train,zebra,horse,coat
0.8602,0.9467,0.9014,507.0,zebra,2,17,10,480.0,mobilenet_v3_large,patched_out,train,zebra,horse,coat
0.64,0.904,0.7494,177.0,deer,0,160,9,8.0,mobilenet_v3_large,patched_out,valid,horse,zebra,background
0.9027,0.4595,0.609,222.0,horse,1,71,102,49.0,mobilenet_v3_large,patched_out,valid,horse,zebra,background
0.8719,0.9487,0.9087,409.0,zebra,2,19,2,388.0,mobilenet_v3_large,patched_out,valid,horse,zebra,background
0.6092,0.8217,0.6997,129.0,deer,0,106,8,15.0,mobilenet_v3_large,patched_out,valid,deer,zebra,background
0.9462,0.7154,0.8148,246.0,horse,1,49,176,21.0,mobilenet_v3_large,patched_out,valid,deer,zebra,background
0.9151,0.9487,0.9316,409.0,zebra,2,19,2,388.0,mobilenet_v3_large,patched_out,valid,deer,zebra,background
0.7273,0.904,0.806,177.0,deer,0,160,9,8.0,mobilenet_v3_large,patched_out,valid,zebra,horse,legs
0.9362,0.7154,0.8111,246.0,horse,1,49,176,21.0,mobilenet_v3_large,patched_out,valid,zebra,horse,legs
0.9033,0.9509,0.9265,285.0,zebra,2,11,3,271.0,mobilenet_v3_large,patched_out,valid,zebra,horse,legs
0.456,0.4419,0.4488,129.0,deer,0,57,29,43.0,mobilenet_v3_large,patched_out,valid,deer,zebra,face
0.8502,0.7154,0.777,246.0,horse,1,49,176,21.0,mobilenet_v3_large,patched_out,valid,deer,zebra,face
0.8584,0.9487,0.9013,409.0,zebra,2,19,2,388.0,mobilenet_v3_large,patched_out,valid,deer,zebra,face
0.4688,0.6977,0.5607,86.0,deer,0,60,20,6.0,mobilenet_v3_large,patched_out,valid,deer,horse,background
0.8889,0.7154,0.7928,246.0,horse,1,49,176,21.0,mobilenet_v3_large,patched_out,valid,deer,horse,background
0.9349,0.9487,0.9417,409.0,zebra,2,19,2,388.0,mobilenet_v3_large,patched_out,valid,deer,horse,background
0.8081,0.904,0.8533,177.0,deer,0,160,9,8.0,mobilenet_v3_large,patched_out,valid,horse,zebra,face
0.9134,0.5225,0.6648,222.0,horse,1,19,116,87.0,mobilenet_v3_large,patched_out,valid,horse,zebra,face
0.8033,0.9487,0.87,409.0,zebra,2,19,2,388.0,mobilenet_v3_large,patched_out,valid,horse,zebra,face
0.456,0.4419,0.4488,129.0,deer,0,57,12,60.0,mobilenet_v3_large,patched_out,valid,deer,zebra,coat
0.9263,0.7154,0.8073,246.0,horse,1,49,176,21.0,mobilenet_v3_large,patched_out,valid,deer,zebra,coat
0.8273,0.9487,0.8838,409.0,zebra,2,19,2,388.0,mobilenet_v3_large,patched_out,valid,deer,zebra,coat
0.7512,0.904,0.8205,177.0,deer,0,160,9,8.0,mobilenet_v3_large,patched_out,valid,horse,zebra,legs
0.9147,0.5315,0.6724,222.0,horse,1,34,118,70.0,mobilenet_v3_large,patched_out,valid,horse,zebra,legs
0.8326,0.9487,0.8869,409.0,zebra,2,19,2,388.0,mobilenet_v3_large,patched_out,valid,horse,zebra,legs
0.5634,0.904,0.6941,177.0,deer,0,160,9,8.0,mobilenet_v3_large,patched_out,valid,zebra,deer,legs
0.9026,0.7154,0.7982,246.0,horse,1,49,176,21.0,mobilenet_v3_large,patched_out,valid,zebra,deer,legs
0.8734,0.7018,0.7782,285.0,zebra,2,75,10,200.0,mobilenet_v3_large,patched_out,valid,zebra,deer,legs
0.5195,0.904,0.6598,177.0,deer,0,160,9,8.0,mobilenet_v3_large,patched_out,valid,horse,deer,background
0.8764,0.3514,0.5016,222.0,horse,1,129,78,15.0,mobilenet_v3_large,patched_out,valid,horse,deer,background
0.944,0.9487,0.9463,409.0,zebra,2,19,2,388.0,mobilenet_v3_large,patched_out,valid,horse,deer,background
0.5112,0.904,0.6531,177.0,deer,0,160,9,8.0,mobilenet_v3_large,patched_out,valid,zebra,deer,face
0.8421,0.7154,0.7736,246.0,horse,1,49,176,21.0,mobilenet_v3_large,patched_out,valid,zebra,deer,face
0.8441,0.5509,0.6667,285.0,zebra,2,104,24,157.0,mobilenet_v3_large,patched_out,valid,zebra,deer,face
0.5828,0.7364,0.6507,129.0,deer,0,95,17,17.0,mobilenet_v3_large,patched_out,valid,deer,horse,coat
0.9026,0.7154,0.7982,246.0,horse,1,49,176,21.0,mobilenet_v3_large,patched_out,valid,deer,horse,coat
0.9108,0.9487,0.9293,409.0,zebra,2,19,2,388.0,mobilenet_v3_large,patched_out,valid,deer,horse,coat
0.5802,0.7287,0.646,129.0,deer,0,94,25,10.0,mobilenet_v3_large,patched_out,valid,deer,horse,face
0.867,0.7154,0.784,246.0,horse,1,49,176,21.0,mobilenet_v3_large,patched_out,valid,deer,horse,face
0.926,0.9487,0.9372,409.0,zebra,2,19,2,388.0,mobilenet_v3_large,patched_out,valid,deer,horse,face
0.8122,0.904,0.8556,177.0,deer,0,160,9,8.0,mobilenet_v3_large,patched_out,valid,horse,zebra,coat
0.912,0.5135,0.6571,222.0,horse,1,18,114,90.0,mobilenet_v3_large,patched_out,valid,horse,zebra,coat
0.7984,0.9487,0.867,409.0,zebra,2,19,2,388.0,mobilenet_v3_large,patched_out,valid,horse,zebra,coat
0.5298,0.904,0.6681,177.0,deer,0,160,9,8.0,mobilenet_v3_large,patched_out,valid,horse,deer,coat
0.8942,0.4189,0.5706,222.0,horse,1,123,93,6.0,mobilenet_v3_large,patched_out,valid,horse,deer,coat
0.9652,0.9487,0.9568,409.0,zebra,2,19,2,388.0,mobilenet_v3_large,patched_out,valid,horse,deer,coat
0.7273,0.904,0.806,177.0,deer,0,160,9,8.0,mobilenet_v3_large,patched_out,valid,zebra,horse,coat
0.9167,0.7154,0.8037,246.0,horse,1,49,176,21.0,mobilenet_v3_large,patched_out,valid,zebra,horse,coat
0.902,0.9368,0.9191,285.0,zebra,2,11,7,267.0,mobilenet_v3_large,patched_out,valid,zebra,horse,coat
0.5694,0.904,0.6987,177.0,deer,0,160,9,8.0,mobilenet_v3_large,patched_out,valid,horse,deer,legs
0.9052,0.473,0.6213,222.0,horse,1,102,105,15.0,mobilenet_v3_large,patched_out,valid,horse,deer,legs
0.944,0.9487,0.9463,409.0,zebra,2,19,2,388.0,mobilenet_v3_large,patched_out,valid,horse,deer,legs
0.7512,0.904,0.8205,177.0,deer,0,160,9,8.0,mobilenet_v3_large,patched_out,valid,zebra,horse,background
0.9514,0.7154,0.8167,246.0,horse,1,49,176,21.0,mobilenet_v3_large,patched_out,valid,zebra,horse,background
0.7752,0.9615,0.8584,104.0,zebra,2,4,0,100.0,mobilenet_v3_large,patched_out,valid,zebra,horse,background
0.5802,0.7287,0.646,129.0,deer,0,94,9,26.0,mobilenet_v3_large,patched_out,valid,deer,horse,legs
0.9412,0.7154,0.8129,246.0,horse,1,49,176,21.0,mobilenet_v3_large,patched_out,valid,deer,horse,legs
0.892,0.9487,0.9194,409.0,zebra,2,19,2,388.0,mobilenet_v3_large,patched_out,valid,deer,horse,legs
0.5212,0.904,0.6612,177.0,deer,0,160,9,8.0,mobilenet_v3_large,patched_out,valid,horse,deer,face
0.8889,0.3964,0.5483,222.0,horse,1,128,88,6.0,mobilenet_v3_large,patched_out,valid,horse,deer,face
0.9652,0.9487,0.9568,409.0,zebra,2,19,2,388.0,mobilenet_v3_large,patched_out,valid,horse,deer,face
0.7048,0.904,0.7921,177.0,deer,0,160,9,8.0,mobilenet_v3_large,patched_out,valid,zebra,horse,face
0.8381,0.7154,0.7719,246.0,horse,1,49,176,21.0,mobilenet_v3_large,patched_out,valid,zebra,horse,face
0.893,0.8491,0.8705,285.0,zebra,2,18,25,242.0,mobilenet_v3_large,patched_out,valid,zebra,horse,face
0.5,0.5271,0.5132,129.0,deer,0,68,11,50.0,mobilenet_v3_large,patched_out,valid,deer,zebra,legs
0.9312,0.7154,0.8092,246.0,horse,1,49,176,21.0,mobilenet_v3_large,patched_out,valid,deer,zebra,legs
0.8453,0.9487,0.894,409.0,zebra,2,19,2,388.0,mobilenet_v3_large,patched_out,valid,deer,zebra,legs
0.5904,0.904,0.7143,177.0,deer,0,160,9,8.0,mobilenet_v3_large,patched_out,valid,zebra,deer,coat
0.9072,0.7154,0.8,246.0,horse,1,49,176,21.0,mobilenet_v3_large,patched_out,valid,zebra,deer,coat
0.8651,0.7237,0.7881,257.0,zebra,2,62,9,186.0,mobilenet_v3_large,patched_out,valid,zebra,deer,coat
0.6275,0.904,0.7407,177.0,deer,0,160,9,8.0,mobilenet_v3_large,patched_out,valid,zebra,deer,background
0.9362,0.7154,0.8111,246.0,horse,1,49,176,21.0,mobilenet_v3_large,patched_out,valid,zebra,deer,background
0.8906,0.8281,0.8582,285.0,zebra,2,46,3,236.0,mobilenet_v3_large,patched_out,valid,zebra,deer,background
0.9159,0.9901,0.9515,704.0,deer,0,697,6,1.0,vgg16,patched_out,train,zebra,deer,face
0.9915,0.9957,0.9936,704.0,horse,1,1,701,2.0,vgg16,patched_out,train,zebra,deer,face
0.9933,0.8757,0.9308,507.0,zebra,2,63,0,444.0,vgg16,patched_out,train,zebra,deer,face
0.9957,0.9379,0.9659,499.0,deer,0,468,30,1.0,vgg16,patched_out,train,deer,horse,legs
0.959,0.9957,0.977,704.0,horse,1,1,701,2.0,vgg16,patched_out,train,deer,horse,legs
0.9958,0.9986,0.9972,704.0,zebra,2,1,0,703.0,vgg16,patched_out,train,deer,horse,legs
0.9958,0.9439,0.9691,499.0,deer,0,471,19,9.0,vgg16,patched_out,train,deer,zebra,background
0.9736,0.9957,0.9846,704.0,horse,1,1,701,2.0,vgg16,patched_out,train,deer,zebra,background
0.9846,0.9986,0.9915,704.0,zebra,2,1,0,703.0,vgg16,patched_out,train,deer,zebra,background
0.9971,0.9901,0.9936,704.0,deer,0,697,6,1.0,vgg16,patched_out,train,zebra,deer,coat
0.9915,0.9957,0.9936,704.0,horse,1,1,701,2.0,vgg16,patched_out,train,zebra,deer,coat
0.9318,0.9762,0.9535,42.0,zebra,2,1,0,41.0,vgg16,patched_out,train,zebra,deer,coat
0.9971,0.9901,0.9936,704.0,deer,0,697,6,1.0,vgg16,patched_out,train,zebra,horse,face
0.9723,0.9957,0.9839,704.0,horse,1,1,701,2.0,vgg16,patched_out,train,zebra,horse,face
0.9939,0.9704,0.982,507.0,zebra,2,1,14,492.0,vgg16,patched_out,train,zebra,horse,face
0.9887,0.9901,0.9894,704.0,deer,0,697,6,1.0,vgg16,patched_out,train,horse,zebra,legs
0.9899,0.9243,0.956,634.0,horse,1,7,586,41.0,vgg16,patched_out,train,horse,zebra,legs
0.9436,0.9986,0.9703,704.0,zebra,2,1,0,703.0,vgg16,patched_out,train,horse,zebra,legs
0.9509,0.9901,0.9701,704.0,deer,0,697,6,1.0,vgg16,patched_out,train,horse,deer,legs
0.99,0.9416,0.9652,634.0,horse,1,35,597,2.0,vgg16,patched_out,train,horse,deer,legs
0.9958,0.9986,0.9972,704.0,zebra,2,1,0,703.0,vgg16,patched_out,train,horse,deer,legs
0.9929,0.5611,0.717,499.0,deer,0,280,3,216.0,vgg16,patched_out,train,deer,zebra,face
0.9957,0.9957,0.9957,704.0,horse,1,1,701,2.0,vgg16,patched_out,train,deer,zebra,face
0.7633,0.9986,0.8652,704.0,zebra,2,1,0,703.0,vgg16,patched_out,train,deer,zebra,face
0.9906,0.8936,0.9396,235.0,deer,0,210,24,1.0,vgg16,patched_out,train,deer,horse,background
0.9669,0.9957,0.9811,704.0,horse,1,1,701,2.0,vgg16,patched_out,train,deer,horse,background
0.9958,0.9986,0.9972,704.0,zebra,2,1,0,703.0,vgg16,patched_out,train,deer,horse,background
0.9831,0.9901,0.9866,704.0,deer,0,697,6,1.0,vgg16,patched_out,train,horse,zebra,background
0.9904,0.9732,0.9817,634.0,horse,1,11,617,6.0,vgg16,patched_out,train,horse,zebra,background
0.9901,0.9986,0.9943,704.0,zebra,2,1,0,703.0,vgg16,patched_out,train,horse,zebra,background
0.9496,0.9901,0.9694,704.0,deer,0,697,6,1.0,vgg16,patched_out,train,horse,deer,background
0.99,0.9369,0.9627,634.0,horse,1,36,594,4.0,vgg16,patched_out,train,horse,deer,background
0.9929,0.9986,0.9958,704.0,zebra,2,1,0,703.0,vgg16,patched_out,train,horse,deer,background
0.9845,0.9901,0.9873,704.0,deer,0,697,6,1.0,vgg16,patched_out,train,zebra,deer,legs
0.9901,0.9957,0.9929,704.0,horse,1,1,701,2.0,vgg16,patched_out,train,zebra,deer,legs
0.994,0.9783,0.9861,507.0,zebra,2,10,1,496.0,vgg16,patched_out,train,zebra,deer,legs
0.9956,0.9138,0.953,499.0,deer,0,456,43,0.0,vgg16,patched_out,train,deer,horse,face
0.9422,0.9957,0.9682,704.0,horse,1,1,701,2.0,vgg16,patched_out,train,deer,horse,face
0.9972,0.9986,0.9979,704.0,zebra,2,1,0,703.0,vgg16,patched_out,train,deer,horse,face
0.9986,0.9901,0.9943,704.0,deer,0,697,6,1.0,vgg16,patched_out,train,zebra,horse,background
0.9915,0.9957,0.9936,704.0,horse,1,1,701,2.0,vgg16,patched_out,train,zebra,horse,background
0.9639,1.0,0.9816,80.0,zebra,2,0,0,80.0,vgg16,patched_out,train,zebra,horse,background
0.9986,0.9901,0.9943,704.0,deer,0,697,6,1.0,vgg16,patched_out,train,horse,zebra,face
0.0,0.0,0.0,0.0,horse,1,0,0,0.0,vgg16,patched_out,train,horse,zebra,face
0.9986,0.9986,0.9986,704.0,zebra,2,1,0,703.0,vgg16,patched_out,train,horse,zebra,face
0.9915,0.9901,0.9908,704.0,deer,0,697,6,1.0,vgg16,patched_out,train,zebra,deer,background
0.9915,0.9957,0.9936,704.0,horse,1,1,701,2.0,vgg16,patched_out,train,zebra,deer,background
0.9941,0.9901,0.9921,507.0,zebra,2,5,0,502.0,vgg16,patched_out,train,zebra,deer,background
0.9942,0.6854,0.8114,499.0,deer,0,342,0,157.0,vgg16,patched_out,train,deer,zebra,coat
1.0,0.9957,0.9979,704.0,horse,1,1,701,2.0,vgg16,patched_out,train,deer,zebra,coat
0.8155,0.9986,0.8978,704.0,zebra,2,1,0,703.0,vgg16,patched_out,train,deer,zebra,coat
0.9957,0.9279,0.9606,499.0,deer,0,463,34,2.0,vgg16,patched_out,train,deer,horse,coat
0.9537,0.9957,0.9743,704.0,horse,1,1,701,2.0,vgg16,patched_out,train,deer,horse,coat
0.9943,0.9986,0.9965,704.0,zebra,2,1,0,703.0,vgg16,patched_out,train,deer,horse,coat
0.9953,0.8417,0.9121,499.0,deer,0,420,12,67.0,vgg16,patched_out,train,deer,zebra,legs
0.9832,0.9957,0.9894,704.0,horse,1,1,701,2.0,vgg16,patched_out,train,deer,zebra,legs
0.9106,0.9986,0.9526,704.0,zebra,2,1,0,703.0,vgg16,patched_out,train,deer,zebra,legs
0.9915,0.9901,0.9908,704.0,deer,0,697,6,1.0,vgg16,patched_out,train,horse,zebra,coat
0.9873,0.7366,0.8437,634.0,horse,1,5,467,162.0,vgg16,patched_out,train,horse,zebra,coat
0.8118,0.9986,0.8955,704.0,zebra,2,1,0,703.0,vgg16,patched_out,train,horse,zebra,coat
0.9986,0.9901,0.9943,704.0,deer,0,697,6,1.0,vgg16,patched_out,train,zebra,horse,legs
0.9873,0.9957,0.9915,704.0,horse,1,1,701,2.0,vgg16,patched_out,train,zebra,horse,legs
0.9941,0.9941,0.9941,507.0,zebra,2,0,3,504.0,vgg16,patched_out,train,zebra,horse,legs
0.9887,0.9901,0.9894,704.0,deer,0,697,6,1.0,vgg16,patched_out,train,horse,deer,coat
0.9333,0.913,0.9231,92.0,horse,1,7,84,1.0,vgg16,patched_out,train,horse,deer,coat
0.9972,0.9986,0.9979,704.0,zebra,2,1,0,703.0,vgg16,patched_out,train,horse,deer,coat
0.8219,0.9901,0.8982,704.0,deer,0,697,6,1.0,vgg16,patched_out,train,horse,deer,face
0.9877,0.7618,0.8602,634.0,horse,1,150,483,1.0,vgg16,patched_out,train,horse,deer,face
0.9972,0.9986,0.9979,704.0,zebra,2,1,0,703.0,vgg16,patched_out,train,horse,deer,face
0.9957,0.9901,0.9929,704.0,deer,0,697,6,1.0,vgg16,patched_out,train,zebra,horse,coat
0.9846,0.9957,0.9901,704.0,horse,1,1,701,2.0,vgg16,patched_out,train,zebra,horse,coat
0.994,0.9862,0.9901,507.0,zebra,2,2,5,500.0,vgg16,patched_out,train,zebra,horse,coat
0.9888,0.9944,0.9915,177.0,deer,0,176,0,1.0,vgg16,patched_out,valid,horse,zebra,background
1.0,0.982,0.9909,222.0,horse,1,1,218,3.0,vgg16,patched_out,valid,horse,zebra,background
0.9903,0.9976,0.9939,409.0,zebra,2,1,0,408.0,vgg16,patched_out,valid,horse,zebra,background
0.9921,0.969,0.9804,129.0,deer,0,125,1,3.0,vgg16,patched_out,valid,deer,zebra,background
0.996,1.0,0.998,246.0,horse,1,0,246,0.0,vgg16,patched_out,valid,deer,zebra,background
0.9927,0.9976,0.9951,409.0,zebra,2,1,0,408.0,vgg16,patched_out,valid,deer,zebra,background
1.0,0.9944,0.9972,177.0,deer,0,176,0,1.0,vgg16,patched_out,valid,zebra,horse,legs
0.9919,1.0,0.996,246.0,horse,1,0,246,0.0,vgg16,patched_out,valid,zebra,horse,legs
0.9965,0.993,0.9947,285.0,zebra,2,0,2,283.0,vgg16,patched_out,valid,zebra,horse,legs
0.9882,0.6512,0.785,129.0,deer,0,84,2,43.0,vgg16,patched_out,valid,deer,zebra,face
0.9919,1.0,0.996,246.0,horse,1,0,246,0.0,vgg16,patched_out,valid,deer,zebra,face
0.9047,0.9976,0.9488,409.0,zebra,2,1,0,408.0,vgg16,patched_out,valid,deer,zebra,face
0.9875,0.9186,0.9518,86.0,deer,0,79,6,1.0,vgg16,patched_out,valid,deer,horse,background
0.9762,1.0,0.988,246.0,horse,1,0,246,0.0,vgg16,patched_out,valid,deer,horse,background
0.9976,0.9976,0.9976,409.0,zebra,2,1,0,408.0,vgg16,patched_out,valid,deer,horse,background
0.9724,0.9944,0.9832,177.0,deer,0,176,0,1.0,vgg16,patched_out,valid,horse,zebra,face
1.0,0.6757,0.8065,222.0,horse,1,4,150,68.0,vgg16,patched_out,valid,horse,zebra,face
0.8553,0.9976,0.921,409.0,zebra,2,1,0,408.0,vgg16,patched_out,valid,horse,zebra,face
0.9898,0.7519,0.8546,129.0,deer,0,97,0,32.0,vgg16,patched_out,valid,deer,zebra,coat
1.0,1.0,1.0,246.0,horse,1,0,246,0.0,vgg16,patched_out,valid,deer,zebra,coat
0.9273,0.9976,0.9611,409.0,zebra,2,1,0,408.0,vgg16,patched_out,valid,deer,zebra,coat
0.9944,0.9944,0.9944,177.0,deer,0,176,0,1.0,vgg16,patched_out,valid,horse,zebra,legs
1.0,0.9414,0.9698,222.0,horse,1,0,209,13.0,vgg16,patched_out,valid,horse,zebra,legs
0.9668,0.9976,0.9819,409.0,zebra,2,1,0,408.0,vgg16,patched_out,valid,horse,zebra,legs
0.967,0.9944,0.9805,177.0,deer,0,176,0,1.0,vgg16,patched_out,valid,zebra,deer,legs
1.0,1.0,1.0,246.0,horse,1,0,246,0.0,vgg16,patched_out,valid,zebra,deer,legs
0.9964,0.9789,0.9876,285.0,zebra,2,6,0,279.0,vgg16,patched_out,valid,zebra,deer,legs
0.9215,0.9944,0.9565,177.0,deer,0,176,0,1.0,vgg16,patched_out,valid,horse,deer,background
1.0,0.9324,0.965,222.0,horse,1,14,207,1.0,vgg16,patched_out,valid,horse,deer,background
0.9951,0.9976,0.9963,409.0,zebra,2,1,0,408.0,vgg16,patched_out,valid,horse,deer,background
0.8627,0.9944,0.9239,177.0,deer,0,176,0,1.0,vgg16,patched_out,valid,zebra,deer,face
1.0,1.0,1.0,246.0,horse,1,0,246,0.0,vgg16,patched_out,valid,zebra,deer,face
0.9961,0.9018,0.9466,285.0,zebra,2,28,0,257.0,vgg16,patched_out,valid,zebra,deer,face
0.9916,0.9147,0.9516,129.0,deer,0,118,11,0.0,vgg16,patched_out,valid,deer,horse,coat
0.9572,1.0,0.9781,246.0,horse,1,0,246,0.0,vgg16,patched_out,valid,deer,horse,coat
1.0,0.9976,0.9988,409.0,zebra,2,1,0,408.0,vgg16,patched_out,valid,deer,horse,coat
0.9917,0.9302,0.96,129.0,deer,0,120,9,0.0,vgg16,patched_out,valid,deer,horse,face
0.9647,1.0,0.982,246.0,horse,1,0,246,0.0,vgg16,patched_out,valid,deer,horse,face
1.0,0.9976,0.9988,409.0,zebra,2,1,0,408.0,vgg16,patched_out,valid,deer,horse,face
0.9832,0.9944,0.9888,177.0,deer,0,176,0,1.0,vgg16,patched_out,valid,horse,zebra,coat
1.0,0.7883,0.8816,222.0,horse,1,2,175,45.0,vgg16,patched_out,valid,horse,zebra,coat
0.8987,0.9976,0.9455,409.0,zebra,2,1,0,408.0,vgg16,patched_out,valid,horse,zebra,coat
0.8934,0.9944,0.9412,177.0,deer,0,176,0,1.0,vgg16,patched_out,valid,horse,deer,coat
1.0,0.9054,0.9504,222.0,horse,1,20,201,1.0,vgg16,patched_out,valid,horse,deer,coat
0.9951,0.9976,0.9963,409.0,zebra,2,1,0,408.0,vgg16,patched_out,valid,horse,deer,coat
1.0,0.9944,0.9972,177.0,deer,0,176,0,1.0,vgg16,patched_out,valid,zebra,horse,coat
0.988,1.0,0.9939,246.0,horse,1,0,246,0.0,vgg16,patched_out,valid,zebra,horse,coat
0.9965,0.9895,0.993,285.0,zebra,2,0,3,282.0,vgg16,patched_out,valid,zebra,horse,coat
0.9462,0.9944,0.9697,177.0,deer,0,176,0,1.0,vgg16,patched_out,valid,horse,deer,legs
1.0,0.955,0.977,222.0,horse,1,9,212,1.0,vgg16,patched_out,valid,horse,deer,legs
0.9951,0.9976,0.9963,409.0,zebra,2,1,0,408.0,vgg16,patched_out,valid,horse,deer,legs
1.0,0.9944,0.9972,177.0,deer,0,176,0,1.0,vgg16,patched_out,valid,zebra,horse,background
1.0,1.0,1.0,246.0,horse,1,0,246,0.0,vgg16,patched_out,valid,zebra,horse,background
0.9905,1.0,0.9952,104.0,zebra,2,0,0,104.0,vgg16,patched_out,valid,zebra,horse,background
0.992,0.9612,0.9764,129.0,deer,0,124,4,1.0,vgg16,patched_out,valid,deer,horse,legs
0.984,1.0,0.9919,246.0,horse,1,0,246,0.0,vgg16,patched_out,valid,deer,horse,legs
0.9976,0.9976,0.9976,409.0,zebra,2,1,0,408.0,vgg16,patched_out,valid,deer,horse,legs
0.7619,0.9944,0.8627,177.0,deer,0,176,0,1.0,vgg16,patched_out,valid,horse,deer,face
1.0,0.7477,0.8557,222.0,horse,1,54,166,2.0,vgg16,patched_out,valid,horse,deer,face
0.9927,0.9976,0.9951,409.0,zebra,2,1,0,408.0,vgg16,patched_out,valid,horse,deer,face
0.9888,0.9944,0.9915,177.0,deer,0,176,0,1.0,vgg16,patched_out,valid,zebra,horse,face
0.984,1.0,0.9919,246.0,horse,1,0,246,0.0,vgg16,patched_out,valid,zebra,horse,face
0.9964,0.9789,0.9876,285.0,zebra,2,2,4,279.0,vgg16,patched_out,valid,zebra,horse,face
0.9909,0.845,0.9121,129.0,deer,0,109,1,19.0,vgg16,patched_out,valid,deer,zebra,legs
0.996,1.0,0.998,246.0,horse,1,0,246,0.0,vgg16,patched_out,valid,deer,zebra,legs
0.9555,0.9976,0.9761,409.0,zebra,2,1,0,408.0,vgg16,patched_out,valid,deer,zebra,legs
0.9724,0.9944,0.9832,177.0,deer,0,176,0,1.0,vgg16,patched_out,valid,zebra,deer,coat
1.0,1.0,1.0,246.0,horse,1,0,246,0.0,vgg16,patched_out,valid,zebra,deer,coat
0.996,0.9805,0.9882,257.0,zebra,2,5,0,252.0,vgg16,patched_out,valid,zebra,deer,coat
0.9778,0.9944,0.986,177.0,deer,0,176,0,1.0,vgg16,patched_out,valid,zebra,deer,background
1.0,1.0,1.0,246.0,horse,1,0,246,0.0,vgg16,patched_out,valid,zebra,deer,background
0.9965,0.986,0.9912,285.0,zebra,2,4,0,281.0,vgg16,patched_out,valid,zebra,deer,background
0.8287,0.8452,0.8368,704.0,deer,0,595,48,61.0,mobilenet_v3_small,patched_out,train,zebra,deer,face
0.9148,0.8849,0.8996,704.0,horse,1,53,623,28.0,mobilenet_v3_small,patched_out,train,zebra,deer,face
0.8275,0.8422,0.8348,507.0,zebra,2,70,10,427.0,mobilenet_v3_small,patched_out,train,zebra,deer,face
0.8237,0.6273,0.7122,499.0,deer,0,313,152,34.0,mobilenet_v3_small,patched_out,train,deer,horse,legs
0.7957,0.8849,0.8379,704.0,horse,1,53,623,28.0,mobilenet_v3_small,patched_out,train,deer,horse,legs
0.9167,0.9688,0.942,704.0,zebra,2,14,8,682.0,mobilenet_v3_small,patched_out,train,deer,horse,legs
0.8595,0.8216,0.8402,499.0,deer,0,410,46,43.0,mobilenet_v3_small,patched_out,train,deer,zebra,background
0.9202,0.8849,0.9022,704.0,horse,1,53,623,28.0,mobilenet_v3_small,patched_out,train,deer,zebra,background
0.9057,0.9688,0.9362,704.0,zebra,2,14,8,682.0,mobilenet_v3_small,patched_out,train,deer,zebra,background
0.9098,0.8452,0.8763,704.0,deer,0,595,48,61.0,mobilenet_v3_small,patched_out,train,zebra,deer,coat
0.9271,0.8849,0.9055,704.0,horse,1,53,623,28.0,mobilenet_v3_small,patched_out,train,zebra,deer,coat
0.2823,0.8333,0.4217,42.0,zebra,2,6,1,35.0,mobilenet_v3_small,patched_out,train,zebra,deer,coat
0.9043,0.8452,0.8737,704.0,deer,0,595,48,61.0,mobilenet_v3_small,patched_out,train,zebra,horse,face
0.8977,0.8849,0.8913,704.0,horse,1,53,623,28.0,mobilenet_v3_small,patched_out,train,zebra,horse,face
0.8419,0.9349,0.886,507.0,zebra,2,10,23,474.0,mobilenet_v3_small,patched_out,train,zebra,horse,face
0.8661,0.8452,0.8555,704.0,deer,0,595,48,61.0,mobilenet_v3_small,patched_out,train,horse,zebra,legs
0.8887,0.705,0.7863,634.0,horse,1,78,447,109.0,mobilenet_v3_small,patched_out,train,horse,zebra,legs
0.8005,0.9688,0.8766,704.0,zebra,2,14,8,682.0,mobilenet_v3_small,patched_out,train,horse,zebra,legs
0.7933,0.8452,0.8184,704.0,deer,0,595,48,61.0,mobilenet_v3_small,patched_out,train,horse,deer,legs
0.8821,0.6609,0.7556,634.0,horse,1,141,419,74.0,mobilenet_v3_small,patched_out,train,horse,deer,legs
0.8348,0.9688,0.8968,704.0,zebra,2,14,8,682.0,mobilenet_v3_small,patched_out,train,horse,deer,legs
0.7074,0.3246,0.4451,499.0,deer,0,162,96,241.0,mobilenet_v3_small,patched_out,train,deer,zebra,face
0.8569,0.8849,0.8707,704.0,horse,1,53,623,28.0,mobilenet_v3_small,patched_out,train,deer,zebra,face
0.7171,0.9688,0.8242,704.0,zebra,2,14,8,682.0,mobilenet_v3_small,patched_out,train,deer,zebra,face
0.681,0.6085,0.6427,235.0,deer,0,143,63,29.0,mobilenet_v3_small,patched_out,train,deer,horse,background
0.8977,0.8849,0.8913,704.0,horse,1,53,623,28.0,mobilenet_v3_small,patched_out,train,deer,horse,background
0.9229,0.9688,0.9453,704.0,zebra,2,14,8,682.0,mobilenet_v3_small,patched_out,train,deer,horse,background
0.7648,0.8452,0.803,704.0,deer,0,595,48,61.0,mobilenet_v3_small,patched_out,train,horse,zebra,background
0.8761,0.6246,0.7293,634.0,horse,1,169,396,69.0,mobilenet_v3_small,patched_out,train,horse,zebra,background
0.8399,0.9688,0.8997,704.0,zebra,2,14,8,682.0,mobilenet_v3_small,patched_out,train,horse,zebra,background
0.7337,0.8452,0.7855,704.0,deer,0,595,48,61.0,mobilenet_v3_small,patched_out,train,horse,deer,background
0.8676,0.5789,0.6944,634.0,horse,1,202,367,65.0,mobilenet_v3_small,patched_out,train,horse,deer,background
0.8441,0.9688,0.9021,704.0,zebra,2,14,8,682.0,mobilenet_v3_small,patched_out,train,horse,deer,background
0.8586,0.8452,0.8518,704.0,deer,0,595,48,61.0,mobilenet_v3_small,patched_out,train,zebra,deer,legs
0.9243,0.8849,0.9042,704.0,horse,1,53,623,28.0,mobilenet_v3_small,patched_out,train,zebra,deer,legs
0.8376,0.9053,0.8701,507.0,zebra,2,45,3,459.0,mobilenet_v3_small,patched_out,train,zebra,deer,legs
0.7744,0.4609,0.5779,499.0,deer,0,230,240,29.0,mobilenet_v3_small,patched_out,train,deer,horse,face
0.7153,0.8849,0.7911,704.0,horse,1,53,623,28.0,mobilenet_v3_small,patched_out,train,deer,horse,face
0.9229,0.9688,0.9453,704.0,zebra,2,14,8,682.0,mobilenet_v3_small,patched_out,train,deer,horse,face
0.9154,0.8452,0.8789,704.0,deer,0,595,48,61.0,mobilenet_v3_small,patched_out,train,zebra,horse,background
0.9257,0.8849,0.9049,704.0,horse,1,53,623,28.0,mobilenet_v3_small,patched_out,train,zebra,horse,background
0.4606,0.95,0.6204,80.0,zebra,2,2,2,76.0,mobilenet_v3_small,patched_out,train,zebra,horse,background
0.977,0.8452,0.9063,704.0,deer,0,595,48,61.0,mobilenet_v3_small,patched_out,train,horse,zebra,face
0.0,0.0,0.0,0.0,horse,1,0,0,0.0,mobilenet_v3_small,patched_out,train,horse,zebra,face
0.9179,0.9688,0.9426,704.0,zebra,2,14,8,682.0,mobilenet_v3_small,patched_out,train,horse,zebra,face
0.875,0.8452,0.8598,704.0,deer,0,595,48,61.0,mobilenet_v3_small,patched_out,train,zebra,deer,background
0.9243,0.8849,0.9042,704.0,horse,1,53,623,28.0,mobilenet_v3_small,patched_out,train,zebra,deer,background
0.8414,0.931,0.8839,507.0,zebra,2,32,3,472.0,mobilenet_v3_small,patched_out,train,zebra,deer,background
0.6036,0.2044,0.3054,499.0,deer,0,102,62,335.0,mobilenet_v3_small,patched_out,train,deer,zebra,coat
0.899,0.8849,0.8919,704.0,horse,1,53,623,28.0,mobilenet_v3_small,patched_out,train,deer,zebra,coat
0.6526,0.9688,0.7799,704.0,zebra,2,14,8,682.0,mobilenet_v3_small,patched_out,train,deer,zebra,coat
0.8317,0.6633,0.738,499.0,deer,0,331,134,34.0,mobilenet_v3_small,patched_out,train,deer,horse,coat
0.8144,0.8849,0.8482,704.0,horse,1,53,623,28.0,mobilenet_v3_small,patched_out,train,deer,horse,coat
0.9167,0.9688,0.942,704.0,zebra,2,14,8,682.0,mobilenet_v3_small,patched_out,train,deer,horse,coat
0.8218,0.6192,0.7063,499.0,deer,0,309,81,109.0,mobilenet_v3_small,patched_out,train,deer,zebra,legs
0.875,0.8849,0.8799,704.0,horse,1,53,623,28.0,mobilenet_v3_small,patched_out,train,deer,zebra,legs
0.8327,0.9688,0.8956,704.0,zebra,2,14,8,682.0,mobilenet_v3_small,patched_out,train,deer,zebra,legs
0.9355,0.8452,0.8881,704.0,deer,0,595,48,61.0,mobilenet_v3_small,patched_out,train,horse,zebra,coat
0.8647,0.5647,0.6832,634.0,horse,1,27,358,249.0,mobilenet_v3_small,patched_out,train,horse,zebra,coat
0.6875,0.9688,0.8042,704.0,zebra,2,14,8,682.0,mobilenet_v3_small,patched_out,train,horse,zebra,coat
0.9056,0.8452,0.8744,704.0,deer,0,595,48,61.0,mobilenet_v3_small,patched_out,train,zebra,horse,legs
0.9162,0.8849,0.9003,704.0,horse,1,53,623,28.0,mobilenet_v3_small,patched_out,train,zebra,horse,legs
0.846,0.9645,0.9014,507.0,zebra,2,9,9,489.0,mobilenet_v3_small,patched_out,train,zebra,horse,legs
0.8974,0.8452,0.8705,704.0,deer,0,595,48,61.0,mobilenet_v3_small,patched_out,train,horse,deer,coat
0.3636,0.3478,0.3556,92.0,horse,1,54,32,6.0,mobilenet_v3_small,patched_out,train,horse,deer,coat
0.9105,0.9688,0.9387,704.0,zebra,2,14,8,682.0,mobilenet_v3_small,patched_out,train,horse,deer,coat
0.74,0.8452,0.7891,704.0,deer,0,595,48,61.0,mobilenet_v3_small,patched_out,train,horse,deer,face
0.8814,0.6562,0.7523,634.0,horse,1,195,416,23.0,mobilenet_v3_small,patched_out,train,horse,deer,face
0.8903,0.9688,0.9279,704.0,zebra,2,14,8,682.0,mobilenet_v3_small,patched_out,train,horse,deer,face
0.8737,0.8452,0.8592,704.0,deer,0,595,48,61.0,mobilenet_v3_small,patched_out,train,zebra,horse,coat
0.9148,0.8849,0.8996,704.0,horse,1,53,623,28.0,mobilenet_v3_small,patched_out,train,zebra,horse,coat
0.8391,0.9152,0.8755,507.0,zebra,2,33,10,464.0,mobilenet_v3_small,patched_out,train,zebra,horse,coat
0.6727,0.8362,0.7456,177.0,deer,0,148,8,21.0,mobilenet_v3_small,patched_out,valid,horse,zebra,background
0.9315,0.6126,0.7391,222.0,horse,1,64,136,22.0,mobilenet_v3_small,patched_out,valid,horse,zebra,background
0.9027,0.9756,0.9377,409.0,zebra,2,8,2,399.0,mobilenet_v3_small,patched_out,valid,horse,zebra,background
0.7556,0.7907,0.7727,129.0,deer,0,102,12,15.0,mobilenet_v3_small,patched_out,valid,deer,zebra,background
0.9369,0.8455,0.8889,246.0,horse,1,25,208,13.0,mobilenet_v3_small,patched_out,valid,deer,zebra,background
0.9344,0.9756,0.9545,409.0,zebra,2,8,2,399.0,mobilenet_v3_small,patched_out,valid,deer,zebra,background
0.8132,0.8362,0.8245,177.0,deer,0,148,8,21.0,mobilenet_v3_small,patched_out,valid,zebra,horse,legs
0.9541,0.8455,0.8966,246.0,horse,1,25,208,13.0,mobilenet_v3_small,patched_out,valid,zebra,horse,legs
0.8896,0.9614,0.9241,285.0,zebra,2,9,2,274.0,mobilenet_v3_small,patched_out,valid,zebra,horse,legs
0.5658,0.3333,0.4195,129.0,deer,0,43,23,63.0,mobilenet_v3_small,patched_out,valid,deer,zebra,face
0.8927,0.8455,0.8685,246.0,horse,1,25,208,13.0,mobilenet_v3_small,patched_out,valid,deer,zebra,face
0.84,0.9756,0.9027,409.0,zebra,2,8,2,399.0,mobilenet_v3_small,patched_out,valid,deer,zebra,face
0.6118,0.6047,0.6082,86.0,deer,0,52,23,11.0,mobilenet_v3_small,patched_out,valid,deer,horse,background
0.8927,0.8455,0.8685,246.0,horse,1,25,208,13.0,mobilenet_v3_small,patched_out,valid,deer,horse,background
0.9433,0.9756,0.9591,409.0,zebra,2,8,2,399.0,mobilenet_v3_small,patched_out,valid,deer,horse,background
0.8506,0.8362,0.8433,177.0,deer,0,148,8,21.0,mobilenet_v3_small,patched_out,valid,horse,zebra,face
0.9194,0.5135,0.659,222.0,horse,1,18,114,90.0,mobilenet_v3_small,patched_out,valid,horse,zebra,face
0.7824,0.9756,0.8683,409.0,zebra,2,8,2,399.0,mobilenet_v3_small,patched_out,valid,horse,zebra,face
0.45,0.2093,0.2857,129.0,deer,0,27,20,82.0,mobilenet_v3_small,patched_out,valid,deer,zebra,coat
0.9043,0.8455,0.8739,246.0,horse,1,25,208,13.0,mobilenet_v3_small,patched_out,valid,deer,zebra,coat
0.8077,0.9756,0.8837,409.0,zebra,2,8,2,399.0,mobilenet_v3_small,patched_out,valid,deer,zebra,coat
0.8315,0.8362,0.8338,177.0,deer,0,148,8,21.0,mobilenet_v3_small,patched_out,valid,horse,zebra,legs
0.9405,0.7117,0.8103,222.0,horse,1,22,158,42.0,mobilenet_v3_small,patched_out,valid,horse,zebra,legs
0.8636,0.9756,0.9162,409.0,zebra,2,8,2,399.0,mobilenet_v3_small,patched_out,valid,horse,zebra,legs
0.7475,0.8362,0.7893,177.0,deer,0,148,8,21.0,mobilenet_v3_small,patched_out,valid,zebra,deer,legs
0.9541,0.8455,0.8966,246.0,horse,1,25,208,13.0,mobilenet_v3_small,patched_out,valid,zebra,deer,legs
0.8836,0.9053,0.8943,285.0,zebra,2,25,2,258.0,mobilenet_v3_small,patched_out,valid,zebra,deer,legs
0.6578,0.8362,0.7363,177.0,deer,0,148,8,21.0,mobilenet_v3_small,patched_out,valid,horse,deer,background
0.927,0.5721,0.7075,222.0,horse,1,69,127,26.0,mobilenet_v3_small,patched_out,valid,horse,deer,background
0.8946,0.9756,0.9333,409.0,zebra,2,8,2,399.0,mobilenet_v3_small,patched_out,valid,horse,deer,background
0.715,0.8362,0.7708,177.0,deer,0,148,8,21.0,mobilenet_v3_small,patched_out,valid,zebra,deer,face
0.9412,0.8455,0.8908,246.0,horse,1,25,208,13.0,mobilenet_v3_small,patched_out,valid,zebra,deer,face
0.8786,0.8632,0.8708,285.0,zebra,2,34,5,246.0,mobilenet_v3_small,patched_out,valid,zebra,deer,face
0.713,0.6357,0.6721,129.0,deer,0,82,28,19.0,mobilenet_v3_small,patched_out,valid,deer,horse,coat
0.8739,0.8455,0.8595,246.0,horse,1,25,208,13.0,mobilenet_v3_small,patched_out,valid,deer,horse,coat
0.9258,0.9756,0.95,409.0,zebra,2,8,2,399.0,mobilenet_v3_small,patched_out,valid,deer,horse,coat
0.6071,0.3953,0.4789,129.0,deer,0,51,68,10.0,mobilenet_v3_small,patched_out,valid,deer,horse,face
0.7482,0.8455,0.7939,246.0,horse,1,25,208,13.0,mobilenet_v3_small,patched_out,valid,deer,horse,face
0.9455,0.9756,0.9603,409.0,zebra,2,8,2,399.0,mobilenet_v3_small,patched_out,valid,deer,horse,face
0.908,0.8362,0.8706,177.0,deer,0,148,8,21.0,mobilenet_v3_small,patched_out,valid,horse,zebra,coat
0.9265,0.5676,0.7039,222.0,horse,1,7,126,89.0,mobilenet_v3_small,patched_out,valid,horse,zebra,coat
0.7839,0.9756,0.8693,409.0,zebra,2,8,2,399.0,mobilenet_v3_small,patched_out,valid,horse,zebra,coat
0.5362,0.8362,0.6534,177.0,deer,0,148,8,21.0,mobilenet_v3_small,patched_out,valid,horse,deer,coat
0.8936,0.3784,0.5316,222.0,horse,1,120,84,18.0,mobilenet_v3_small,patched_out,valid,horse,deer,coat
0.911,0.9756,0.9421,409.0,zebra,2,8,2,399.0,mobilenet_v3_small,patched_out,valid,horse,deer,coat
0.8132,0.8362,0.8245,177.0,deer,0,148,8,21.0,mobilenet_v3_small,patched_out,valid,zebra,horse,coat
0.9498,0.8455,0.8946,246.0,horse,1,25,208,13.0,mobilenet_v3_small,patched_out,valid,zebra,horse,coat
0.8893,0.9579,0.9223,285.0,zebra,2,9,3,273.0,mobilenet_v3_small,patched_out,valid,zebra,horse,coat
0.7014,0.8362,0.7629,177.0,deer,0,148,8,21.0,mobilenet_v3_small,patched_out,valid,horse,deer,legs
0.932,0.6171,0.7425,222.0,horse,1,55,137,30.0,mobilenet_v3_small,patched_out,valid,horse,deer,legs
0.8867,0.9756,0.929,409.0,zebra,2,8,2,399.0,mobilenet_v3_small,patched_out,valid,horse,deer,legs
0.8457,0.8362,0.8409,177.0,deer,0,148,8,21.0,mobilenet_v3_small,patched_out,valid,zebra,horse,background
0.963,0.8455,0.9004,246.0,horse,1,25,208,13.0,mobilenet_v3_small,patched_out,valid,zebra,horse,background
0.75,0.9808,0.85,104.0,zebra,2,2,0,102.0,mobilenet_v3_small,patched_out,valid,zebra,horse,background
0.7295,0.6899,0.7092,129.0,deer,0,89,24,16.0,mobilenet_v3_small,patched_out,valid,deer,horse,legs
0.8889,0.8455,0.8667,246.0,horse,1,25,208,13.0,mobilenet_v3_small,patched_out,valid,deer,horse,legs
0.9322,0.9756,0.9534,409.0,zebra,2,8,2,399.0,mobilenet_v3_small,patched_out,valid,deer,horse,legs
0.6758,0.8362,0.7475,177.0,deer,0,148,8,21.0,mobilenet_v3_small,patched_out,valid,horse,deer,face
0.9346,0.6441,0.7627,222.0,horse,1,63,143,16.0,mobilenet_v3_small,patched_out,valid,horse,deer,face
0.9151,0.9756,0.9444,409.0,zebra,2,8,2,399.0,mobilenet_v3_small,patched_out,valid,horse,deer,face
0.8132,0.8362,0.8245,177.0,deer,0,148,8,21.0,mobilenet_v3_small,patched_out,valid,zebra,horse,face
0.9286,0.8455,0.8851,246.0,horse,1,25,208,13.0,mobilenet_v3_small,patched_out,valid,zebra,horse,face
0.8874,0.9404,0.9131,285.0,zebra,2,9,8,268.0,mobilenet_v3_small,patched_out,valid,zebra,horse,face
0.7105,0.6279,0.6667,129.0,deer,0,81,15,33.0,mobilenet_v3_small,patched_out,valid,deer,zebra,legs
0.9244,0.8455,0.8832,246.0,horse,1,25,208,13.0,mobilenet_v3_small,patched_out,valid,deer,zebra,legs
0.8966,0.9756,0.9344,409.0,zebra,2,8,2,399.0,mobilenet_v3_small,patched_out,valid,deer,zebra,legs
0.7831,0.8362,0.8087,177.0,deer,0,148,8,21.0,mobilenet_v3_small,patched_out,valid,zebra,deer,coat
0.963,0.8455,0.9004,246.0,horse,1,25,208,13.0,mobilenet_v3_small,patched_out,valid,zebra,deer,coat
0.8764,0.9377,0.906,257.0,zebra,2,16,0,241.0,mobilenet_v3_small,patched_out,valid,zebra,deer,coat
0.8,0.8362,0.8177,177.0,deer,0,148,8,21.0,mobilenet_v3_small,patched_out,valid,zebra,deer,background
0.9412,0.8455,0.8908,246.0,horse,1,25,208,13.0,mobilenet_v3_small,patched_out,valid,zebra,deer,background
0.8874,0.9404,0.9131,285.0,zebra,2,12,5,268.0,mobilenet_v3_small,patched_out,valid,zebra,deer,background
