layer,,,input_shape,output_shape,,,,,,,
"Conv2d_1a_3x3.conv, (Conv2d)",Conv2d,Stem,"(1, 3, 299, 299)","(1, 32, 149, 149)",,(,),22,28,,
"Conv2d_1a_3x3.bn, (BatchNorm2d)",BatchNorm2d,Stem,"(1, 32, 149, 149)","(1, 32, 149, 149)",,(,),20,31,,
"Conv2d_1a_3x3, (BasicConv2d)",BasicConv2d,Stem,"(1, 3, 299, 299)","(1, 32, 149, 149)",,(,),17,28,,
"Conv2d_2a_3x3.conv, (Conv2d)",Conv2d,Stem,"(1, 32, 149, 149)","(1, 32, 147, 147)",,(,),22,28,,
"Conv2d_2a_3x3.bn, (BatchNorm2d)",BatchNorm2d,Stem,"(1, 32, 147, 147)","(1, 32, 147, 147)",,(,),20,31,,
"Conv2d_2a_3x3, (BasicConv2d)",BasicConv2d,Stem,"(1, 32, 149, 149)","(1, 32, 147, 147)",,(,),17,28,,
"Conv2d_2b_3x3.conv, (Conv2d)",Conv2d,Stem,"(1, 32, 147, 147)","(1, 64, 147, 147)",,(,),22,28,,
"Conv2d_2b_3x3.bn, (BatchNorm2d)",BatchNorm2d,Stem,"(1, 64, 147, 147)","(1, 64, 147, 147)",,(,),20,31,,
"Conv2d_2b_3x3, (BasicConv2d)",BasicConv2d,Stem,"(1, 32, 147, 147)","(1, 64, 147, 147)",,(,),17,28,,
"maxpool1, (MaxPool2d)",MaxPool2d,Stem,"(1, 64, 147, 147)","(1, 64, 73, 73)",,(,),12,21,,
"Conv2d_3b_1x1.conv, (Conv2d)",Conv2d,Stem,"(1, 64, 73, 73)","(1, 80, 73, 73)",,(,),22,28,,
"Conv2d_3b_1x1.bn, (BatchNorm2d)",BatchNorm2d,Stem,"(1, 80, 73, 73)","(1, 80, 73, 73)",,(,),20,31,,
"Conv2d_3b_1x1, (BasicConv2d)",BasicConv2d,Stem,"(1, 64, 73, 73)","(1, 80, 73, 73)",,(,),17,28,,
"Conv2d_4a_3x3.conv, (Conv2d)",Conv2d,Stem,"(1, 80, 73, 73)","(1, 192, 71, 71)",,(,),22,28,,
"Conv2d_4a_3x3.bn, (BatchNorm2d)",BatchNorm2d,Stem,"(1, 192, 71, 71)","(1, 192, 71, 71)",,(,),20,31,,
"Conv2d_4a_3x3, (BasicConv2d)",BasicConv2d,Stem,"(1, 80, 73, 73)","(1, 192, 71, 71)",,(,),17,28,,
"maxpool2, (MaxPool2d)",MaxPool2d,Stem,"(1, 192, 71, 71)","(1, 192, 35, 35)",,(,),12,21,,
"Mixed_5b.branch1x1.conv, (Conv2d)",Conv2d,InceptionA,"(1, 192, 35, 35)","(1, 64, 35, 35)",,(,),27,33,,
"Mixed_5b.branch1x1.bn, (BatchNorm2d)",BatchNorm2d,InceptionA,"(1, 64, 35, 35)","(1, 64, 35, 35)",,(,),25,36,,
"Mixed_5b.branch1x1, (BasicConv2d)",BasicConv2d,InceptionA,"(1, 192, 35, 35)","(1, 64, 35, 35)",,(,),22,33,,
"Mixed_5b.branch5x5_1.conv, (Conv2d)",Conv2d,InceptionA,"(1, 192, 35, 35)","(1, 48, 35, 35)",,(,),29,35,,
"Mixed_5b.branch5x5_1.bn, (BatchNorm2d)",BatchNorm2d,InceptionA,"(1, 48, 35, 35)","(1, 48, 35, 35)",,(,),27,38,,
"Mixed_5b.branch5x5_1, (BasicConv2d)",BasicConv2d,InceptionA,"(1, 192, 35, 35)","(1, 48, 35, 35)",,(,),24,35,,
"Mixed_5b.branch5x5_2.conv, (Conv2d)",Conv2d,InceptionA,"(1, 48, 35, 35)","(1, 64, 35, 35)",,(,),29,35,,
"Mixed_5b.branch5x5_2.bn, (BatchNorm2d)",BatchNorm2d,InceptionA,"(1, 64, 35, 35)","(1, 64, 35, 35)",,(,),27,38,,
"Mixed_5b.branch5x5_2, (BasicConv2d)",BasicConv2d,InceptionA,"(1, 48, 35, 35)","(1, 64, 35, 35)",,(,),24,35,,
"Mixed_5b.branch3x3dbl_1.conv, (Conv2d)",Conv2d,InceptionA,"(1, 192, 35, 35)","(1, 64, 35, 35)",,(,),32,38,,
"Mixed_5b.branch3x3dbl_1.bn, (BatchNorm2d)",BatchNorm2d,InceptionA,"(1, 64, 35, 35)","(1, 64, 35, 35)",,(,),30,41,,
"Mixed_5b.branch3x3dbl_1, (BasicConv2d)",BasicConv2d,InceptionA,"(1, 192, 35, 35)","(1, 64, 35, 35)",,(,),27,38,,
"Mixed_5b.branch3x3dbl_2.conv, (Conv2d)",Conv2d,InceptionA,"(1, 64, 35, 35)","(1, 96, 35, 35)",,(,),32,38,,
"Mixed_5b.branch3x3dbl_2.bn, (BatchNorm2d)",BatchNorm2d,InceptionA,"(1, 96, 35, 35)","(1, 96, 35, 35)",,(,),30,41,,
"Mixed_5b.branch3x3dbl_2, (BasicConv2d)",BasicConv2d,InceptionA,"(1, 64, 35, 35)","(1, 96, 35, 35)",,(,),27,38,,
"Mixed_5b.branch3x3dbl_3.conv, (Conv2d)",Conv2d,InceptionA,"(1, 96, 35, 35)","(1, 96, 35, 35)",,(,),32,38,,
"Mixed_5b.branch3x3dbl_3.bn, (BatchNorm2d)",BatchNorm2d,InceptionA,"(1, 96, 35, 35)","(1, 96, 35, 35)",,(,),30,41,,
"Mixed_5b.branch3x3dbl_3, (BasicConv2d)",BasicConv2d,InceptionA,"(1, 96, 35, 35)","(1, 96, 35, 35)",,(,),27,38,,
"Mixed_5b.branch_pool.conv, (Conv2d)",Conv2d,InceptionA,"(1, 192, 35, 35)","(1, 32, 35, 35)",,(,),29,35,,
"Mixed_5b.branch_pool.bn, (BatchNorm2d)",BatchNorm2d,InceptionA,"(1, 32, 35, 35)","(1, 32, 35, 35)",,(,),27,38,,
"Mixed_5b.branch_pool, (BasicConv2d)",BasicConv2d,InceptionA,"(1, 192, 35, 35)","(1, 32, 35, 35)",,(,),24,35,,
"Mixed_5b, (InceptionA)",InceptionA,InceptionA,"(1, 192, 35, 35)","(1, 256, 35, 35)",,(,),12,22,,
"Mixed_5c.branch1x1.conv, (Conv2d)",Conv2d,InceptionA,"(1, 256, 35, 35)","(1, 64, 35, 35)",,(,),27,33,,
"Mixed_5c.branch1x1.bn, (BatchNorm2d)",BatchNorm2d,InceptionA,"(1, 64, 35, 35)","(1, 64, 35, 35)",,(,),25,36,,
"Mixed_5c.branch1x1, (BasicConv2d)",BasicConv2d,InceptionA,"(1, 256, 35, 35)","(1, 64, 35, 35)",,(,),22,33,,
"Mixed_5c.branch5x5_1.conv, (Conv2d)",Conv2d,InceptionA,"(1, 256, 35, 35)","(1, 48, 35, 35)",,(,),29,35,,
"Mixed_5c.branch5x5_1.bn, (BatchNorm2d)",BatchNorm2d,InceptionA,"(1, 48, 35, 35)","(1, 48, 35, 35)",,(,),27,38,,
"Mixed_5c.branch5x5_1, (BasicConv2d)",BasicConv2d,InceptionA,"(1, 256, 35, 35)","(1, 48, 35, 35)",,(,),24,35,,
"Mixed_5c.branch5x5_2.conv, (Conv2d)",Conv2d,InceptionA,"(1, 48, 35, 35)","(1, 64, 35, 35)",,(,),29,35,,
"Mixed_5c.branch5x5_2.bn, (BatchNorm2d)",BatchNorm2d,InceptionA,"(1, 64, 35, 35)","(1, 64, 35, 35)",,(,),27,38,,
"Mixed_5c.branch5x5_2, (BasicConv2d)",BasicConv2d,InceptionA,"(1, 48, 35, 35)","(1, 64, 35, 35)",,(,),24,35,,
"Mixed_5c.branch3x3dbl_1.conv, (Conv2d)",Conv2d,InceptionA,"(1, 256, 35, 35)","(1, 64, 35, 35)",,(,),32,38,,
"Mixed_5c.branch3x3dbl_1.bn, (BatchNorm2d)",BatchNorm2d,InceptionA,"(1, 64, 35, 35)","(1, 64, 35, 35)",,(,),30,41,,
"Mixed_5c.branch3x3dbl_1, (BasicConv2d)",BasicConv2d,InceptionA,"(1, 256, 35, 35)","(1, 64, 35, 35)",,(,),27,38,,
"Mixed_5c.branch3x3dbl_2.conv, (Conv2d)",Conv2d,InceptionA,"(1, 64, 35, 35)","(1, 96, 35, 35)",,(,),32,38,,
"Mixed_5c.branch3x3dbl_2.bn, (BatchNorm2d)",BatchNorm2d,InceptionA,"(1, 96, 35, 35)","(1, 96, 35, 35)",,(,),30,41,,
"Mixed_5c.branch3x3dbl_2, (BasicConv2d)",BasicConv2d,InceptionA,"(1, 64, 35, 35)","(1, 96, 35, 35)",,(,),27,38,,
"Mixed_5c.branch3x3dbl_3.conv, (Conv2d)",Conv2d,InceptionA,"(1, 96, 35, 35)","(1, 96, 35, 35)",,(,),32,38,,
"Mixed_5c.branch3x3dbl_3.bn, (BatchNorm2d)",BatchNorm2d,InceptionA,"(1, 96, 35, 35)","(1, 96, 35, 35)",,(,),30,41,,
"Mixed_5c.branch3x3dbl_3, (BasicConv2d)",BasicConv2d,InceptionA,"(1, 96, 35, 35)","(1, 96, 35, 35)",,(,),27,38,,
"Mixed_5c.branch_pool.conv, (Conv2d)",Conv2d,InceptionA,"(1, 256, 35, 35)","(1, 64, 35, 35)",,(,),29,35,,
"Mixed_5c.branch_pool.bn, (BatchNorm2d)",BatchNorm2d,InceptionA,"(1, 64, 35, 35)","(1, 64, 35, 35)",,(,),27,38,,
"Mixed_5c.branch_pool, (BasicConv2d)",BasicConv2d,InceptionA,"(1, 256, 35, 35)","(1, 64, 35, 35)",,(,),24,35,,
"Mixed_5c, (InceptionA)",InceptionA,InceptionA,"(1, 256, 35, 35)","(1, 288, 35, 35)",,(,),12,22,,Reduction
"Mixed_5d.branch1x1.conv, (Conv2d)",Conv2d,InceptionA,"(1, 288, 35, 35)","(1, 64, 35, 35)",,(,),27,33,,
"Mixed_5d.branch1x1.bn, (BatchNorm2d)",BatchNorm2d,InceptionA,"(1, 64, 35, 35)","(1, 64, 35, 35)",,(,),25,36,,
"Mixed_5d.branch1x1, (BasicConv2d)",BasicConv2d,InceptionA,"(1, 288, 35, 35)","(1, 64, 35, 35)",,(,),22,33,,
"Mixed_5d.branch5x5_1.conv, (Conv2d)",Conv2d,InceptionA,"(1, 288, 35, 35)","(1, 48, 35, 35)",,(,),29,35,,
"Mixed_5d.branch5x5_1.bn, (BatchNorm2d)",BatchNorm2d,InceptionA,"(1, 48, 35, 35)","(1, 48, 35, 35)",,(,),27,38,,
"Mixed_5d.branch5x5_1, (BasicConv2d)",BasicConv2d,InceptionA,"(1, 288, 35, 35)","(1, 48, 35, 35)",,(,),24,35,,
"Mixed_5d.branch5x5_2.conv, (Conv2d)",Conv2d,InceptionA,"(1, 48, 35, 35)","(1, 64, 35, 35)",,(,),29,35,,
"Mixed_5d.branch5x5_2.bn, (BatchNorm2d)",BatchNorm2d,InceptionA,"(1, 64, 35, 35)","(1, 64, 35, 35)",,(,),27,38,,
"Mixed_5d.branch5x5_2, (BasicConv2d)",BasicConv2d,InceptionA,"(1, 48, 35, 35)","(1, 64, 35, 35)",,(,),24,35,,
"Mixed_5d.branch3x3dbl_1.conv, (Conv2d)",Conv2d,InceptionA,"(1, 288, 35, 35)","(1, 64, 35, 35)",,(,),32,38,,
"Mixed_5d.branch3x3dbl_1.bn, (BatchNorm2d)",BatchNorm2d,InceptionA,"(1, 64, 35, 35)","(1, 64, 35, 35)",,(,),30,41,,
"Mixed_5d.branch3x3dbl_1, (BasicConv2d)",BasicConv2d,InceptionA,"(1, 288, 35, 35)","(1, 64, 35, 35)",,(,),27,38,,
"Mixed_5d.branch3x3dbl_2.conv, (Conv2d)",Conv2d,InceptionA,"(1, 64, 35, 35)","(1, 96, 35, 35)",,(,),32,38,,
"Mixed_5d.branch3x3dbl_2.bn, (BatchNorm2d)",BatchNorm2d,InceptionA,"(1, 96, 35, 35)","(1, 96, 35, 35)",,(,),30,41,,
"Mixed_5d.branch3x3dbl_2, (BasicConv2d)",BasicConv2d,InceptionA,"(1, 64, 35, 35)","(1, 96, 35, 35)",,(,),27,38,,
"Mixed_5d.branch3x3dbl_3.conv, (Conv2d)",Conv2d,InceptionA,"(1, 96, 35, 35)","(1, 96, 35, 35)",,(,),32,38,,
"Mixed_5d.branch3x3dbl_3.bn, (BatchNorm2d)",BatchNorm2d,InceptionA,"(1, 96, 35, 35)","(1, 96, 35, 35)",,(,),30,41,,
"Mixed_5d.branch3x3dbl_3, (BasicConv2d)",BasicConv2d,InceptionA,"(1, 96, 35, 35)","(1, 96, 35, 35)",,(,),27,38,,
"Mixed_5d.branch_pool.conv, (Conv2d)",Conv2d,InceptionA,"(1, 288, 35, 35)","(1, 64, 35, 35)",,(,),29,35,,
"Mixed_5d.branch_pool.bn, (BatchNorm2d)",BatchNorm2d,InceptionA,"(1, 64, 35, 35)","(1, 64, 35, 35)",,(,),27,38,,
"Mixed_5d.branch_pool, (BasicConv2d)",BasicConv2d,InceptionA,"(1, 288, 35, 35)","(1, 64, 35, 35)",,(,),24,35,,
"Mixed_5d, (InceptionA)",InceptionA,InceptionA,"(1, 288, 35, 35)","(1, 288, 35, 35)",,(,),12,22,,
"Mixed_6a.branch3x3.conv, (Conv2d)",Conv2d,ReducitonA,"(1, 288, 35, 35)","(1, 384, 17, 17)",,(,),27,33,,
"Mixed_6a.branch3x3.bn, (BatchNorm2d)",BatchNorm2d,ReducitonA,"(1, 384, 17, 17)","(1, 384, 17, 17)",,(,),25,36,,
"Mixed_6a.branch3x3, (BasicConv2d)",BasicConv2d,ReducitonA,"(1, 288, 35, 35)","(1, 384, 17, 17)",,(,),22,33,,
"Mixed_6a.branch3x3dbl_1.conv, (Conv2d)",Conv2d,ReducitonA,"(1, 288, 35, 35)","(1, 64, 35, 35)",,(,),32,38,,
"Mixed_6a.branch3x3dbl_1.bn, (BatchNorm2d)",BatchNorm2d,ReducitonA,"(1, 64, 35, 35)","(1, 64, 35, 35)",,(,),30,41,,
"Mixed_6a.branch3x3dbl_1, (BasicConv2d)",BasicConv2d,ReducitonA,"(1, 288, 35, 35)","(1, 64, 35, 35)",,(,),27,38,,
"Mixed_6a.branch3x3dbl_2.conv, (Conv2d)",Conv2d,ReducitonA,"(1, 64, 35, 35)","(1, 96, 35, 35)",,(,),32,38,,
"Mixed_6a.branch3x3dbl_2.bn, (BatchNorm2d)",BatchNorm2d,ReducitonA,"(1, 96, 35, 35)","(1, 96, 35, 35)",,(,),30,41,,
"Mixed_6a.branch3x3dbl_2, (BasicConv2d)",BasicConv2d,ReducitonA,"(1, 64, 35, 35)","(1, 96, 35, 35)",,(,),27,38,,
"Mixed_6a.branch3x3dbl_3.conv, (Conv2d)",Conv2d,ReducitonA,"(1, 96, 35, 35)","(1, 96, 17, 17)",,(,),32,38,,
"Mixed_6a.branch3x3dbl_3.bn, (BatchNorm2d)",BatchNorm2d,ReducitonA,"(1, 96, 17, 17)","(1, 96, 17, 17)",,(,),30,41,,
"Mixed_6a.branch3x3dbl_3, (BasicConv2d)",BasicConv2d,ReducitonA,"(1, 96, 35, 35)","(1, 96, 17, 17)",,(,),27,38,,
"Mixed_6a, (InceptionB)",InceptionB,ReducitonA,"(1, 288, 35, 35)","(1, 768, 17, 17)",,(,),12,22,,
"Mixed_6b.branch1x1.conv, (Conv2d)",Conv2d,InceptionB,"(1, 768, 17, 17)","(1, 192, 17, 17)",,(,),27,33,,
"Mixed_6b.branch1x1.bn, (BatchNorm2d)",BatchNorm2d,InceptionB,"(1, 192, 17, 17)","(1, 192, 17, 17)",,(,),25,36,,
"Mixed_6b.branch1x1, (BasicConv2d)",BasicConv2d,InceptionB,"(1, 768, 17, 17)","(1, 192, 17, 17)",,(,),22,33,,
"Mixed_6b.branch7x7_1.conv, (Conv2d)",Conv2d,InceptionB,"(1, 768, 17, 17)","(1, 128, 17, 17)",,(,),29,35,,
"Mixed_6b.branch7x7_1.bn, (BatchNorm2d)",BatchNorm2d,InceptionB,"(1, 128, 17, 17)","(1, 128, 17, 17)",,(,),27,38,,
"Mixed_6b.branch7x7_1, (BasicConv2d)",BasicConv2d,InceptionB,"(1, 768, 17, 17)","(1, 128, 17, 17)",,(,),24,35,,
"Mixed_6b.branch7x7_2.conv, (Conv2d)",Conv2d,InceptionB,"(1, 128, 17, 17)","(1, 128, 17, 17)",,(,),29,35,,
"Mixed_6b.branch7x7_2.bn, (BatchNorm2d)",BatchNorm2d,InceptionB,"(1, 128, 17, 17)","(1, 128, 17, 17)",,(,),27,38,,
"Mixed_6b.branch7x7_2, (BasicConv2d)",BasicConv2d,InceptionB,"(1, 128, 17, 17)","(1, 128, 17, 17)",,(,),24,35,,
"Mixed_6b.branch7x7_3.conv, (Conv2d)",Conv2d,InceptionB,"(1, 128, 17, 17)","(1, 192, 17, 17)",,(,),29,35,,
"Mixed_6b.branch7x7_3.bn, (BatchNorm2d)",BatchNorm2d,InceptionB,"(1, 192, 17, 17)","(1, 192, 17, 17)",,(,),27,38,,
"Mixed_6b.branch7x7_3, (BasicConv2d)",BasicConv2d,InceptionB,"(1, 128, 17, 17)","(1, 192, 17, 17)",,(,),24,35,,
"Mixed_6b.branch7x7dbl_1.conv, (Conv2d)",Conv2d,InceptionB,"(1, 768, 17, 17)","(1, 128, 17, 17)",,(,),32,38,,
"Mixed_6b.branch7x7dbl_1.bn, (BatchNorm2d)",BatchNorm2d,InceptionB,"(1, 128, 17, 17)","(1, 128, 17, 17)",,(,),30,41,,
"Mixed_6b.branch7x7dbl_1, (BasicConv2d)",BasicConv2d,InceptionB,"(1, 768, 17, 17)","(1, 128, 17, 17)",,(,),27,38,,
"Mixed_6b.branch7x7dbl_2.conv, (Conv2d)",Conv2d,InceptionB,"(1, 128, 17, 17)","(1, 128, 17, 17)",,(,),32,38,,
"Mixed_6b.branch7x7dbl_2.bn, (BatchNorm2d)",BatchNorm2d,InceptionB,"(1, 128, 17, 17)","(1, 128, 17, 17)",,(,),30,41,,
"Mixed_6b.branch7x7dbl_2, (BasicConv2d)",BasicConv2d,InceptionB,"(1, 128, 17, 17)","(1, 128, 17, 17)",,(,),27,38,,
"Mixed_6b.branch7x7dbl_3.conv, (Conv2d)",Conv2d,InceptionB,"(1, 128, 17, 17)","(1, 128, 17, 17)",,(,),32,38,,
"Mixed_6b.branch7x7dbl_3.bn, (BatchNorm2d)",BatchNorm2d,InceptionB,"(1, 128, 17, 17)","(1, 128, 17, 17)",,(,),30,41,,
"Mixed_6b.branch7x7dbl_3, (BasicConv2d)",BasicConv2d,InceptionB,"(1, 128, 17, 17)","(1, 128, 17, 17)",,(,),27,38,,
"Mixed_6b.branch7x7dbl_4.conv, (Conv2d)",Conv2d,InceptionB,"(1, 128, 17, 17)","(1, 128, 17, 17)",,(,),32,38,,
"Mixed_6b.branch7x7dbl_4.bn, (BatchNorm2d)",BatchNorm2d,InceptionB,"(1, 128, 17, 17)","(1, 128, 17, 17)",,(,),30,41,,
"Mixed_6b.branch7x7dbl_4, (BasicConv2d)",BasicConv2d,InceptionB,"(1, 128, 17, 17)","(1, 128, 17, 17)",,(,),27,38,,
"Mixed_6b.branch7x7dbl_5.conv, (Conv2d)",Conv2d,InceptionB,"(1, 128, 17, 17)","(1, 192, 17, 17)",,(,),32,38,,
"Mixed_6b.branch7x7dbl_5.bn, (BatchNorm2d)",BatchNorm2d,InceptionB,"(1, 192, 17, 17)","(1, 192, 17, 17)",,(,),30,41,,
"Mixed_6b.branch7x7dbl_5, (BasicConv2d)",BasicConv2d,InceptionB,"(1, 128, 17, 17)","(1, 192, 17, 17)",,(,),27,38,,
"Mixed_6b.branch_pool.conv, (Conv2d)",Conv2d,InceptionB,"(1, 768, 17, 17)","(1, 192, 17, 17)",,(,),29,35,,
"Mixed_6b.branch_pool.bn, (BatchNorm2d)",BatchNorm2d,InceptionB,"(1, 192, 17, 17)","(1, 192, 17, 17)",,(,),27,38,,
"Mixed_6b.branch_pool, (BasicConv2d)",BasicConv2d,InceptionB,"(1, 768, 17, 17)","(1, 192, 17, 17)",,(,),24,35,,
"Mixed_6b, (InceptionC)",InceptionC,InceptionB,"(1, 768, 17, 17)","(1, 768, 17, 17)",,(,),12,22,,
"Mixed_6c.branch1x1.conv, (Conv2d)",Conv2d,InceptionB,"(1, 768, 17, 17)","(1, 192, 17, 17)",,(,),27,33,,
"Mixed_6c.branch1x1.bn, (BatchNorm2d)",BatchNorm2d,InceptionB,"(1, 192, 17, 17)","(1, 192, 17, 17)",,(,),25,36,,
"Mixed_6c.branch1x1, (BasicConv2d)",BasicConv2d,InceptionB,"(1, 768, 17, 17)","(1, 192, 17, 17)",,(,),22,33,,
"Mixed_6c.branch7x7_1.conv, (Conv2d)",Conv2d,InceptionB,"(1, 768, 17, 17)","(1, 160, 17, 17)",,(,),29,35,,
"Mixed_6c.branch7x7_1.bn, (BatchNorm2d)",BatchNorm2d,InceptionB,"(1, 160, 17, 17)","(1, 160, 17, 17)",,(,),27,38,,
"Mixed_6c.branch7x7_1, (BasicConv2d)",BasicConv2d,InceptionB,"(1, 768, 17, 17)","(1, 160, 17, 17)",,(,),24,35,,
"Mixed_6c.branch7x7_2.conv, (Conv2d)",Conv2d,InceptionB,"(1, 160, 17, 17)","(1, 160, 17, 17)",,(,),29,35,,
"Mixed_6c.branch7x7_2.bn, (BatchNorm2d)",BatchNorm2d,InceptionB,"(1, 160, 17, 17)","(1, 160, 17, 17)",,(,),27,38,,
"Mixed_6c.branch7x7_2, (BasicConv2d)",BasicConv2d,InceptionB,"(1, 160, 17, 17)","(1, 160, 17, 17)",,(,),24,35,,
"Mixed_6c.branch7x7_3.conv, (Conv2d)",Conv2d,InceptionB,"(1, 160, 17, 17)","(1, 192, 17, 17)",,(,),29,35,,
"Mixed_6c.branch7x7_3.bn, (BatchNorm2d)",BatchNorm2d,InceptionB,"(1, 192, 17, 17)","(1, 192, 17, 17)",,(,),27,38,,
"Mixed_6c.branch7x7_3, (BasicConv2d)",BasicConv2d,InceptionB,"(1, 160, 17, 17)","(1, 192, 17, 17)",,(,),24,35,,
"Mixed_6c.branch7x7dbl_1.conv, (Conv2d)",Conv2d,InceptionB,"(1, 768, 17, 17)","(1, 160, 17, 17)",,(,),32,38,,
"Mixed_6c.branch7x7dbl_1.bn, (BatchNorm2d)",BatchNorm2d,InceptionB,"(1, 160, 17, 17)","(1, 160, 17, 17)",,(,),30,41,,
"Mixed_6c.branch7x7dbl_1, (BasicConv2d)",BasicConv2d,InceptionB,"(1, 768, 17, 17)","(1, 160, 17, 17)",,(,),27,38,,
"Mixed_6c.branch7x7dbl_2.conv, (Conv2d)",Conv2d,InceptionB,"(1, 160, 17, 17)","(1, 160, 17, 17)",,(,),32,38,,
"Mixed_6c.branch7x7dbl_2.bn, (BatchNorm2d)",BatchNorm2d,InceptionB,"(1, 160, 17, 17)","(1, 160, 17, 17)",,(,),30,41,,
"Mixed_6c.branch7x7dbl_2, (BasicConv2d)",BasicConv2d,InceptionB,"(1, 160, 17, 17)","(1, 160, 17, 17)",,(,),27,38,,
"Mixed_6c.branch7x7dbl_3.conv, (Conv2d)",Conv2d,InceptionB,"(1, 160, 17, 17)","(1, 160, 17, 17)",,(,),32,38,,
"Mixed_6c.branch7x7dbl_3.bn, (BatchNorm2d)",BatchNorm2d,InceptionB,"(1, 160, 17, 17)","(1, 160, 17, 17)",,(,),30,41,,
"Mixed_6c.branch7x7dbl_3, (BasicConv2d)",BasicConv2d,InceptionB,"(1, 160, 17, 17)","(1, 160, 17, 17)",,(,),27,38,,
"Mixed_6c.branch7x7dbl_4.conv, (Conv2d)",Conv2d,InceptionB,"(1, 160, 17, 17)","(1, 160, 17, 17)",,(,),32,38,,
"Mixed_6c.branch7x7dbl_4.bn, (BatchNorm2d)",BatchNorm2d,InceptionB,"(1, 160, 17, 17)","(1, 160, 17, 17)",,(,),30,41,,
"Mixed_6c.branch7x7dbl_4, (BasicConv2d)",BasicConv2d,InceptionB,"(1, 160, 17, 17)","(1, 160, 17, 17)",,(,),27,38,,
"Mixed_6c.branch7x7dbl_5.conv, (Conv2d)",Conv2d,InceptionB,"(1, 160, 17, 17)","(1, 192, 17, 17)",,(,),32,38,,
"Mixed_6c.branch7x7dbl_5.bn, (BatchNorm2d)",BatchNorm2d,InceptionB,"(1, 192, 17, 17)","(1, 192, 17, 17)",,(,),30,41,,
"Mixed_6c.branch7x7dbl_5, (BasicConv2d)",BasicConv2d,InceptionB,"(1, 160, 17, 17)","(1, 192, 17, 17)",,(,),27,38,,
"Mixed_6c.branch_pool.conv, (Conv2d)",Conv2d,InceptionB,"(1, 768, 17, 17)","(1, 192, 17, 17)",,(,),29,35,,
"Mixed_6c.branch_pool.bn, (BatchNorm2d)",BatchNorm2d,InceptionB,"(1, 192, 17, 17)","(1, 192, 17, 17)",,(,),27,38,,
"Mixed_6c.branch_pool, (BasicConv2d)",BasicConv2d,InceptionB,"(1, 768, 17, 17)","(1, 192, 17, 17)",,(,),24,35,,
"Mixed_6c, (InceptionC)",InceptionC,InceptionB,"(1, 768, 17, 17)","(1, 768, 17, 17)",,(,),12,22,,
"Mixed_6d.branch1x1.conv, (Conv2d)",Conv2d,InceptionB,"(1, 768, 17, 17)","(1, 192, 17, 17)",,(,),27,33,,
"Mixed_6d.branch1x1.bn, (BatchNorm2d)",BatchNorm2d,InceptionB,"(1, 192, 17, 17)","(1, 192, 17, 17)",,(,),25,36,,
"Mixed_6d.branch1x1, (BasicConv2d)",BasicConv2d,InceptionB,"(1, 768, 17, 17)","(1, 192, 17, 17)",,(,),22,33,,
"Mixed_6d.branch7x7_1.conv, (Conv2d)",Conv2d,InceptionB,"(1, 768, 17, 17)","(1, 160, 17, 17)",,(,),29,35,,
"Mixed_6d.branch7x7_1.bn, (BatchNorm2d)",BatchNorm2d,InceptionB,"(1, 160, 17, 17)","(1, 160, 17, 17)",,(,),27,38,,
"Mixed_6d.branch7x7_1, (BasicConv2d)",BasicConv2d,InceptionB,"(1, 768, 17, 17)","(1, 160, 17, 17)",,(,),24,35,,
"Mixed_6d.branch7x7_2.conv, (Conv2d)",Conv2d,InceptionB,"(1, 160, 17, 17)","(1, 160, 17, 17)",,(,),29,35,,
"Mixed_6d.branch7x7_2.bn, (BatchNorm2d)",BatchNorm2d,InceptionB,"(1, 160, 17, 17)","(1, 160, 17, 17)",,(,),27,38,,
"Mixed_6d.branch7x7_2, (BasicConv2d)",BasicConv2d,InceptionB,"(1, 160, 17, 17)","(1, 160, 17, 17)",,(,),24,35,,
"Mixed_6d.branch7x7_3.conv, (Conv2d)",Conv2d,InceptionB,"(1, 160, 17, 17)","(1, 192, 17, 17)",,(,),29,35,,
"Mixed_6d.branch7x7_3.bn, (BatchNorm2d)",BatchNorm2d,InceptionB,"(1, 192, 17, 17)","(1, 192, 17, 17)",,(,),27,38,,
"Mixed_6d.branch7x7_3, (BasicConv2d)",BasicConv2d,InceptionB,"(1, 160, 17, 17)","(1, 192, 17, 17)",,(,),24,35,,
"Mixed_6d.branch7x7dbl_1.conv, (Conv2d)",Conv2d,InceptionB,"(1, 768, 17, 17)","(1, 160, 17, 17)",,(,),32,38,,
"Mixed_6d.branch7x7dbl_1.bn, (BatchNorm2d)",BatchNorm2d,InceptionB,"(1, 160, 17, 17)","(1, 160, 17, 17)",,(,),30,41,,
"Mixed_6d.branch7x7dbl_1, (BasicConv2d)",BasicConv2d,InceptionB,"(1, 768, 17, 17)","(1, 160, 17, 17)",,(,),27,38,,
"Mixed_6d.branch7x7dbl_2.conv, (Conv2d)",Conv2d,InceptionB,"(1, 160, 17, 17)","(1, 160, 17, 17)",,(,),32,38,,
"Mixed_6d.branch7x7dbl_2.bn, (BatchNorm2d)",BatchNorm2d,InceptionB,"(1, 160, 17, 17)","(1, 160, 17, 17)",,(,),30,41,,
"Mixed_6d.branch7x7dbl_2, (BasicConv2d)",BasicConv2d,InceptionB,"(1, 160, 17, 17)","(1, 160, 17, 17)",,(,),27,38,,
"Mixed_6d.branch7x7dbl_3.conv, (Conv2d)",Conv2d,InceptionB,"(1, 160, 17, 17)","(1, 160, 17, 17)",,(,),32,38,,
"Mixed_6d.branch7x7dbl_3.bn, (BatchNorm2d)",BatchNorm2d,InceptionB,"(1, 160, 17, 17)","(1, 160, 17, 17)",,(,),30,41,,
"Mixed_6d.branch7x7dbl_3, (BasicConv2d)",BasicConv2d,InceptionB,"(1, 160, 17, 17)","(1, 160, 17, 17)",,(,),27,38,,
"Mixed_6d.branch7x7dbl_4.conv, (Conv2d)",Conv2d,InceptionB,"(1, 160, 17, 17)","(1, 160, 17, 17)",,(,),32,38,,
"Mixed_6d.branch7x7dbl_4.bn, (BatchNorm2d)",BatchNorm2d,InceptionB,"(1, 160, 17, 17)","(1, 160, 17, 17)",,(,),30,41,,
"Mixed_6d.branch7x7dbl_4, (BasicConv2d)",BasicConv2d,InceptionB,"(1, 160, 17, 17)","(1, 160, 17, 17)",,(,),27,38,,
"Mixed_6d.branch7x7dbl_5.conv, (Conv2d)",Conv2d,InceptionB,"(1, 160, 17, 17)","(1, 192, 17, 17)",,(,),32,38,,
"Mixed_6d.branch7x7dbl_5.bn, (BatchNorm2d)",BatchNorm2d,InceptionB,"(1, 192, 17, 17)","(1, 192, 17, 17)",,(,),30,41,,
"Mixed_6d.branch7x7dbl_5, (BasicConv2d)",BasicConv2d,InceptionB,"(1, 160, 17, 17)","(1, 192, 17, 17)",,(,),27,38,,
"Mixed_6d.branch_pool.conv, (Conv2d)",Conv2d,InceptionB,"(1, 768, 17, 17)","(1, 192, 17, 17)",,(,),29,35,,
"Mixed_6d.branch_pool.bn, (BatchNorm2d)",BatchNorm2d,InceptionB,"(1, 192, 17, 17)","(1, 192, 17, 17)",,(,),27,38,,
"Mixed_6d.branch_pool, (BasicConv2d)",BasicConv2d,InceptionB,"(1, 768, 17, 17)","(1, 192, 17, 17)",,(,),24,35,,
"Mixed_6d, (InceptionC)",InceptionC,InceptionB,"(1, 768, 17, 17)","(1, 768, 17, 17)",,(,),12,22,,
"Mixed_6e.branch1x1.conv, (Conv2d)",Conv2d,InceptionB,"(1, 768, 17, 17)","(1, 192, 17, 17)",,(,),27,33,,
"Mixed_6e.branch1x1.bn, (BatchNorm2d)",BatchNorm2d,InceptionB,"(1, 192, 17, 17)","(1, 192, 17, 17)",,(,),25,36,,
"Mixed_6e.branch1x1, (BasicConv2d)",BasicConv2d,InceptionB,"(1, 768, 17, 17)","(1, 192, 17, 17)",,(,),22,33,,
"Mixed_6e.branch7x7_1.conv, (Conv2d)",Conv2d,InceptionB,"(1, 768, 17, 17)","(1, 192, 17, 17)",,(,),29,35,,
"Mixed_6e.branch7x7_1.bn, (BatchNorm2d)",BatchNorm2d,InceptionB,"(1, 192, 17, 17)","(1, 192, 17, 17)",,(,),27,38,,
"Mixed_6e.branch7x7_1, (BasicConv2d)",BasicConv2d,InceptionB,"(1, 768, 17, 17)","(1, 192, 17, 17)",,(,),24,35,,
"Mixed_6e.branch7x7_2.conv, (Conv2d)",Conv2d,InceptionB,"(1, 192, 17, 17)","(1, 192, 17, 17)",,(,),29,35,,
"Mixed_6e.branch7x7_2.bn, (BatchNorm2d)",BatchNorm2d,InceptionB,"(1, 192, 17, 17)","(1, 192, 17, 17)",,(,),27,38,,
"Mixed_6e.branch7x7_2, (BasicConv2d)",BasicConv2d,InceptionB,"(1, 192, 17, 17)","(1, 192, 17, 17)",,(,),24,35,,
"Mixed_6e.branch7x7_3.conv, (Conv2d)",Conv2d,InceptionB,"(1, 192, 17, 17)","(1, 192, 17, 17)",,(,),29,35,,
"Mixed_6e.branch7x7_3.bn, (BatchNorm2d)",BatchNorm2d,InceptionB,"(1, 192, 17, 17)","(1, 192, 17, 17)",,(,),27,38,,
"Mixed_6e.branch7x7_3, (BasicConv2d)",BasicConv2d,InceptionB,"(1, 192, 17, 17)","(1, 192, 17, 17)",,(,),24,35,,
"Mixed_6e.branch7x7dbl_1.conv, (Conv2d)",Conv2d,InceptionB,"(1, 768, 17, 17)","(1, 192, 17, 17)",,(,),32,38,,
"Mixed_6e.branch7x7dbl_1.bn, (BatchNorm2d)",BatchNorm2d,InceptionB,"(1, 192, 17, 17)","(1, 192, 17, 17)",,(,),30,41,,
"Mixed_6e.branch7x7dbl_1, (BasicConv2d)",BasicConv2d,InceptionB,"(1, 768, 17, 17)","(1, 192, 17, 17)",,(,),27,38,,
"Mixed_6e.branch7x7dbl_2.conv, (Conv2d)",Conv2d,InceptionB,"(1, 192, 17, 17)","(1, 192, 17, 17)",,(,),32,38,,
"Mixed_6e.branch7x7dbl_2.bn, (BatchNorm2d)",BatchNorm2d,InceptionB,"(1, 192, 17, 17)","(1, 192, 17, 17)",,(,),30,41,,
"Mixed_6e.branch7x7dbl_2, (BasicConv2d)",BasicConv2d,InceptionB,"(1, 192, 17, 17)","(1, 192, 17, 17)",,(,),27,38,,
"Mixed_6e.branch7x7dbl_3.conv, (Conv2d)",Conv2d,InceptionB,"(1, 192, 17, 17)","(1, 192, 17, 17)",,(,),32,38,,
"Mixed_6e.branch7x7dbl_3.bn, (BatchNorm2d)",BatchNorm2d,InceptionB,"(1, 192, 17, 17)","(1, 192, 17, 17)",,(,),30,41,,
"Mixed_6e.branch7x7dbl_3, (BasicConv2d)",BasicConv2d,InceptionB,"(1, 192, 17, 17)","(1, 192, 17, 17)",,(,),27,38,,
"Mixed_6e.branch7x7dbl_4.conv, (Conv2d)",Conv2d,InceptionB,"(1, 192, 17, 17)","(1, 192, 17, 17)",,(,),32,38,,
"Mixed_6e.branch7x7dbl_4.bn, (BatchNorm2d)",BatchNorm2d,InceptionB,"(1, 192, 17, 17)","(1, 192, 17, 17)",,(,),30,41,,
"Mixed_6e.branch7x7dbl_4, (BasicConv2d)",BasicConv2d,InceptionB,"(1, 192, 17, 17)","(1, 192, 17, 17)",,(,),27,38,,
"Mixed_6e.branch7x7dbl_5.conv, (Conv2d)",Conv2d,InceptionB,"(1, 192, 17, 17)","(1, 192, 17, 17)",,(,),32,38,,
"Mixed_6e.branch7x7dbl_5.bn, (BatchNorm2d)",BatchNorm2d,InceptionB,"(1, 192, 17, 17)","(1, 192, 17, 17)",,(,),30,41,,
"Mixed_6e.branch7x7dbl_5, (BasicConv2d)",BasicConv2d,InceptionB,"(1, 192, 17, 17)","(1, 192, 17, 17)",,(,),27,38,,
"Mixed_6e.branch_pool.conv, (Conv2d)",Conv2d,InceptionB,"(1, 768, 17, 17)","(1, 192, 17, 17)",,(,),29,35,,
"Mixed_6e.branch_pool.bn, (BatchNorm2d)",BatchNorm2d,InceptionB,"(1, 192, 17, 17)","(1, 192, 17, 17)",,(,),27,38,,
"Mixed_6e.branch_pool, (BasicConv2d)",BasicConv2d,InceptionB,"(1, 768, 17, 17)","(1, 192, 17, 17)",,(,),24,35,,
"Mixed_6e, (InceptionC)",InceptionC,InceptionB,"(1, 768, 17, 17)","(1, 768, 17, 17)",,(,),12,22,,
"Mixed_7a.branch3x3_1.conv, (Conv2d)",Conv2d,ReductionB,"(1, 768, 17, 17)","(1, 192, 17, 17)",,(,),29,35,,
"Mixed_7a.branch3x3_1.bn, (BatchNorm2d)",BatchNorm2d,ReductionB,"(1, 192, 17, 17)","(1, 192, 17, 17)",,(,),27,38,,
"Mixed_7a.branch3x3_1, (BasicConv2d)",BasicConv2d,ReductionB,"(1, 768, 17, 17)","(1, 192, 17, 17)",,(,),24,35,,
"Mixed_7a.branch3x3_2.conv, (Conv2d)",Conv2d,ReductionB,"(1, 192, 17, 17)","(1, 320, 8, 8)",,(,),29,35,,
"Mixed_7a.branch3x3_2.bn, (BatchNorm2d)",BatchNorm2d,ReductionB,"(1, 320, 8, 8)","(1, 320, 8, 8)",,(,),27,38,,
"Mixed_7a.branch3x3_2, (BasicConv2d)",BasicConv2d,ReductionB,"(1, 192, 17, 17)","(1, 320, 8, 8)",,(,),24,35,,
"Mixed_7a.branch7x7x3_1.conv, (Conv2d)",Conv2d,ReductionB,"(1, 768, 17, 17)","(1, 192, 17, 17)",,(,),31,37,,
"Mixed_7a.branch7x7x3_1.bn, (BatchNorm2d)",BatchNorm2d,ReductionB,"(1, 192, 17, 17)","(1, 192, 17, 17)",,(,),29,40,,
"Mixed_7a.branch7x7x3_1, (BasicConv2d)",BasicConv2d,ReductionB,"(1, 768, 17, 17)","(1, 192, 17, 17)",,(,),26,37,,
"Mixed_7a.branch7x7x3_2.conv, (Conv2d)",Conv2d,ReductionB,"(1, 192, 17, 17)","(1, 192, 17, 17)",,(,),31,37,,
"Mixed_7a.branch7x7x3_2.bn, (BatchNorm2d)",BatchNorm2d,ReductionB,"(1, 192, 17, 17)","(1, 192, 17, 17)",,(,),29,40,,
"Mixed_7a.branch7x7x3_2, (BasicConv2d)",BasicConv2d,ReductionB,"(1, 192, 17, 17)","(1, 192, 17, 17)",,(,),26,37,,
"Mixed_7a.branch7x7x3_3.conv, (Conv2d)",Conv2d,ReductionB,"(1, 192, 17, 17)","(1, 192, 17, 17)",,(,),31,37,,
"Mixed_7a.branch7x7x3_3.bn, (BatchNorm2d)",BatchNorm2d,ReductionB,"(1, 192, 17, 17)","(1, 192, 17, 17)",,(,),29,40,,
"Mixed_7a.branch7x7x3_3, (BasicConv2d)",BasicConv2d,ReductionB,"(1, 192, 17, 17)","(1, 192, 17, 17)",,(,),26,37,,
"Mixed_7a.branch7x7x3_4.conv, (Conv2d)",Conv2d,ReductionB,"(1, 192, 17, 17)","(1, 192, 8, 8)",,(,),31,37,,
"Mixed_7a.branch7x7x3_4.bn, (BatchNorm2d)",BatchNorm2d,ReductionB,"(1, 192, 8, 8)","(1, 192, 8, 8)",,(,),29,40,,
"Mixed_7a.branch7x7x3_4, (BasicConv2d)",BasicConv2d,ReductionB,"(1, 192, 17, 17)","(1, 192, 8, 8)",,(,),26,37,,
"Mixed_7a, (InceptionD)",InceptionD,ReductionB,"(1, 768, 17, 17)","(1, 1280, 8, 8)",,(,),12,22,,
"Mixed_7b.branch1x1.conv, (Conv2d)",Conv2d,InceptionC,"(1, 1280, 8, 8)","(1, 320, 8, 8)",,(,),27,33,,
"Mixed_7b.branch1x1.bn, (BatchNorm2d)",BatchNorm2d,InceptionC,"(1, 320, 8, 8)","(1, 320, 8, 8)",,(,),25,36,,
"Mixed_7b.branch1x1, (BasicConv2d)",BasicConv2d,InceptionC,"(1, 1280, 8, 8)","(1, 320, 8, 8)",,(,),22,33,,
"Mixed_7b.branch3x3_1.conv, (Conv2d)",Conv2d,InceptionC,"(1, 1280, 8, 8)","(1, 384, 8, 8)",,(,),29,35,,
"Mixed_7b.branch3x3_1.bn, (BatchNorm2d)",BatchNorm2d,InceptionC,"(1, 384, 8, 8)","(1, 384, 8, 8)",,(,),27,38,,
"Mixed_7b.branch3x3_1, (BasicConv2d)",BasicConv2d,InceptionC,"(1, 1280, 8, 8)","(1, 384, 8, 8)",,(,),24,35,,
"Mixed_7b.branch3x3_2a.conv, (Conv2d)",Conv2d,InceptionC,"(1, 384, 8, 8)","(1, 384, 8, 8)",,(,),30,36,,
"Mixed_7b.branch3x3_2a.bn, (BatchNorm2d)",BatchNorm2d,InceptionC,"(1, 384, 8, 8)","(1, 384, 8, 8)",,(,),28,39,,
"Mixed_7b.branch3x3_2a, (BasicConv2d)",BasicConv2d,InceptionC,"(1, 384, 8, 8)","(1, 384, 8, 8)",,(,),25,36,,
"Mixed_7b.branch3x3_2b.conv, (Conv2d)",Conv2d,InceptionC,"(1, 384, 8, 8)","(1, 384, 8, 8)",,(,),30,36,,
"Mixed_7b.branch3x3_2b.bn, (BatchNorm2d)",BatchNorm2d,InceptionC,"(1, 384, 8, 8)","(1, 384, 8, 8)",,(,),28,39,,
"Mixed_7b.branch3x3_2b, (BasicConv2d)",BasicConv2d,InceptionC,"(1, 384, 8, 8)","(1, 384, 8, 8)",,(,),25,36,,
"Mixed_7b.branch3x3dbl_1.conv, (Conv2d)",Conv2d,InceptionC,"(1, 1280, 8, 8)","(1, 448, 8, 8)",,(,),32,38,,
"Mixed_7b.branch3x3dbl_1.bn, (BatchNorm2d)",BatchNorm2d,InceptionC,"(1, 448, 8, 8)","(1, 448, 8, 8)",,(,),30,41,,
"Mixed_7b.branch3x3dbl_1, (BasicConv2d)",BasicConv2d,InceptionC,"(1, 1280, 8, 8)","(1, 448, 8, 8)",,(,),27,38,,
"Mixed_7b.branch3x3dbl_2.conv, (Conv2d)",Conv2d,InceptionC,"(1, 448, 8, 8)","(1, 384, 8, 8)",,(,),32,38,,
"Mixed_7b.branch3x3dbl_2.bn, (BatchNorm2d)",BatchNorm2d,InceptionC,"(1, 384, 8, 8)","(1, 384, 8, 8)",,(,),30,41,,
"Mixed_7b.branch3x3dbl_2, (BasicConv2d)",BasicConv2d,InceptionC,"(1, 448, 8, 8)","(1, 384, 8, 8)",,(,),27,38,,
"Mixed_7b.branch3x3dbl_3a.conv, (Conv2d)",Conv2d,InceptionC,"(1, 384, 8, 8)","(1, 384, 8, 8)",,(,),33,39,,
"Mixed_7b.branch3x3dbl_3a.bn, (BatchNorm2d)",BatchNorm2d,InceptionC,"(1, 384, 8, 8)","(1, 384, 8, 8)",,(,),31,42,,
"Mixed_7b.branch3x3dbl_3a, (BasicConv2d)",BasicConv2d,InceptionC,"(1, 384, 8, 8)","(1, 384, 8, 8)",,(,),28,39,,
"Mixed_7b.branch3x3dbl_3b.conv, (Conv2d)",Conv2d,InceptionC,"(1, 384, 8, 8)","(1, 384, 8, 8)",,(,),33,39,,
"Mixed_7b.branch3x3dbl_3b.bn, (BatchNorm2d)",BatchNorm2d,InceptionC,"(1, 384, 8, 8)","(1, 384, 8, 8)",,(,),31,42,,
"Mixed_7b.branch3x3dbl_3b, (BasicConv2d)",BasicConv2d,InceptionC,"(1, 384, 8, 8)","(1, 384, 8, 8)",,(,),28,39,,
"Mixed_7b.branch_pool.conv, (Conv2d)",Conv2d,InceptionC,"(1, 1280, 8, 8)","(1, 192, 8, 8)",,(,),29,35,,
"Mixed_7b.branch_pool.bn, (BatchNorm2d)",BatchNorm2d,InceptionC,"(1, 192, 8, 8)","(1, 192, 8, 8)",,(,),27,38,,
"Mixed_7b.branch_pool, (BasicConv2d)",BasicConv2d,InceptionC,"(1, 1280, 8, 8)","(1, 192, 8, 8)",,(,),24,35,,
"Mixed_7b, (InceptionE)",InceptionE,InceptionC,"(1, 1280, 8, 8)","(1, 2048, 8, 8)",,(,),12,22,,
"Mixed_7c.branch1x1.conv, (Conv2d)",Conv2d,InceptionC,"(1, 2048, 8, 8)","(1, 320, 8, 8)",,(,),27,33,,
"Mixed_7c.branch1x1.bn, (BatchNorm2d)",BatchNorm2d,InceptionC,"(1, 320, 8, 8)","(1, 320, 8, 8)",,(,),25,36,,
"Mixed_7c.branch1x1, (BasicConv2d)",BasicConv2d,InceptionC,"(1, 2048, 8, 8)","(1, 320, 8, 8)",,(,),22,33,,
"Mixed_7c.branch3x3_1.conv, (Conv2d)",Conv2d,InceptionC,"(1, 2048, 8, 8)","(1, 384, 8, 8)",,(,),29,35,,
"Mixed_7c.branch3x3_1.bn, (BatchNorm2d)",BatchNorm2d,InceptionC,"(1, 384, 8, 8)","(1, 384, 8, 8)",,(,),27,38,,
"Mixed_7c.branch3x3_1, (BasicConv2d)",BasicConv2d,InceptionC,"(1, 2048, 8, 8)","(1, 384, 8, 8)",,(,),24,35,,
"Mixed_7c.branch3x3_2a.conv, (Conv2d)",Conv2d,InceptionC,"(1, 384, 8, 8)","(1, 384, 8, 8)",,(,),30,36,,
"Mixed_7c.branch3x3_2a.bn, (BatchNorm2d)",BatchNorm2d,InceptionC,"(1, 384, 8, 8)","(1, 384, 8, 8)",,(,),28,39,,
"Mixed_7c.branch3x3_2a, (BasicConv2d)",BasicConv2d,InceptionC,"(1, 384, 8, 8)","(1, 384, 8, 8)",,(,),25,36,,
"Mixed_7c.branch3x3_2b.conv, (Conv2d)",Conv2d,InceptionC,"(1, 384, 8, 8)","(1, 384, 8, 8)",,(,),30,36,,
"Mixed_7c.branch3x3_2b.bn, (BatchNorm2d)",BatchNorm2d,InceptionC,"(1, 384, 8, 8)","(1, 384, 8, 8)",,(,),28,39,,
"Mixed_7c.branch3x3_2b, (BasicConv2d)",BasicConv2d,InceptionC,"(1, 384, 8, 8)","(1, 384, 8, 8)",,(,),25,36,,
"Mixed_7c.branch3x3dbl_1.conv, (Conv2d)",Conv2d,InceptionC,"(1, 2048, 8, 8)","(1, 448, 8, 8)",,(,),32,38,,
"Mixed_7c.branch3x3dbl_1.bn, (BatchNorm2d)",BatchNorm2d,InceptionC,"(1, 448, 8, 8)","(1, 448, 8, 8)",,(,),30,41,,
"Mixed_7c.branch3x3dbl_1, (BasicConv2d)",BasicConv2d,InceptionC,"(1, 2048, 8, 8)","(1, 448, 8, 8)",,(,),27,38,,
"Mixed_7c.branch3x3dbl_2.conv, (Conv2d)",Conv2d,InceptionC,"(1, 448, 8, 8)","(1, 384, 8, 8)",,(,),32,38,,
"Mixed_7c.branch3x3dbl_2.bn, (BatchNorm2d)",BatchNorm2d,InceptionC,"(1, 384, 8, 8)","(1, 384, 8, 8)",,(,),30,41,,
"Mixed_7c.branch3x3dbl_2, (BasicConv2d)",BasicConv2d,InceptionC,"(1, 448, 8, 8)","(1, 384, 8, 8)",,(,),27,38,,
"Mixed_7c.branch3x3dbl_3a.conv, (Conv2d)",Conv2d,InceptionC,"(1, 384, 8, 8)","(1, 384, 8, 8)",,(,),33,39,,
"Mixed_7c.branch3x3dbl_3a.bn, (BatchNorm2d)",BatchNorm2d,InceptionC,"(1, 384, 8, 8)","(1, 384, 8, 8)",,(,),31,42,,
"Mixed_7c.branch3x3dbl_3a, (BasicConv2d)",BasicConv2d,InceptionC,"(1, 384, 8, 8)","(1, 384, 8, 8)",,(,),28,39,,
"Mixed_7c.branch3x3dbl_3b.conv, (Conv2d)",Conv2d,InceptionC,"(1, 384, 8, 8)","(1, 384, 8, 8)",,(,),33,39,,
"Mixed_7c.branch3x3dbl_3b.bn, (BatchNorm2d)",BatchNorm2d,InceptionC,"(1, 384, 8, 8)","(1, 384, 8, 8)",,(,),31,42,,
"Mixed_7c.branch3x3dbl_3b, (BasicConv2d)",BasicConv2d,InceptionC,"(1, 384, 8, 8)","(1, 384, 8, 8)",,(,),28,39,,
"Mixed_7c.branch_pool.conv, (Conv2d)",Conv2d,InceptionC,"(1, 2048, 8, 8)","(1, 192, 8, 8)",,(,),29,35,,
"Mixed_7c.branch_pool.bn, (BatchNorm2d)",BatchNorm2d,InceptionC,"(1, 192, 8, 8)","(1, 192, 8, 8)",,(,),27,38,,
"Mixed_7c.branch_pool, (BasicConv2d)",BasicConv2d,InceptionC,"(1, 2048, 8, 8)","(1, 192, 8, 8)",,(,),24,35,,
"Mixed_7c, (InceptionE)",InceptionE,InceptionC,"(1, 2048, 8, 8)","(1, 2048, 8, 8)",,(,),12,22,,
"avgpool, (AdaptiveAvgPool2d)",AdaptiveAvgPool2d,Classifier,"(1, 2048, 8, 8)","(1, 2048, 1, 1)",,(,),11,28,,
"dropout, (Dropout)",Dropout,Classifier,"(1, 2048, 1, 1)","(1, 2048, 1, 1)",,(,),11,18,,
"fc, (Linear)",Linear,Classifier,"(1, 2048)","(1, 3)",,(,),6,12,,
